bookId,学段,学科,年级,册次,版本,教材标题,封面本地路径,下载成功
bdc00134-465d-454b-a541-dcd0cec4d86e,小学,道德与法治,一年级,上册,统编版,（根据2022年版课程标准修订）义务教育教科书·道德与法治一年级上册,output\教材封面\bd\bdc00134-465d-454b-a541-dcd0cec4d86e.jpg,True
1e04e52e-41df-4689-b12a-f3b7315a4243,小学,道德与法治,一年级,下册,统编版,（根据2022年版课程标准修订）义务教育教科书·道德与法治一年级下册,output\教材封面\1e\1e04e52e-41df-4689-b12a-f3b7315a4243.jpg,True
cfdc0cbb-d23a-4b1d-ab28-a4d59b991dc6,小学,道德与法治,二年级,上册,统编版,（根据2022年版课程标准修订）义务教育教科书·道德与法治二年级上册,output\教材封面\cf\cfdc0cbb-d23a-4b1d-ab28-a4d59b991dc6.jpg,True
9d7e48c5-1d0c-4bad-99b6-d30f6f6d5d07,小学,道德与法治,二年级,下册,统编版,（根据2022年版课程标准修订）义务教育教科书·道德与法治二年级下册,output\教材封面\9d\9d7e48c5-1d0c-4bad-99b6-d30f6f6d5d07.jpg,True
87b8e557-b0b8-4456-ab8d-9d48bbdf302c,小学,道德与法治,三年级,上册,统编版,（根据2022年版课程标准修订）义务教育教科书·道德与法治三年级上册,output\教材封面\87\87b8e557-b0b8-4456-ab8d-9d48bbdf302c.jpg,True
298c4008-cc8e-4ab4-ba45-a52c346e7a26,小学,道德与法治,三年级,下册,统编版,（根据2022年版课程标准修订）义务教育教科书·道德与法治三年级下册,output\教材封面\29\298c4008-cc8e-4ab4-ba45-a52c346e7a26.jpg,True
d0b4fc66-7de6-4e81-b965-7cc6f34a48be,小学,道德与法治,四年级,上册,统编版,义务教育教科书·道德与法治四年级上册,output\教材封面\d0\d0b4fc66-7de6-4e81-b965-7cc6f34a48be.jpg,True
2e9e59bd-c983-46e2-ad5d-4840ea0a0f5a,小学,道德与法治,四年级,下册,统编版,义务教育教科书·道德与法治四年级下册,output\教材封面\2e\2e9e59bd-c983-46e2-ad5d-4840ea0a0f5a.jpg,True
5f380546-7207-4ac7-b3e0-1f66dc9fd575,小学,道德与法治,五年级,上册,统编版,义务教育教科书·道德与法治五年级上册,output\教材封面\5f\5f380546-7207-4ac7-b3e0-1f66dc9fd575.jpg,True
b0d10d30-4837-452d-9221-599f230d237e,小学,道德与法治,五年级,下册,统编版,义务教育教科书·道德与法治五年级下册,output\教材封面\b0\b0d10d30-4837-452d-9221-599f230d237e.jpg,True
c6ce4c92-b125-48cb-9b5b-4d336f28f242,小学,道德与法治,六年级,上册,统编版,义务教育教科书·道德与法治六年级上册,output\教材封面\c6\c6ce4c92-b125-48cb-9b5b-4d336f28f242.jpg,True
4c7f4f5d-ff5a-47db-98be-92d38009172a,小学,道德与法治,六年级,下册,统编版,义务教育教科书·道德与法治六年级下册,output\教材封面\4c\4c7f4f5d-ff5a-47db-98be-92d38009172a.jpg,True
34cf9a26-a2c3-4b4c-9a45-3d3999d5e072,小学,道德与法治,学生读本,学生读本（小学高年级）,统编版,习近平新时代中国特色社会主义思想学生读本·小学高年级,output\教材封面\34\34cf9a26-a2c3-4b4c-9a45-3d3999d5e072.jpg,True
4e249fec-bc76-4efa-94dc-64117a8e662b,小学,道德与法治,学生读本,学生读本（小学低年级）,统编版,习近平新时代中国特色社会主义思想学生读本·小学低年级,output\教材封面\4e\4e249fec-bc76-4efa-94dc-64117a8e662b.jpg,True
1c73b348-e8b6-47d6-84b0-6dbacbe28268,小学,语文,一年级,上册,统编版,（根据2022年版课程标准修订）义务教育教科书·语文一年级上册,output\教材封面\1c\1c73b348-e8b6-47d6-84b0-6dbacbe28268.jpg,True
b87e153f-a64c-451a-aa6c-6ed9ac7d6821,小学,语文,一年级,下册,统编版,（根据2022年版课程标准修订）义务教育教科书·语文一年级下册,output\教材封面\b8\b87e153f-a64c-451a-aa6c-6ed9ac7d6821.jpg,True
2ce8f153-7bff-4c97-b6db-9aac414fea19,小学,语文,二年级,上册,统编版,（根据2022年版课程标准修订）义务教育教科书·语文二年级上册,output\教材封面\2c\2ce8f153-7bff-4c97-b6db-9aac414fea19.jpg,True
0f93b83e-b3c2-4a5d-8acd-ea460ab962d4,小学,语文,二年级,下册,统编版,（根据2022年版课程标准修订）义务教育教科书·语文二年级下册,output\教材封面\0f\0f93b83e-b3c2-4a5d-8acd-ea460ab962d4.jpg,True
837f368e-fd4e-404a-ae3f-342d75bc0227,小学,语文,三年级,上册,统编版,（根据2022年版课程标准修订）义务教育教科书·语文三年级上册,output\教材封面\83\837f368e-fd4e-404a-ae3f-342d75bc0227.jpg,True
8e107655-5128-451f-84e5-d158725c537b,小学,语文,三年级,下册,统编版,（根据2022年版课程标准修订）义务教育教科书·语文三年级下册,output\教材封面\8e\8e107655-5128-451f-84e5-d158725c537b.jpg,True
5cd7e623-5c38-4602-871a-3fba8a551db2,小学,语文,四年级,上册,统编版,义务教育教科书·语文四年级上册,output\教材封面\5c\5cd7e623-5c38-4602-871a-3fba8a551db2.jpg,True
53d6315e-5f90-42c4-904f-2d4e95fe99ed,小学,语文,四年级,下册,统编版,义务教育教科书·语文四年级下册,output\教材封面\53\53d6315e-5f90-42c4-904f-2d4e95fe99ed.jpg,True
aabf2e4a-3ceb-4e86-8804-22c10223cc57,小学,语文,五年级,上册,统编版,义务教育教科书·语文五年级上册,output\教材封面\aa\aabf2e4a-3ceb-4e86-8804-22c10223cc57.jpg,True
98172dc9-8fba-4da6-9fae-6a3d1166f038,小学,语文,五年级,下册,统编版,义务教育教科书·语文五年级下册,output\教材封面\98\98172dc9-8fba-4da6-9fae-6a3d1166f038.jpg,True
2e3dc199-9c42-486b-bbee-7731bd0ee227,小学,语文,六年级,上册,统编版,义务教育教科书·语文六年级上册,output\教材封面\2e\2e3dc199-9c42-486b-bbee-7731bd0ee227.jpg,True
06422d77-21f1-45c3-b409-fa2947eee424,小学,语文,六年级,下册,统编版,义务教育教科书·语文六年级下册,output\教材封面\06\06422d77-21f1-45c3-b409-fa2947eee424.jpg,True
c3e06fe4-c6b3-49cb-8727-4f8ff69bbfbc,小学,数学,一年级,上册,人教版,（根据2022年版课程标准修订）义务教育教科书 · 数学一年级上册,output\教材封面\c3\c3e06fe4-c6b3-49cb-8727-4f8ff69bbfbc.jpg,True
8cfc5a2a-425c-4b9a-a97c-e78d4a4c1e3a,小学,数学,二年级,上册,人教版,（根据2022年版课程标准修订）义务教育教科书 · 数学二年级上册,output\教材封面\8c\8cfc5a2a-425c-4b9a-a97c-e78d4a4c1e3a.jpg,True
33c8d495-9862-4e19-aab9-61d2af08608a,小学,数学,三年级,上册,人教版,（根据2022年版课程标准修订）义务教育教科书 · 数学三年级上册,output\教材封面\33\33c8d495-9862-4e19-aab9-61d2af08608a.jpg,True
654e3d1e-c995-4340-81c5-abd7881d835b,小学,数学,四年级,上册,人教版,义务教育教科书 · 数学四年级上册,output\教材封面\65\654e3d1e-c995-4340-81c5-abd7881d835b.jpg,True
d0d6252f-2233-4f66-9ac9-440638d56fec,小学,数学,五年级,上册,人教版,义务教育教科书 · 数学五年级上册,output\教材封面\d0\d0d6252f-2233-4f66-9ac9-440638d56fec.jpg,True
845136d4-e27b-4e7e-b9a9-00cadf4f9e20,小学,数学,六年级,上册,人教版,义务教育教科书 · 数学六年级上册,output\教材封面\84\845136d4-e27b-4e7e-b9a9-00cadf4f9e20.jpg,True
7b435b01-7a16-4b72-8b38-653fe9eb94ae,小学,数学,一年级,上册,北京版,（根据2022年版课程标准修订）义务教育教科书•数学一年级上册,output\教材封面\7b\7b435b01-7a16-4b72-8b38-653fe9eb94ae.jpg,True
fcb591d2-ba58-4e82-80db-c104da90e275,小学,数学,一年级,下册,北京版,（根据2022年版课程标准修订）义务教育教科书·数学一年级下册,output\教材封面\fc\fcb591d2-ba58-4e82-80db-c104da90e275.jpg,True
d2295f31-7938-4be3-87ea-d052ec77341b,小学,数学,二年级,上册,北京版,（根据2022年版课程标准修订）义务教育教科书•数学二年级上册,output\教材封面\d2\d2295f31-7938-4be3-87ea-d052ec77341b.jpg,True
b70ca861-8b08-4f0f-8fd8-aee11c42727f,小学,数学,二年级,下册,北京版,（根据2022年版课程标准修订）义务教育教科书·数学二年级下册,output\教材封面\b7\b70ca861-8b08-4f0f-8fd8-aee11c42727f.jpg,True
09bc5d13-3b26-4448-a0ba-d95ea8b893a8,小学,数学,三年级,上册,北京版,（根据2022年版课程标准修订）义务教育教科书•数学三年级上册,output\教材封面\09\09bc5d13-3b26-4448-a0ba-d95ea8b893a8.jpg,True
18d9a56e-8dfe-4770-b058-2350d303a20b,小学,数学,三年级,下册,北京版,（根据2022年版课程标准修订）义务教育教科书·数学三年级下册,output\教材封面\18\18d9a56e-8dfe-4770-b058-2350d303a20b.jpg,True
65f743d1-40c4-4654-8fc9-7ae458c841cb,小学,数学,四年级,上册,北京版,义务教育教科书·数学四年级上册,output\教材封面\65\65f743d1-40c4-4654-8fc9-7ae458c841cb.jpg,True
b033e40e-3e39-4ea6-91e0-b5b267fa6e25,小学,数学,四年级,下册,北京版,义务教育教科书·数学四年级下册,output\教材封面\b0\b033e40e-3e39-4ea6-91e0-b5b267fa6e25.jpg,True
9a5120d1-ce55-4649-a01b-030d1dcc38d6,小学,数学,五年级,上册,北京版,义务教育教科书·数学五年级上册,output\教材封面\9a\9a5120d1-ce55-4649-a01b-030d1dcc38d6.jpg,True
5514a06c-772f-4923-92f5-738c6ab01afb,小学,数学,五年级,下册,北京版,义务教育教科书·数学五年级下册,output\教材封面\55\5514a06c-772f-4923-92f5-738c6ab01afb.jpg,True
a19ce1ec-8cf9-4b30-b0cf-8fe05b561e3e,小学,数学,六年级,上册,北京版,义务教育教科书·数学六年级上册,output\教材封面\a1\a19ce1ec-8cf9-4b30-b0cf-8fe05b561e3e.jpg,True
876be786-adea-4f7e-9245-beb1774b84b6,小学,数学,六年级,下册,北京版,义务教育教科书·数学六年级下册,output\教材封面\87\876be786-adea-4f7e-9245-beb1774b84b6.jpg,True
e9a3cef0-a95c-4ad6-93c2-eb0aaadc8891,小学,数学,一年级,上册,北师大版,（根据2022年版课程标准修订）义务教育教科书•数学一年级上册,output\教材封面\e9\e9a3cef0-a95c-4ad6-93c2-eb0aaadc8891.jpg,True
83939ed0-3a79-417b-b3b5-17e12c280263,小学,数学,一年级,下册,北师大版,（根据2022年版课程标准修订）义务教育教科书·数学一年级下册,output\教材封面\83\83939ed0-3a79-417b-b3b5-17e12c280263.jpg,True
958f88db-49ad-45d3-aa3f-e7245e8e6650,小学,数学,二年级,上册,北师大版,（根据2022年版课程标准修订）义务教育教科书•数学二年级上册,output\教材封面\95\958f88db-49ad-45d3-aa3f-e7245e8e6650.jpg,True
874c5b49-2843-4a5f-9a43-9b870c73fb61,小学,数学,二年级,下册,北师大版,（根据2022年版课程标准修订）义务教育教科书·数学二年级下册,output\教材封面\87\874c5b49-2843-4a5f-9a43-9b870c73fb61.jpg,True
66e175c4-e1a7-4d09-b9d3-36865b91ff39,小学,数学,三年级,上册,北师大版,（根据2022年版课程标准修订）义务教育教科书•数学三年级上册,output\教材封面\66\66e175c4-e1a7-4d09-b9d3-36865b91ff39.jpg,True
83ac3d84-ba3a-4672-ac43-09dbc81c4769,小学,数学,三年级,下册,北师大版,（根据2022年版课程标准修订）义务教育教科书·数学三年级下册,output\教材封面\83\83ac3d84-ba3a-4672-ac43-09dbc81c4769.jpg,True
ed7a0403-f6d3-47f1-8680-7a5faefe70a8,小学,数学,四年级,上册,北师大版,义务教育教科书·数学四年级上册,output\教材封面\ed\ed7a0403-f6d3-47f1-8680-7a5faefe70a8.jpg,True
9fbeead2-f321-48ee-a184-d2d5ea15c5d1,小学,数学,四年级,下册,北师大版,义务教育教科书·数学四年级下册,output\教材封面\9f\9fbeead2-f321-48ee-a184-d2d5ea15c5d1.jpg,True
760cbab5-6fe6-4037-8826-d78727f7f39f,小学,数学,五年级,上册,北师大版,义务教育教科书·数学五年级上册,output\教材封面\76\760cbab5-6fe6-4037-8826-d78727f7f39f.jpg,True
0cfca9aa-6235-4213-aa84-906d7ea67b0a,小学,数学,五年级,下册,北师大版,义务教育教科书·数学五年级下册,output\教材封面\0c\0cfca9aa-6235-4213-aa84-906d7ea67b0a.jpg,True
45fe27cf-8cb3-4670-8397-a482731412fc,小学,数学,六年级,上册,北师大版,义务教育教科书·数学六年级上册,output\教材封面\45\45fe27cf-8cb3-4670-8397-a482731412fc.jpg,True
d346ef5a-9c46-40c0-ad12-069479115825,小学,数学,六年级,下册,北师大版,义务教育教科书·数学六年级下册,output\教材封面\d3\d346ef5a-9c46-40c0-ad12-069479115825.jpg,True
dc10c400-3f13-4856-867d-87659e985049,小学,数学,一年级,上册,冀教版,（根据2022年版课程标准修订）义务教育教科书•数学一年级上册,output\教材封面\dc\dc10c400-3f13-4856-867d-87659e985049.jpg,True
d81f9c58-1e8e-47db-87e5-6ebff77e18e2,小学,数学,一年级,下册,冀教版,（根据2022年版课程标准修订）义务教育教科书·数学一年级下册,output\教材封面\d8\d81f9c58-1e8e-47db-87e5-6ebff77e18e2.jpg,True
8f7a0e3f-eca0-445a-a5db-7b4981d5acd4,小学,数学,二年级,上册,冀教版,（根据2022年版课程标准修订）义务教育教科书•数学二年级上册,output\教材封面\8f\8f7a0e3f-eca0-445a-a5db-7b4981d5acd4.jpg,True
b177c707-3c24-4190-866a-1259209a28d1,小学,数学,二年级,下册,冀教版,（根据2022年版课程标准修订）义务教育教科书·数学二年级下册,output\教材封面\b1\b177c707-3c24-4190-866a-1259209a28d1.jpg,True
b74494d2-c132-4897-a9a1-bb6a4c04e664,小学,数学,三年级,上册,冀教版,（根据2022年版课程标准修订）义务教育教科书•数学三年级上册,output\教材封面\b7\b74494d2-c132-4897-a9a1-bb6a4c04e664.jpg,True
1a7e201b-1ba9-43f2-9289-4126ccd818c3,小学,数学,三年级,下册,冀教版,（根据2022年版课程标准修订）义务教育教科书·数学三年级下册,output\教材封面\1a\1a7e201b-1ba9-43f2-9289-4126ccd818c3.jpg,True
cec9d1c2-f4d0-4f73-a971-66f03259f894,小学,数学,四年级,上册,冀教版,义务教育教科书·数学四年级上册,output\教材封面\ce\cec9d1c2-f4d0-4f73-a971-66f03259f894.jpg,True
3e5626c3-d58f-4d72-a289-58d503ee8f15,小学,数学,四年级,下册,冀教版,义务教育教科书·数学四年级下册,output\教材封面\3e\3e5626c3-d58f-4d72-a289-58d503ee8f15.jpg,True
359bf8fb-c7fe-425f-a070-c5b6def6e5d8,小学,数学,五年级,上册,冀教版,义务教育教科书·数学五年级上册,output\教材封面\35\359bf8fb-c7fe-425f-a070-c5b6def6e5d8.jpg,True
b1debf81-3263-4320-837e-b11cec5b0c3d,小学,数学,五年级,下册,冀教版,义务教育教科书·数学五年级下册,output\教材封面\b1\b1debf81-3263-4320-837e-b11cec5b0c3d.jpg,True
3ee210a5-1077-4208-bd6f-677536597f27,小学,数学,六年级,上册,冀教版,义务教育教科书·数学六年级上册,output\教材封面\3e\3ee210a5-1077-4208-bd6f-677536597f27.jpg,True
eeffa796-f99c-4223-89c4-0e07eba4be60,小学,数学,六年级,下册,冀教版,义务教育教科书·数学六年级下册,output\教材封面\ee\eeffa796-f99c-4223-89c4-0e07eba4be60.jpg,True
932af069-bc0a-41b7-aa94-1eaff1c99323,小学,数学,一年级,上册,苏教版,（根据2022年版课程标准修订）义务教育教科书•数学一年级上册,output\教材封面\93\932af069-bc0a-41b7-aa94-1eaff1c99323.jpg,True
e62ac75c-971b-4487-bbb3-ba6b5014172b,小学,数学,一年级,下册,苏教版,（根据2022年版课程标准修订）义务教育教科书·数学一年级下册,output\教材封面\e6\e62ac75c-971b-4487-bbb3-ba6b5014172b.jpg,True
d9874022-3a12-40d0-88be-db1692079535,小学,数学,二年级,上册,苏教版,（根据2022年版课程标准修订）义务教育教科书•数学二年级上册,output\教材封面\d9\d9874022-3a12-40d0-88be-db1692079535.jpg,True
da861684-c034-4000-973d-d3f26120bdfd,小学,数学,二年级,下册,苏教版,（根据2022年版课程标准修订）义务教育教科书·数学二年级下册,output\教材封面\da\da861684-c034-4000-973d-d3f26120bdfd.jpg,True
c0cc18a9-e27d-40ab-96dd-b9236e19080c,小学,数学,三年级,上册,苏教版,（根据2022年版课程标准修订）义务教育教科书•数学三年级上册,output\教材封面\c0\c0cc18a9-e27d-40ab-96dd-b9236e19080c.jpg,True
5f8e164a-5510-466f-b58b-4728edd09eb2,小学,数学,三年级,下册,苏教版,（根据2022年版课程标准修订）义务教育教科书·数学三年级下册,output\教材封面\5f\5f8e164a-5510-466f-b58b-4728edd09eb2.jpg,True
07c75bda-7fff-4c4b-a271-9be638af37de,小学,数学,四年级,上册,苏教版,义务教育教科书·数学四年级上册,output\教材封面\07\07c75bda-7fff-4c4b-a271-9be638af37de.jpg,True
27458ba8-dbf1-4860-a6cc-a0571756292d,小学,数学,四年级,下册,苏教版,义务教育教科书·数学四年级下册,output\教材封面\27\27458ba8-dbf1-4860-a6cc-a0571756292d.jpg,True
92406f69-3b1b-404a-82c8-95adecae875f,小学,数学,五年级,上册,苏教版,义务教育教科书·数学五年级上册,output\教材封面\92\92406f69-3b1b-404a-82c8-95adecae875f.jpg,True
14d4c93e-0a6a-4e2f-8b7a-24f0be4c64fc,小学,数学,五年级,下册,苏教版,义务教育教科书·数学五年级下册,output\教材封面\14\14d4c93e-0a6a-4e2f-8b7a-24f0be4c64fc.jpg,True
b75ce244-1cf7-4ae7-b256-c6036e4d83e5,小学,数学,六年级,上册,苏教版,义务教育教科书·数学六年级上册,output\教材封面\b7\b75ce244-1cf7-4ae7-b256-c6036e4d83e5.jpg,True
5ed4f298-793d-4502-a4e3-f53bbf493deb,小学,数学,六年级,下册,苏教版,义务教育教科书·数学六年级下册,output\教材封面\5e\5ed4f298-793d-4502-a4e3-f53bbf493deb.jpg,True
b26657ba-65dc-4876-9db9-319dcaadbd7f,小学,数学,一年级,上册,青岛版,（根据2022年版课程标准修订）义务教育教科书·数学一年级上册,output\教材封面\b2\b26657ba-65dc-4876-9db9-319dcaadbd7f.jpg,True
0e2e4d56-6627-4263-9c64-45dcf5d3cb8c,小学,数学,一年级,下册,青岛版,（根据2022年版课程标准修订）义务教育教科书·数学一年级下册,output\教材封面\0e\0e2e4d56-6627-4263-9c64-45dcf5d3cb8c.jpg,True
411b72de-8888-4d7d-9fe8-bdfff4ee301f,小学,数学,二年级,上册,青岛版,（根据2022年版课程标准修订）义务教育教科书·数学二年级上册,output\教材封面\41\411b72de-8888-4d7d-9fe8-bdfff4ee301f.jpg,True
2f618ba7-365e-458b-9d55-5ab60273aa41,小学,数学,二年级,下册,青岛版,（根据2022年版课程标准修订）义务教育教科书·数学二年级下册,output\教材封面\2f\2f618ba7-365e-458b-9d55-5ab60273aa41.jpg,True
a00c0062-0e02-4479-ae8a-bea60d55b816,小学,数学,三年级,上册,青岛版,（根据2022年版课程标准修订）义务教育教科书·数学三年级上册,output\教材封面\a0\a00c0062-0e02-4479-ae8a-bea60d55b816.jpg,True
f429e31d-43ee-4e4f-bfc0-cae1662805da,小学,数学,三年级,下册,青岛版,（根据2022年版课程标准修订）义务教育教科书·数学三年级下册,output\教材封面\f4\f429e31d-43ee-4e4f-bfc0-cae1662805da.jpg,True
b7aa52b3-4dd7-4566-8033-ddd0000b43d8,小学,数学,四年级,上册,青岛版,义务教育教科书·数学四年级上册,output\教材封面\b7\b7aa52b3-4dd7-4566-8033-ddd0000b43d8.jpg,True
b63cbc17-2e45-4e49-87f4-cedd218de9ca,小学,数学,四年级,下册,青岛版,义务教育教科书·数学四年级下册,output\教材封面\b6\b63cbc17-2e45-4e49-87f4-cedd218de9ca.jpg,True
6e43f20b-060a-4961-88ce-883644994290,小学,数学,五年级,上册,青岛版,义务教育教科书·数学五年级上册,output\教材封面\6e\6e43f20b-060a-4961-88ce-883644994290.jpg,True
07bb2a41-75c2-444f-91c0-5ad9f54b4df4,小学,数学,五年级,下册,青岛版,义务教育教科书·数学五年级下册,output\教材封面\07\07bb2a41-75c2-444f-91c0-5ad9f54b4df4.jpg,True
51c24965-0510-43d3-a570-eca7b64e0fea,小学,数学,六年级,上册,青岛版,义务教育教科书·数学六年级上册,output\教材封面\51\51c24965-0510-43d3-a570-eca7b64e0fea.jpg,True
5f43de2d-fe3a-41b6-a179-910180aab047,小学,数学,六年级,下册,青岛版,义务教育教科书·数学六年级下册,output\教材封面\5f\5f43de2d-fe3a-41b6-a179-910180aab047.jpg,True
5bd0a1a5-4465-48f7-ac81-825b4b941eea,小学,英语,三年级,下册,北京版,（根据2022年版课程标准修订）义务教育教科书·英语三年级下册,output\教材封面\5b\5bd0a1a5-4465-48f7-ac81-825b4b941eea.jpg,True
007b33ae-8a3b-46a2-a0af-f87a81f58bcb,小学,英语,四年级,上册,北京版,（根据2022年版课程标准修订）义务教育教科书·英语 四年级上册,output\教材封面\00\007b33ae-8a3b-46a2-a0af-f87a81f58bcb.jpg,True
d81a9920-1ce0-4e99-9217-e68b1f9de9ec,小学,英语,四年级,下册,北京版,（根据2022年版课程标准修订）义务教育教科书·英语 四年级下册,output\教材封面\d8\d81a9920-1ce0-4e99-9217-e68b1f9de9ec.jpg,True
0303db18-107f-4695-abb5-e55521a88a77,小学,英语,五年级,上册,北京版,（根据2022年版课程标准修订）义务教育教科书·英语 五年级上册,output\教材封面\03\0303db18-107f-4695-abb5-e55521a88a77.jpg,True
a6789af4-f728-4dab-85f2-1b50661ea8ea,小学,英语,五年级,下册,北京版,（根据2022年版课程标准修订）义务教育教科书·英语 五年级下册,output\教材封面\a6\a6789af4-f728-4dab-85f2-1b50661ea8ea.jpg,True
899e51ef-9692-440a-bba8-a1aacdec0584,小学,英语,六年级,上册,北京版,义务教育教科书·英语（一年级起点）六年级上册,output\教材封面\89\899e51ef-9692-440a-bba8-a1aacdec0584.jpg,True
4f559402-173b-4e30-8dd9-34c180ef9409,小学,英语,六年级,下册,北京版,义务教育教科书·英语（一年级起点）六年级下册,output\教材封面\4f\4f559402-173b-4e30-8dd9-34c180ef9409.jpg,True
d580ae4f-d167-44ae-bd33-c842b3f0abf8,小学,英语,三年级,下册,北师大版,（根据2022年版课程标准修订）义务教育教科书·英语三年级下册,output\教材封面\d5\d580ae4f-d167-44ae-bd33-c842b3f0abf8.jpg,True
ac9053fd-ac1e-4aad-ad21-90e69779ec69,小学,英语,四年级,上册,北师大版,（根据2022年版课程标准修订）义务教育教科书 英语 四年级上册,output\教材封面\ac\ac9053fd-ac1e-4aad-ad21-90e69779ec69.jpg,True
6b109156-89f6-4e9d-8a73-e429f7987df5,小学,英语,四年级,下册,北师大版,（根据2022年版课程标准修订）义务教育教科书 英语 四年级下册,output\教材封面\6b\6b109156-89f6-4e9d-8a73-e429f7987df5.jpg,True
acc12d6c-7996-4a76-8d42-cb20b3749496,小学,英语,五年级,上册,北师大版,义务教育教科书·英语（三年级起点）五年级上册,output\教材封面\ac\acc12d6c-7996-4a76-8d42-cb20b3749496.jpg,True
414c33cd-2d9d-48bc-a25b-c705a1482730,小学,英语,五年级,下册,北师大版,义务教育教科书·英语（三年级起点）五年级下册,output\教材封面\41\414c33cd-2d9d-48bc-a25b-c705a1482730.jpg,True
50ca9a33-30da-45b2-9a71-f969817b2974,小学,英语,六年级,上册,北师大版,义务教育教科书·英语（三年级起点）六年级上册,output\教材封面\50\50ca9a33-30da-45b2-9a71-f969817b2974.jpg,True
997f42d2-9de3-4c33-9eb0-d841ff277bac,小学,英语,六年级,下册,北师大版,义务教育教科书·英语（三年级起点）六年级下册,output\教材封面\99\997f42d2-9de3-4c33-9eb0-d841ff277bac.jpg,True
608a082c-7890-42b2-97ac-e9658c483487,小学,英语,三年级,下册,重庆大学版,（根据2022年版课程标准修订）义务教育教科书·英语三年级下册,output\教材封面\60\608a082c-7890-42b2-97ac-e9658c483487.jpg,True
10ef916f-7be0-4a8f-bc8f-8c0e8db7c75c,小学,英语,四年级,上册,重庆大学版,（根据2022年版课程标准修订）义务教育教科书•英语 四年级上册,output\教材封面\10\10ef916f-7be0-4a8f-bc8f-8c0e8db7c75c.jpg,True
2eb33fc0-cdb3-4af5-882e-5be442705602,小学,英语,四年级,下册,重庆大学版,（根据2022年版课程标准修订）义务教育教科书•英语 四年级下册,output\教材封面\2e\2eb33fc0-cdb3-4af5-882e-5be442705602.jpg,True
1284d81b-3412-4378-a733-0816ea3847c7,小学,英语,五年级,上册,重庆大学版,义务教育教科书·英语（三年级起点）五年级上册,output\教材封面\12\1284d81b-3412-4378-a733-0816ea3847c7.jpg,True
d3c56707-99a6-4a39-b7c9-71caac1df6c1,小学,英语,五年级,下册,重庆大学版,义务教育教科书·英语（三年级起点）五年级下册,output\教材封面\d3\d3c56707-99a6-4a39-b7c9-71caac1df6c1.jpg,True
9132e694-e555-4811-be20-f12e8988a408,小学,英语,六年级,上册,重庆大学版,义务教育教科书·英语（三年级起点）六年级上册,output\教材封面\91\9132e694-e555-4811-be20-f12e8988a408.jpg,True
7c7234b9-73e0-456d-a2b0-3219c4ede9ab,小学,英语,六年级,下册,重庆大学版,义务教育教科书·英语（三年级起点）六年级下册,output\教材封面\7c\7c7234b9-73e0-456d-a2b0-3219c4ede9ab.jpg,True
734487e6-3959-45c3-b03d-65dd80ec2292,小学,英语,三年级,下册,闽教版,（根据2022年版课程标准修订）义务教育教科书·英语三年级下册,output\教材封面\73\734487e6-3959-45c3-b03d-65dd80ec2292.jpg,True
03f15d9f-6ad1-4c83-a523-de5584b9ee77,小学,英语,四年级,上册,闽教版,（根据2022年版课程标准修订）义务教育教科书•英语 四年级上册,output\教材封面\03\03f15d9f-6ad1-4c83-a523-de5584b9ee77.jpg,True
83e1a7f0-a0bf-4663-9cb0-ca5de49a2409,小学,英语,四年级,下册,闽教版,（根据2022年版课程标准修订）义务教育教科书•英语 四年级下册,output\教材封面\83\83e1a7f0-a0bf-4663-9cb0-ca5de49a2409.jpg,True
f27b9831-dcc0-49ed-be3b-622f67c63054,小学,英语,五年级,上册,闽教版,义务教育教科书·英语（三年级起点）五年级上册,output\教材封面\f2\f27b9831-dcc0-49ed-be3b-622f67c63054.jpg,True
48f56576-189c-485a-9f58-75470cd57cd9,小学,英语,五年级,下册,闽教版,义务教育教科书·英语（三年级起点）五年级下册,output\教材封面\48\48f56576-189c-485a-9f58-75470cd57cd9.jpg,True
5c3e8e27-7815-4b0b-afba-03f3560d3c19,小学,英语,六年级,上册,闽教版,义务教育教科书·英语（三年级起点）六年级上册,output\教材封面\5c\5c3e8e27-7815-4b0b-afba-03f3560d3c19.jpg,True
4037fd57-e8f0-4bfc-a873-898ed20f6266,小学,英语,六年级,下册,闽教版,义务教育教科书·英语（三年级起点）六年级下册,output\教材封面\40\4037fd57-e8f0-4bfc-a873-898ed20f6266.jpg,True
77b17524-9682-4f9e-b1b1-6f15deea9649,小学,英语,三年级,下册,粤教沪外教版,（根据2022年版课程标准修订）义务教育教科书·英语三年级下册,output\教材封面\77\77b17524-9682-4f9e-b1b1-6f15deea9649.jpg,True
8b9cd4ad-24b8-491d-ba0f-19bf6243ada3,小学,英语,四年级,上册,粤教粤人版,义务教育教科书·英语（三年级起点）四年级上册,output\教材封面\8b\8b9cd4ad-24b8-491d-ba0f-19bf6243ada3.jpg,True
f698a712-4bfa-4b72-abe5-2b27aa377550,小学,英语,四年级,下册,粤教粤人版,义务教育教科书·英语（三年级起点）四年级下册,output\教材封面\f6\f698a712-4bfa-4b72-abe5-2b27aa377550.jpg,True
3f6a2dcc-267b-4284-b0e5-c1ce288e6719,小学,英语,五年级,上册,粤教粤人版,义务教育教科书·英语（三年级起点）五年级上册,output\教材封面\3f\3f6a2dcc-267b-4284-b0e5-c1ce288e6719.jpg,True
52fa4791-b3f0-4db2-9f48-15fe9e229200,小学,英语,五年级,下册,粤教粤人版,义务教育教科书·英语（三年级起点）五年级下册,output\教材封面\52\52fa4791-b3f0-4db2-9f48-15fe9e229200.jpg,True
37489828-9e9c-4d1b-a8ab-8b9761be058f,小学,英语,六年级,上册,粤教粤人版,义务教育教科书·英语（三年级起点）六年级上册,output\教材封面\37\37489828-9e9c-4d1b-a8ab-8b9761be058f.jpg,True
e2460988-f645-4b29-8fe6-6ee30a60d233,小学,英语,六年级,下册,粤教粤人版,义务教育教科书·英语（三年级起点）六年级下册,output\教材封面\e2\e2460988-f645-4b29-8fe6-6ee30a60d233.jpg,True
d760eb59-c46a-4169-bfc1-558338affe57,小学,英语,四年级,上册,冀教版（一年级起点）,义务教育教科书·英语（一年级起点）四年级上册,output\教材封面\d7\d760eb59-c46a-4169-bfc1-558338affe57.jpg,True
fa6a1a9d-c457-4eb6-afa8-3d16f8f977f3,小学,英语,四年级,下册,冀教版（一年级起点）,义务教育教科书·英语（一年级起点）四年级下册,output\教材封面\fa\fa6a1a9d-c457-4eb6-afa8-3d16f8f977f3.jpg,True
ec36441a-2d49-457c-bbef-1053dee86589,小学,英语,五年级,上册,冀教版（一年级起点）,义务教育教科书·英语（一年级起点）五年级上册,output\教材封面\ec\ec36441a-2d49-457c-bbef-1053dee86589.jpg,True
40f5c31c-7c8d-4cb1-ab15-f56c238071ff,小学,英语,五年级,下册,冀教版（一年级起点）,义务教育教科书·英语（一年级起点）五年级下册,output\教材封面\40\40f5c31c-7c8d-4cb1-ab15-f56c238071ff.jpg,True
d6769ff8-c14b-4069-8db0-c11eabb9e4c5,小学,英语,六年级,上册,冀教版（一年级起点）,义务教育教科书·英语（一年级起点）六年级上册,output\教材封面\d6\d6769ff8-c14b-4069-8db0-c11eabb9e4c5.jpg,True
ebdf2e22-1f21-4ca7-8a99-c9de54bd7f44,小学,英语,六年级,下册,冀教版（一年级起点）,义务教育教科书·英语（一年级起点）六年级下册,output\教材封面\eb\ebdf2e22-1f21-4ca7-8a99-c9de54bd7f44.jpg,True
33b0860c-a364-4c17-8ed6-47b5b95a7af3,小学,英语,三年级,下册,冀教版,（根据2022年版课程标准修订）义务教育教科书·英语三年级下册,output\教材封面\33\33b0860c-a364-4c17-8ed6-47b5b95a7af3.jpg,True
cf83ee9b-9efd-4c54-af1c-024a80381c91,小学,英语,四年级,上册,冀教版,（根据2022年版课程标准修订）义务教育教科书·英语 四年级上册,output\教材封面\cf\cf83ee9b-9efd-4c54-af1c-024a80381c91.jpg,True
ae984a15-7120-4277-8764-5cb94ef9c854,小学,英语,四年级,下册,冀教版,（根据2022年版课程标准修订）义务教育教科书·英语 四年级下册,output\教材封面\ae\ae984a15-7120-4277-8764-5cb94ef9c854.jpg,True
6851aa62-4e83-4008-a8ea-c9d2c61bef9f,小学,英语,五年级,上册,冀教版,义务教育教科书·英语（三年级起点）五年级上册,output\教材封面\68\6851aa62-4e83-4008-a8ea-c9d2c61bef9f.jpg,True
d2c98c54-d546-4014-8139-7b90f992e839,小学,英语,五年级,下册,冀教版,义务教育教科书·英语（三年级起点）五年级下册,output\教材封面\d2\d2c98c54-d546-4014-8139-7b90f992e839.jpg,True
eb52c514-7835-407a-93b4-78bc2b0300e3,小学,英语,六年级,上册,冀教版,义务教育教科书·英语（三年级起点）六年级上册,output\教材封面\eb\eb52c514-7835-407a-93b4-78bc2b0300e3.jpg,True
2a9cfe68-84be-4ec0-9c54-61c328ad677c,小学,英语,六年级,下册,冀教版,义务教育教科书·英语（三年级起点）六年级下册,output\教材封面\2a\2a9cfe68-84be-4ec0-9c54-61c328ad677c.jpg,True
33d80893-4975-43a2-b188-891d42a58697,小学,英语,三年级,下册,湘少版,（根据2022年版课程标准修订）义务教育教科书·英语三年级下册,output\教材封面\33\33d80893-4975-43a2-b188-891d42a58697.jpg,True
047804b0-099d-404c-bb0d-3e03d22aac75,小学,英语,四年级,上册,湘少版,（根据2022年版课程标准修订）义务教育教科书·英语 四年级上册,output\教材封面\04\047804b0-099d-404c-bb0d-3e03d22aac75.jpg,True
4eefac06-5c2c-485b-8085-549df2c6c59d,小学,英语,四年级,下册,湘少版,（根据2022年版课程标准修订）义务教育教科书·英语 四年级下册,output\教材封面\4e\4eefac06-5c2c-485b-8085-549df2c6c59d.jpg,True
853005d6-1a9a-43bb-92c3-9b551d932b66,小学,英语,五年级,下册,湘少版,义务教育教科书·英语（三年级起点）五年级下册,output\教材封面\85\853005d6-1a9a-43bb-92c3-9b551d932b66.jpg,True
a9f600a7-71df-4a87-8b3b-b80d33b01179,小学,英语,六年级,下册,湘少版,义务教育教科书·英语（三年级起点）六年级下册,output\教材封面\a9\a9f600a7-71df-4a87-8b3b-b80d33b01179.jpg,True
2416d6ff-c21f-4cdc-b119-02e4c5044b3c,小学,英语,五年级,上册,教科版（EEC学院）,义务教育教科书·英语（三年级起点）五年级上册,output\教材封面\24\2416d6ff-c21f-4cdc-b119-02e4c5044b3c.jpg,True
68546b24-c1a4-4e93-9fbf-e6a7a69a211f,小学,英语,五年级,下册,教科版（EEC学院）,义务教育教科书·英语（三年级起点）五年级下册,output\教材封面\68\68546b24-c1a4-4e93-9fbf-e6a7a69a211f.jpg,True
c243cbcc-aefd-4531-99d2-ef0016ce9dc7,小学,英语,六年级,上册,教科版（EEC学院）,义务教育教科书·英语（三年级起点）六年级上册,output\教材封面\c2\c243cbcc-aefd-4531-99d2-ef0016ce9dc7.jpg,True
cd01d12a-4f2a-45cb-87d2-e4fd8d6b4ea2,小学,英语,六年级,下册,教科版（EEC学院）,义务教育教科书·英语（三年级起点）六年级下册,output\教材封面\cd\cd01d12a-4f2a-45cb-87d2-e4fd8d6b4ea2.jpg,True
d07478ce-cc45-4867-bc21-067c03a79896,小学,英语,三年级,下册,教科版（主编：龚亚夫&鲁宗干）,（根据2022年版课程标准修订）义务教育教科书·英语三年级下册,output\教材封面\d0\d07478ce-cc45-4867-bc21-067c03a79896.jpg,True
15fc1678-b77d-4c75-a647-928ea8cc06c5,小学,英语,四年级,上册,教科版（主编：龚亚夫&鲁宗干）,（根据2022年版课程标准修订）义务教育教科书·英语 四年级上册,output\教材封面\15\15fc1678-b77d-4c75-a647-928ea8cc06c5.jpg,True
9eb75cb9-46a3-4236-afd0-1a7e4de2ebab,小学,英语,四年级,下册,教科版（主编：龚亚夫&鲁宗干）,（根据2022年版课程标准修订）义务教育教科书·英语 四年级下册,output\教材封面\9e\9eb75cb9-46a3-4236-afd0-1a7e4de2ebab.jpg,True
27eb5941-f566-431a-a2a6-92e45a2995e1,小学,英语,五年级,上册,教科版（主编：龚亚夫&鲁宗干）,义务教育教科书·英语（三年级起点）五年级上册,output\教材封面\27\27eb5941-f566-431a-a2a6-92e45a2995e1.jpg,True
285ae1ca-33f3-40b5-b9c8-c6fd8256168b,小学,英语,五年级,下册,教科版（主编：龚亚夫&鲁宗干）,义务教育教科书·英语（三年级起点）五年级下册,output\教材封面\28\285ae1ca-33f3-40b5-b9c8-c6fd8256168b.jpg,True
02d7c475-79f8-49a8-aad1-2d7d880e159f,小学,英语,六年级,上册,教科版（主编：龚亚夫&鲁宗干）,义务教育教科书·英语（三年级起点）六年级上册,output\教材封面\02\02d7c475-79f8-49a8-aad1-2d7d880e159f.jpg,True
27b8ff2b-75e6-4265-a3ab-d6cee85b939a,小学,英语,六年级,下册,教科版（主编：龚亚夫&鲁宗干）,义务教育教科书·英语（三年级起点）六年级下册,output\教材封面\27\27b8ff2b-75e6-4265-a3ab-d6cee85b939a.jpg,True
b3f9fcf6-27bd-4779-8275-365d4842388a,小学,英语,三年级,上册,接力社版,（根据2022年版课程标准修订）义务教育教科书•英语三年级上册,output\教材封面\b3\b3f9fcf6-27bd-4779-8275-365d4842388a.jpg,True
9ae3ffb8-8e6f-4a7a-bef7-a59ba953168d,小学,英语,三年级,下册,接力社版,（根据2022年版课程标准修订）义务教育教科书·英语三年级下册,output\教材封面\9a\9ae3ffb8-8e6f-4a7a-bef7-a59ba953168d.jpg,True
345de000-9398-4f0e-8076-8fc93068341e,小学,英语,四年级,上册,接力社版,（根据2022年版课程标准修订）义务教育教科书•英语四年级上册,output\教材封面\34\345de000-9398-4f0e-8076-8fc93068341e.jpg,True
6a850434-e0b2-405b-9abe-6d9f7b2503dc,小学,英语,四年级,下册,接力社版,（根据2022年版课程标准修订）义务教育教科书•英语四年级下册,output\教材封面\6a\6a850434-e0b2-405b-9abe-6d9f7b2503dc.jpg,True
c195ff53-268c-492f-b10d-6b281cad112f,小学,英语,五年级,上册,接力社版,义务教育教科书·英语（三年级起点）五年级上册,output\教材封面\c1\c195ff53-268c-492f-b10d-6b281cad112f.jpg,True
3f675da4-c5c7-45dc-85d1-a181a411df52,小学,英语,五年级,下册,接力社版,义务教育教科书·英语（三年级起点）五年级下册,output\教材封面\3f\3f675da4-c5c7-45dc-85d1-a181a411df52.jpg,True
5a69664c-525c-49c1-8e65-23c3c7c5f6fc,小学,英语,六年级,上册,接力社版,义务教育教科书·英语（三年级起点）六年级上册,output\教材封面\5a\5a69664c-525c-49c1-8e65-23c3c7c5f6fc.jpg,True
74d234e0-f633-4f6a-ac1d-82c29f3902ba,小学,英语,六年级,下册,接力社版,义务教育教科书·英语（三年级起点）六年级下册,output\教材封面\74\74d234e0-f633-4f6a-ac1d-82c29f3902ba.jpg,True
8765b6b9-6eec-4b5a-88e5-4d5aaefb5355,小学,英语,三年级,下册,科普版,（根据2022年版课程标准修订）义务教育教科书·英语三年级下册,output\教材封面\87\8765b6b9-6eec-4b5a-88e5-4d5aaefb5355.jpg,True
8cbfef27-2a9f-47af-bd72-04979308a293,小学,英语,四年级,上册,科普版,（根据2022年版课程标准修订）义务教育教科书. 英语 四年级 上册,output\教材封面\8c\8cbfef27-2a9f-47af-bd72-04979308a293.jpg,True
7a5a93eb-8101-4b7f-8e7d-127fe58c06d5,小学,英语,四年级,下册,科普版,（根据2022年版课程标准修订）义务教育教科书·英语 四年级下册,output\教材封面\7a\7a5a93eb-8101-4b7f-8e7d-127fe58c06d5.jpg,True
ca569810-c755-4f11-bd55-887b95d64853,小学,英语,五年级,上册,科普版,义务教育教科书·英语（三年级起点）五年级上册,output\教材封面\ca\ca569810-c755-4f11-bd55-887b95d64853.jpg,True
54e434c1-5efe-4997-b2b1-50d31902b792,小学,英语,五年级,下册,科普版,义务教育教科书·英语（三年级起点）五年级下册,output\教材封面\54\54e434c1-5efe-4997-b2b1-50d31902b792.jpg,True
6aef6c68-7f4a-43bf-bd37-6fc0aa153d32,小学,英语,六年级,上册,科普版,义务教育教科书·英语（三年级起点）六年级上册,output\教材封面\6a\6aef6c68-7f4a-43bf-bd37-6fc0aa153d32.jpg,True
2f3230fb-ba51-4b7a-a3c4-d830747bf384,小学,英语,六年级,下册,科普版,义务教育教科书·英语（三年级起点）六年级下册,output\教材封面\2f\2f3230fb-ba51-4b7a-a3c4-d830747bf384.jpg,True
1bf2a59b-7b83-4314-b936-8c81d7ff384a,小学,英语,三年级,下册,辽宁师大版,（根据2022年版课程标准修订）义务教育教科书·英语三年级下册,output\教材封面\1b\1bf2a59b-7b83-4314-b936-8c81d7ff384a.jpg,True
da02c953-8471-4f98-9b3f-91547b6d8e30,小学,英语,四年级,上册,辽宁师大版,（根据2022年版课程标准修订）义务教育教科书·英语·四年级上册,output\教材封面\da\da02c953-8471-4f98-9b3f-91547b6d8e30.jpg,True
f38040e1-709b-47a7-8335-074e9dbae8b5,小学,英语,四年级,下册,辽宁师大版,（根据2022年版课程标准修订）义务教育教科书·英语 四年级下册,output\教材封面\f3\f38040e1-709b-47a7-8335-074e9dbae8b5.jpg,True
e7d4c714-9497-494d-be03-8216faa58047,小学,英语,五年级,上册,辽宁师大版,义务教育教科书·英语（三年级起点）五年级上册,output\教材封面\e7\e7d4c714-9497-494d-be03-8216faa58047.jpg,True
d48bd666-3fc5-496f-b858-95703c4551f8,小学,英语,五年级,下册,辽宁师大版,义务教育教科书·英语（三年级起点）五年级下册,output\教材封面\d4\d48bd666-3fc5-496f-b858-95703c4551f8.jpg,True
8b146681-b0ed-4ae3-a485-f65f8aa46037,小学,英语,六年级,上册,辽宁师大版,义务教育教科书·英语（三年级起点）六年级上册,output\教材封面\8b\8b146681-b0ed-4ae3-a485-f65f8aa46037.jpg,True
b9abc0ea-674f-4a98-b9b5-eb5aca6e9212,小学,英语,六年级,下册,辽宁师大版,义务教育教科书·英语（三年级起点）六年级下册,output\教材封面\b9\b9abc0ea-674f-4a98-b9b5-eb5aca6e9212.jpg,True
4540c302-13cc-4285-8b7d-2bea2641a836,小学,英语,三年级,下册,清华大学版,义务教育教科书·英语（一年级起点）三年级下册,output\教材封面\45\4540c302-13cc-4285-8b7d-2bea2641a836.jpg,True
e677e6d8-9120-4fcb-8bed-bd0f317d1a6d,小学,英语,四年级,上册,清华大学版,义务教育教科书·英语（一年级起点）四年级上册,output\教材封面\e6\e677e6d8-9120-4fcb-8bed-bd0f317d1a6d.jpg,True
4ed88cfe-0d65-4379-9cd2-84e0854e6c11,小学,英语,四年级,下册,清华大学版,义务教育教科书·英语（一年级起点）四年级下册,output\教材封面\4e\4ed88cfe-0d65-4379-9cd2-84e0854e6c11.jpg,True
e1d92f0a-3eab-4403-a5c4-9c50b17e1cd7,小学,英语,五年级,上册,清华大学版,义务教育教科书·英语（一年级起点）五年级上册,output\教材封面\e1\e1d92f0a-3eab-4403-a5c4-9c50b17e1cd7.jpg,True
b17473f1-cc39-40a9-9a53-1f4eeaff0c0b,小学,英语,五年级,下册,清华大学版,义务教育教科书·英语（一年级起点）五年级下册,output\教材封面\b1\b17473f1-cc39-40a9-9a53-1f4eeaff0c0b.jpg,True
0dd63a9b-06e7-48ea-ac29-a356178dd842,小学,英语,六年级,上册,清华大学版,义务教育教科书·英语（一年级起点）六年级上册,output\教材封面\0d\0dd63a9b-06e7-48ea-ac29-a356178dd842.jpg,True
0330f56f-e08d-449d-ad3f-6f8a818920df,小学,英语,六年级,下册,清华大学版,义务教育教科书·英语（一年级起点）六年级下册,output\教材封面\03\0330f56f-e08d-449d-ad3f-6f8a818920df.jpg,True
02fea7d7-163d-4351-97f0-1ca455bbc4ef,小学,英语,三年级,上册,人教版（一年级起点）（主编：吴欣）,义务教育教科书·英语（一年级起点）三年级上册,output\教材封面\02\02fea7d7-163d-4351-97f0-1ca455bbc4ef.jpg,True
8a029005-c465-4909-9aaa-9bf7948f479e,小学,英语,三年级,下册,人教版（一年级起点）（主编：吴欣）,义务教育教科书·英语（一年级起点）三年级下册,output\教材封面\8a\8a029005-c465-4909-9aaa-9bf7948f479e.jpg,True
8debdb0d-acc2-4db3-b52c-ec89945106bf,小学,英语,四年级,上册,人教版（一年级起点）（主编：吴欣）,义务教育教科书·英语（一年级起点）四年级上册,output\教材封面\8d\8debdb0d-acc2-4db3-b52c-ec89945106bf.jpg,True
53761fff-13e8-42f3-8c94-96c7d0ef8e8f,小学,英语,四年级,下册,人教版（一年级起点）（主编：吴欣）,义务教育教科书·英语（一年级起点）四年级下册,output\教材封面\53\53761fff-13e8-42f3-8c94-96c7d0ef8e8f.jpg,True
0bcf51ea-e334-41ae-bc75-f8c0d4d745d9,小学,英语,五年级,上册,人教版（一年级起点）（主编：吴欣）,义务教育教科书·英语（一年级起点）五年级上册,output\教材封面\0b\0bcf51ea-e334-41ae-bc75-f8c0d4d745d9.jpg,True
5aa4ed54-fa57-4714-b485-fc10c1272fce,小学,英语,五年级,下册,人教版（一年级起点）（主编：吴欣）,义务教育教科书·英语（一年级起点）五年级下册,output\教材封面\5a\5aa4ed54-fa57-4714-b485-fc10c1272fce.jpg,True
f715892f-2cd5-405b-a7a6-4d48792a9e7b,小学,英语,六年级,上册,人教版（一年级起点）（主编：吴欣）,义务教育教科书·英语（一年级起点）六年级上册,output\教材封面\f7\f715892f-2cd5-405b-a7a6-4d48792a9e7b.jpg,True
3bebbc7b-5ecd-4351-a1fe-316cbe4cf1ae,小学,英语,六年级,下册,人教版（一年级起点）（主编：吴欣）,义务教育教科书·英语（一年级起点）六年级下册,output\教材封面\3b\3bebbc7b-5ecd-4351-a1fe-316cbe4cf1ae.jpg,True
10b11234-3b0a-4b3e-b4b4-db3013774529,小学,英语,三年级,下册,人教版（PEP）（主编：吴欣）,（根据2022年版课程标准修订）义务教育教科书·英语三年级下册,output\教材封面\10\10b11234-3b0a-4b3e-b4b4-db3013774529.jpg,True
02736c70-9509-438f-8e16-2902feaf5ed8,小学,英语,四年级,上册,人教版（PEP）（主编：吴欣）,（根据2022年版课程标准修订）义务教育教科书·英语（PEP）四年级上册,output\教材封面\02\02736c70-9509-438f-8e16-2902feaf5ed8.jpg,True
18b54350-f833-4b5c-a1b9-ebbf02cf4545,小学,英语,四年级,下册,人教版（PEP）（主编：吴欣）,（根据2022年版课程标准修订）义务教育教科书·英语 四年级下册,output\教材封面\18\18b54350-f833-4b5c-a1b9-ebbf02cf4545.jpg,True
9f1cda77-2dc7-442b-82f1-97243f7ec39d,小学,英语,五年级,上册,人教版（PEP）（主编：吴欣）,义务教育教科书·英语（PEP）（三年级起点）五年级上册,output\教材封面\9f\9f1cda77-2dc7-442b-82f1-97243f7ec39d.jpg,True
c5180299-d288-46e2-a0df-9f04c94fd922,小学,英语,五年级,下册,人教版（PEP）（主编：吴欣）,义务教育教科书·英语（三年级起点）五年级下册,output\教材封面\c5\c5180299-d288-46e2-a0df-9f04c94fd922.jpg,True
9e2878bf-964d-47fb-85ba-937cf61159a5,小学,英语,六年级,上册,人教版（PEP）（主编：吴欣）,义务教育教科书·英语（PEP）（三年级起点）六年级上册,output\教材封面\9e\9e2878bf-964d-47fb-85ba-937cf61159a5.jpg,True
1417c7bc-52d9-4c4d-92fd-796a92a6d275,小学,英语,六年级,下册,人教版（PEP）（主编：吴欣）,义务教育教科书·英语（三年级起点）六年级下册,output\教材封面\14\1417c7bc-52d9-4c4d-92fd-796a92a6d275.jpg,True
8f294c09-3fba-4ab3-8cf8-19b6c7d70775,小学,英语,三年级,下册,人教版（精通）（主编：苗兴伟）,（根据2022年版课程标准修订）义务教育教科书·英语三年级下册,output\教材封面\8f\8f294c09-3fba-4ab3-8cf8-19b6c7d70775.jpg,True
1d89f03d-c81d-4135-84a9-43ee0b58f4f0,小学,英语,四年级,上册,人教版（精通）（主编：郝建平）,义务教育教科书·英语（精通）（三年级起点）四年级上册,output\教材封面\1d\1d89f03d-c81d-4135-84a9-43ee0b58f4f0.jpg,True
2b393fbf-b68a-4042-9987-c76267725c4b,小学,英语,四年级,下册,人教版（精通）（主编：郝建平）,义务教育教科书·英语（精通）（三年级起点）四年级下册,output\教材封面\2b\2b393fbf-b68a-4042-9987-c76267725c4b.jpg,True
53862340-4170-4213-9943-0e36ec153fb7,小学,英语,五年级,上册,人教版（精通）（主编：郝建平）,义务教育教科书·英语（精通）（三年级起点）五年级上册,output\教材封面\53\53862340-4170-4213-9943-0e36ec153fb7.jpg,True
2892a0d4-b52d-4a8b-b741-9755cf18b3c4,小学,英语,五年级,下册,人教版（精通）（主编：郝建平）,义务教育教科书·英语（三年级起点）五年级下册,output\教材封面\28\2892a0d4-b52d-4a8b-b741-9755cf18b3c4.jpg,True
3f424bca-1475-4ef2-9c4c-d2cc9e26bfbf,小学,英语,六年级,上册,人教版（精通）（主编：郝建平）,义务教育教科书·英语（精通）（三年级起点）六年级上册,output\教材封面\3f\3f424bca-1475-4ef2-9c4c-d2cc9e26bfbf.jpg,True
05f9c98f-7d04-4f05-bfc4-934d4e281ec2,小学,英语,六年级,下册,人教版（精通）（主编：郝建平）,义务教育教科书·英语（三年级起点）六年级下册,output\教材封面\05\05f9c98f-7d04-4f05-bfc4-934d4e281ec2.jpg,True
9b0609aa-2ecc-4de4-9cf7-c7f6f8fdd5dc,小学,英语,三年级,下册,鲁教湘教版,（根据2022年版课程标准修订）义务教育教科书·英语三年级下册,output\教材封面\9b\9b0609aa-2ecc-4de4-9cf7-c7f6f8fdd5dc.jpg,True
2b6fb0e1-1a8a-4564-affd-e1320a5854f0,小学,英语,四年级,上册,鲁教湘教版,（根据2022年版课程标准修订）义务教育教科书·英语 四年级上册,output\教材封面\2b\2b6fb0e1-1a8a-4564-affd-e1320a5854f0.jpg,True
43f6e4e8-6d4f-47c1-a656-791845c91814,小学,英语,四年级,下册,鲁教湘教版,（根据2022年版课程标准修订）义务教育教科书·英语 四年级下册,output\教材封面\43\43f6e4e8-6d4f-47c1-a656-791845c91814.jpg,True
d4c8600e-ab51-42e4-9a43-c4608dbac129,小学,英语,五年级,上册,鲁教湘教版,义务教育教科书·英语（三年级起点）五年级上册,output\教材封面\d4\d4c8600e-ab51-42e4-9a43-c4608dbac129.jpg,True
807a65b0-ab90-4cf2-ad87-178c9a4486d6,小学,英语,五年级,下册,鲁教湘教版,义务教育教科书·英语（三年级起点）五年级下册,output\教材封面\80\807a65b0-ab90-4cf2-ad87-178c9a4486d6.jpg,True
43947b19-7889-408e-8c36-f8b0bbe68a87,小学,英语,六年级,上册,鲁教湘教版,义务教育教科书·英语（三年级起点）六年级上册,output\教材封面\43\43947b19-7889-408e-8c36-f8b0bbe68a87.jpg,True
81b0b85e-c4bc-4b17-9c97-07c257d5805f,小学,英语,六年级,下册,鲁教湘教版,义务教育教科书·英语（三年级起点）六年级下册,output\教材封面\81\81b0b85e-c4bc-4b17-9c97-07c257d5805f.jpg,True
be8c0003-c9a7-474a-ac1c-f9b41abae273,小学,英语,三年级,下册,陕旅版,（根据2022年版课程标准修订）义务教育教科书·英语三年级下册,output\教材封面\be\be8c0003-c9a7-474a-ac1c-f9b41abae273.jpg,True
3ae6c62c-da37-4a15-81aa-21904714122a,小学,英语,四年级,上册,陕旅版,（根据2022年版课程标准修订）义务教育教科书·英语 四年级上册,output\教材封面\3a\3ae6c62c-da37-4a15-81aa-21904714122a.jpg,True
f5f90d3b-da59-4895-aac0-a50d2b0b2315,小学,英语,四年级,下册,陕旅版,（根据2022年版课程标准修订）义务教育教科书·英语 四年级下册,output\教材封面\f5\f5f90d3b-da59-4895-aac0-a50d2b0b2315.jpg,True
005bbac7-615e-4f2e-84ad-19a0923e1b57,小学,英语,五年级,上册,陕旅版,（根据2022年版课程标准修订）义务教育教科书·英语五年级上册,output\教材封面\00\005bbac7-615e-4f2e-84ad-19a0923e1b57.jpg,True
0d42a7db-b850-4c0d-b505-f26579d2aab3,小学,英语,五年级,下册,陕旅版,义务教育教科书·英语（三年级起点） 五年级 下册,output\教材封面\0d\0d42a7db-b850-4c0d-b505-f26579d2aab3.jpg,True
ef5a2b52-c4cf-453f-980d-00244fe6a485,小学,英语,六年级,上册,陕旅版,（根据2022年版课程标准修订）义务教育教科书·英语六年级上册,output\教材封面\ef\ef5a2b52-c4cf-453f-980d-00244fe6a485.jpg,True
4d2c8c36-d8c4-45dd-8703-fe32dcba0b5d,小学,英语,六年级,下册,陕旅版,义务教育教科书·英语（三年级起点）六年级下册,output\教材封面\4d\4d2c8c36-d8c4-45dd-8703-fe32dcba0b5d.jpg,True
d523d9fc-abf2-48a3-94e6-6d9a25fae4af,小学,英语,三年级,下册,沪教版,（根据2022年版课程标准修订）义务教育教科书·英语三年级下册,output\教材封面\d5\d523d9fc-abf2-48a3-94e6-6d9a25fae4af.jpg,True
6c6edb6c-60ca-4c29-82df-a2357f087f60,小学,英语,四年级,上册,沪教版,（根据2022年版课程标准修订）义务教育教科书·英语四年级上册,output\教材封面\6c\6c6edb6c-60ca-4c29-82df-a2357f087f60.jpg,True
0f2a0c94-50c1-4b7a-8211-8ff18da1d475,小学,英语,四年级,下册,沪教版,（根据2022年版课程标准修订）义务教育教科书·英语 四年级下册,output\教材封面\0f\0f2a0c94-50c1-4b7a-8211-8ff18da1d475.jpg,True
e97bf778-237b-4c23-b71d-6f7b80078f66,小学,英语,五年级,上册,沪教版,义务教育教科书·英语（三年级起点）五年级上册,output\教材封面\e9\e97bf778-237b-4c23-b71d-6f7b80078f66.jpg,True
70085bc7-91aa-4726-9f92-8eed80d30276,小学,英语,五年级,下册,沪教版,义务教育教科书·英语（三年级起点）五年级下册,output\教材封面\70\70085bc7-91aa-4726-9f92-8eed80d30276.jpg,True
b25139ad-009e-4537-afe7-f393a5e43ef1,小学,英语,六年级,上册,沪教版,义务教育教科书·英语（三年级起点）六年级上册,output\教材封面\b2\b25139ad-009e-4537-afe7-f393a5e43ef1.jpg,True
63f19462-c7e5-43cb-a5db-756341614929,小学,英语,六年级,下册,沪教版,义务教育教科书·英语（三年级起点）六年级下册,output\教材封面\63\63f19462-c7e5-43cb-a5db-756341614929.jpg,True
268943ee-b215-41fb-9b89-d6c5ef1d6f44,小学,英语,三年级,下册,川教版,（根据2022年版课程标准修订）义务教育教科书·英语三年级下册,output\教材封面\26\268943ee-b215-41fb-9b89-d6c5ef1d6f44.jpg,True
12bbf0bc-9f5b-4bea-a102-83ed34dc2d68,小学,英语,四年级,上册,川教版,（根据2022年版课程标准修订）义务教育教科书•英语 四年级上册,output\教材封面\12\12bbf0bc-9f5b-4bea-a102-83ed34dc2d68.jpg,True
96be5f08-1422-4c0e-8458-88bdbfb3c930,小学,英语,四年级,下册,川教版,（根据2022年版课程标准修订）义务教育教科书•英语 四年级下册,output\教材封面\96\96be5f08-1422-4c0e-8458-88bdbfb3c930.jpg,True
95598bab-ceae-4f59-9948-beefc0116e57,小学,英语,五年级,上册,川教版,义务教育教科书·英语（三年级起点）五年级上册,output\教材封面\95\95598bab-ceae-4f59-9948-beefc0116e57.jpg,True
ac2f99d6-d609-4b5e-8a46-369898eaf0c4,小学,英语,五年级,下册,川教版,义务教育教科书·英语（三年级起点）五年级下册,output\教材封面\ac\ac2f99d6-d609-4b5e-8a46-369898eaf0c4.jpg,True
89bb1762-9950-49c5-8d74-d499c27d2ff4,小学,英语,六年级,上册,川教版,义务教育教科书·英语（三年级起点）六年级上册,output\教材封面\89\89bb1762-9950-49c5-8d74-d499c27d2ff4.jpg,True
2be9aba6-81cf-4367-b85c-4dd385fcd58b,小学,英语,六年级,下册,川教版,义务教育教科书·英语（三年级起点）六年级下册,output\教材封面\2b\2be9aba6-81cf-4367-b85c-4dd385fcd58b.jpg,True
8ba8f688-b710-4c31-9859-36082e402957,小学,英语,二年级,上册,外研社版（一年级起点）（主编：陈琳）,义务教育教科书·英语（一年级起点）二年级上册,output\教材封面\8b\8ba8f688-b710-4c31-9859-36082e402957.jpg,True
b5929230-0e9f-403a-bf97-7ca8ee9b62b1,小学,英语,二年级,下册,外研社版（一年级起点）（主编：陈琳）,义务教育教科书·英语（一年级起点）二年级下册,output\教材封面\b5\b5929230-0e9f-403a-bf97-7ca8ee9b62b1.jpg,True
06a54026-b116-4f89-b645-0743767e703b,小学,英语,三年级,上册,外研社版（一年级起点）（主编：陈琳）,义务教育教科书·英语（一年级起点）三年级上册,output\教材封面\06\06a54026-b116-4f89-b645-0743767e703b.jpg,True
41b0417b-103f-46fc-8671-0489212619c1,小学,英语,三年级,下册,外研社版（一年级起点）（主编：陈琳）,义务教育教科书·英语（一年级起点）三年级下册,output\教材封面\41\41b0417b-103f-46fc-8671-0489212619c1.jpg,True
f5315318-f909-4089-aac3-053060361d6e,小学,英语,四年级,上册,外研社版（一年级起点）（主编：陈琳）,义务教育教科书·英语（一年级起点）四年级上册,output\教材封面\f5\f5315318-f909-4089-aac3-053060361d6e.jpg,True
e63909e2-df0e-42b7-805a-9be3280e7027,小学,英语,四年级,下册,外研社版（一年级起点）（主编：陈琳）,义务教育教科书·英语（一年级起点）四年级下册,output\教材封面\e6\e63909e2-df0e-42b7-805a-9be3280e7027.jpg,True
04d0763f-a0fb-43f5-b0b8-2ecd00ef70e6,小学,英语,五年级,上册,外研社版（一年级起点）（主编：陈琳）,义务教育教科书·英语（一年级起点）五年级上册,output\教材封面\04\04d0763f-a0fb-43f5-b0b8-2ecd00ef70e6.jpg,True
09aee57d-b772-494d-b16c-f572a40d576e,小学,英语,五年级,下册,外研社版（一年级起点）（主编：陈琳）,义务教育教科书·英语（一年级起点）五年级下册,output\教材封面\09\09aee57d-b772-494d-b16c-f572a40d576e.jpg,True
bce5aee9-814f-40a9-b0c8-a55cf103825f,小学,英语,六年级,上册,外研社版（一年级起点）（主编：陈琳）,义务教育教科书·英语（一年级起点）六年级上册,output\教材封面\bc\bce5aee9-814f-40a9-b0c8-a55cf103825f.jpg,True
49cd6812-ae02-4fe8-a469-d4eb95a228c7,小学,英语,六年级,下册,外研社版（一年级起点）（主编：陈琳）,义务教育教科书·英语（一年级起点）六年级下册,output\教材封面\49\49cd6812-ae02-4fe8-a469-d4eb95a228c7.jpg,True
e7386f50-652b-4c69-9408-655ce7d33bf5,小学,英语,三年级,上册,外研社版（主编：陈琳）,义务教育教科书·英语（三年级起点）三年级上册,output\教材封面\e7\e7386f50-652b-4c69-9408-655ce7d33bf5.jpg,True
571c7833-805e-4522-9db0-3e9784a24879,小学,英语,三年级,下册,外研社版（主编：陈琳）,义务教育教科书·英语（三年级起点）三年级下册,output\教材封面\57\571c7833-805e-4522-9db0-3e9784a24879.jpg,True
fe91e5a4-0842-416d-931e-c29390bd32df,小学,英语,四年级,上册,外研社版（主编：陈琳）,义务教育教科书·英语（三年级起点）四年级上册,output\教材封面\fe\fe91e5a4-0842-416d-931e-c29390bd32df.jpg,True
d6bad9e3-379c-4bce-84c5-720335ced51f,小学,英语,四年级,下册,外研社版（主编：陈琳）,义务教育教科书·英语（三年级起点）四年级下册,output\教材封面\d6\d6bad9e3-379c-4bce-84c5-720335ced51f.jpg,True
1c7c3115-c17f-49bd-a6b5-8893f8c2279d,小学,英语,五年级,上册,外研社版（主编：陈琳）,义务教育教科书·英语（三年级起点）五年级上册,output\教材封面\1c\1c7c3115-c17f-49bd-a6b5-8893f8c2279d.jpg,True
ae48f509-7765-450f-919e-5f3185087422,小学,英语,五年级,下册,外研社版（主编：陈琳）,义务教育教科书·英语（三年级起点）五年级下册,output\教材封面\ae\ae48f509-7765-450f-919e-5f3185087422.jpg,True
a3d98ee0-80fa-49e7-aea2-2826ab1c99a0,小学,英语,六年级,上册,外研社版（主编：陈琳）,义务教育教科书·英语（三年级起点）六年级上册,output\教材封面\a3\a3d98ee0-80fa-49e7-aea2-2826ab1c99a0.jpg,True
19006c10-3ea3-4eee-bb3d-6cb3e9465636,小学,英语,六年级,下册,外研社版（主编：陈琳）,义务教育教科书·英语（三年级起点）六年级下册,output\教材封面\19\19006c10-3ea3-4eee-bb3d-6cb3e9465636.jpg,True
4c34b03c-933c-4a67-b211-f5d79fb05001,小学,英语,三年级,下册,外研社版（主编：刘兆义）,（根据2022年版课程标准修订）义务教育教科书·英语三年级下册,output\教材封面\4c\4c34b03c-933c-4a67-b211-f5d79fb05001.jpg,True
2bea95cf-46e6-40cc-ae87-07cc474b3956,小学,英语,四年级,上册,外研社版（主编：孙有中）,（根据2022年版课程标准修订）义务教育教科书·英语 四年级上册,output\教材封面\2b\2bea95cf-46e6-40cc-ae87-07cc474b3956.jpg,True
9a553639-4521-4cce-aa9f-09281b1a653b,小学,英语,四年级,下册,外研社版（主编：刘兆义）,（根据2022年版课程标准修订）义务教育教科书·英语 四年级下册,output\教材封面\9a\9a553639-4521-4cce-aa9f-09281b1a653b.jpg,True
17edec76-0f9d-451d-a131-8bdc41912684,小学,英语,五年级,上册,外研社版（主编：刘兆义）,义务教育教科书·英语（三年级起点）五年级上册,output\教材封面\17\17edec76-0f9d-451d-a131-8bdc41912684.jpg,True
2d8172eb-6fda-4c76-bd93-8af135046d9a,小学,英语,五年级,下册,外研社版（主编：刘兆义）,义务教育教科书·英语（三年级起点）五年级下册,output\教材封面\2d\2d8172eb-6fda-4c76-bd93-8af135046d9a.jpg,True
d8309204-6817-4c4f-9e23-6b410a5f55db,小学,英语,六年级,上册,外研社版（主编：刘兆义）,义务教育教科书·英语（三年级起点）六年级上册,output\教材封面\d8\d8309204-6817-4c4f-9e23-6b410a5f55db.jpg,True
aa01baf9-e504-49de-bb89-2d195c1ad391,小学,英语,六年级,下册,外研社版（主编：刘兆义）,义务教育教科书·英语（三年级起点）六年级下册,output\教材封面\aa\aa01baf9-e504-49de-bb89-2d195c1ad391.jpg,True
d83648ef-85bc-4dfe-8aed-3c6565d14723,小学,英语,三年级,上册,外研社版（主编：桂诗春）,义务教育教科书·英语（三年级起点）三年级上册,output\教材封面\d8\d83648ef-85bc-4dfe-8aed-3c6565d14723.jpg,True
5870981c-e639-4419-a019-bc2dcea04183,小学,英语,三年级,下册,外研社版（主编：桂诗春）,义务教育教科书·英语（三年级起点）三年级下册,output\教材封面\58\5870981c-e639-4419-a019-bc2dcea04183.jpg,True
3efd6675-ff2a-49ef-ac9a-231db5b39dc1,小学,英语,四年级,上册,外研社版（主编：桂诗春）,义务教育教科书·英语（三年级起点）四年级上册,output\教材封面\3e\3efd6675-ff2a-49ef-ac9a-231db5b39dc1.jpg,True
0d329c5d-390f-4806-a35b-dafd30ffabe9,小学,英语,四年级,下册,外研社版（主编：桂诗春）,义务教育教科书·英语（三年级起点）四年级下册,output\教材封面\0d\0d329c5d-390f-4806-a35b-dafd30ffabe9.jpg,True
6b8a5e78-11d2-471b-a671-ff711632cbac,小学,英语,五年级,上册,外研社版（主编：桂诗春）,义务教育教科书·英语（三年级起点）五年级上册,output\教材封面\6b\6b8a5e78-11d2-471b-a671-ff711632cbac.jpg,True
37069c2f-0cc3-4fa2-b370-303847b39625,小学,英语,五年级,下册,外研社版（主编：桂诗春）,义务教育教科书·英语（三年级起点）五年级下册,output\教材封面\37\37069c2f-0cc3-4fa2-b370-303847b39625.jpg,True
d323d48d-9a4f-414b-b88d-b93d728d83a3,小学,英语,六年级,上册,外研社版（主编：桂诗春）,义务教育教科书·英语（三年级起点）六年级上册,output\教材封面\d3\d323d48d-9a4f-414b-b88d-b93d728d83a3.jpg,True
106404af-d31c-4372-b1f1-d4ecec5843d3,小学,英语,六年级,下册,外研社版（主编：桂诗春）,义务教育教科书·英语（三年级起点）六年级下册,output\教材封面\10\106404af-d31c-4372-b1f1-d4ecec5843d3.jpg,True
d87e8865-615a-4b3b-8d34-179b9fb33013,小学,英语,三年级,下册,译林版,（根据2022年版课程标准修订）义务教育教科书·英语三年级下册,output\教材封面\d8\d87e8865-615a-4b3b-8d34-179b9fb33013.jpg,True
a9ce6662-f5a5-4561-944a-c3dbcc5a8192,小学,英语,四年级,上册,译林版,（根据2022年版课程标准修订）义务教育教科书·英语 四年级上册,output\教材封面\a9\a9ce6662-f5a5-4561-944a-c3dbcc5a8192.jpg,True
a4fb0c8b-ebd6-4db9-bca0-705fca8126e4,小学,英语,四年级,下册,译林版,（根据2022年版课程标准修订）义务教育教科书·英语 四年级下册,output\教材封面\a4\a4fb0c8b-ebd6-4db9-bca0-705fca8126e4.jpg,True
06631d69-0865-4694-baf9-dccf22bff2fd,小学,英语,五年级,上册,译林版,义务教育教科书·英语（三年级起点）五年级上册,output\教材封面\06\06631d69-0865-4694-baf9-dccf22bff2fd.jpg,True
d3324da8-fe96-4a0d-9259-e60794e27491,小学,英语,五年级,下册,译林版,义务教育教科书·英语（三年级起点）五年级下册,output\教材封面\d3\d3324da8-fe96-4a0d-9259-e60794e27491.jpg,True
32d2e60a-be5a-4c1c-92d6-8b99e00f6db3,小学,英语,六年级,上册,译林版,义务教育教科书·英语（三年级起点）六年级上册,output\教材封面\32\32d2e60a-be5a-4c1c-92d6-8b99e00f6db3.jpg,True
2b63b996-3f8c-439a-bb0c-3f127c9507af,小学,英语,六年级,下册,译林版,义务教育教科书·英语（三年级起点）六年级下册,output\教材封面\2b\2b63b996-3f8c-439a-bb0c-3f127c9507af.jpg,True
24a22eeb-b39a-4ebe-a63b-ff27de640dde,小学,艺术·音乐,一年级,上册,冀少版,（根据2022年版课程标准修订）义务教育教科书•艺术•音乐（简谱）一年级上册,output\教材封面\24\24a22eeb-b39a-4ebe-a63b-ff27de640dde.jpg,True
f206d867-0dbd-4bbf-bcd0-7c3c2e6d3341,小学,艺术·音乐,一年级,下册,冀少版,（根据2022年版课程标准修订）义务教育教科书•艺术•音乐（简谱）一年级下册,output\教材封面\f2\f206d867-0dbd-4bbf-bcd0-7c3c2e6d3341.jpg,True
f6f88b71-cb5d-46e5-85d8-5d7f0624f5f2,小学,艺术·音乐,二年级,上册,冀少版,（根据2022年版课程标准修订）义务教育教科书•艺术•音乐（简谱）二年级上册,output\教材封面\f6\f6f88b71-cb5d-46e5-85d8-5d7f0624f5f2.jpg,True
ff75e468-33b1-4e8c-8bf4-4b1c3a5d94b9,小学,艺术·音乐,二年级,下册,冀少版,（根据2022年版课程标准修订）义务教育教科书•艺术•音乐（简谱）二年级下册,output\教材封面\ff\ff75e468-33b1-4e8c-8bf4-4b1c3a5d94b9.jpg,True
b5025b8a-82c9-44c6-a04b-85692347309f,小学,艺术·音乐,三年级,上册,冀少版,（根据2022年版课程标准修订）义务教育教科书•艺术•音乐（简谱）三年级上册,output\教材封面\b5\b5025b8a-82c9-44c6-a04b-85692347309f.jpg,True
18bd54ec-d153-47a1-b8e3-01fd0e0ff65d,小学,艺术·音乐,三年级,下册,冀少版,（根据2022年版课程标准修订）义务教育教科书•艺术•音乐（简谱）三年级下册,output\教材封面\18\18bd54ec-d153-47a1-b8e3-01fd0e0ff65d.jpg,True
099f4f95-7dee-40e2-942d-eec5297d21e9,小学,艺术·音乐,四年级,上册,冀少版,义务教育教科书·音乐（简谱）四年级上册,output\教材封面\09\099f4f95-7dee-40e2-942d-eec5297d21e9.jpg,True
e3a73fe1-d1b3-4e58-b91c-ebbded87e80a,小学,艺术·音乐,四年级,下册,冀少版,义务教育教科书·音乐（简谱）四年级下册,output\教材封面\e3\e3a73fe1-d1b3-4e58-b91c-ebbded87e80a.jpg,True
3cfe0f2a-a6ae-4f6d-8fcb-f39be95f3fda,小学,艺术·音乐,五年级,上册,冀少版,义务教育教科书·音乐（简谱）五年级上册,output\教材封面\3c\3cfe0f2a-a6ae-4f6d-8fcb-f39be95f3fda.jpg,True
bdef2463-760c-4e2e-904e-850a0a39f5ae,小学,艺术·音乐,五年级,下册,冀少版,义务教育教科书·音乐（简谱）五年级下册,output\教材封面\bd\bdef2463-760c-4e2e-904e-850a0a39f5ae.jpg,True
a33b345c-b2b1-4d7e-896c-9c74c0b1c4bc,小学,艺术·音乐,六年级,上册,冀少版,义务教育教科书·音乐（简谱）六年级上册,output\教材封面\a3\a33b345c-b2b1-4d7e-896c-9c74c0b1c4bc.jpg,True
4762afd3-7ca0-4b53-ba13-492f5280f354,小学,艺术·音乐,六年级,下册,冀少版,义务教育教科书·音乐（简谱）六年级下册,output\教材封面\47\4762afd3-7ca0-4b53-ba13-492f5280f354.jpg,True
26bb7ef5-bce3-450a-b772-6ba7c68680f7,小学,艺术·音乐,一年级,上册,湘文艺版,（根据2022年版课程标准修订）义务教育教科书•艺术•音乐一年级上册,output\教材封面\26\26bb7ef5-bce3-450a-b772-6ba7c68680f7.jpg,True
09e0dc3f-bede-4124-9ad6-7774b3733237,小学,艺术·音乐,一年级,下册,湘文艺版,（根据2022年版课程标准修订）义务教育教科书•艺术•音乐一年级下册,output\教材封面\09\09e0dc3f-bede-4124-9ad6-7774b3733237.jpg,True
7899abc6-ef62-48cd-9ea9-07a42ae896f4,小学,艺术·音乐,二年级,上册,湘文艺版,（根据2022年版课程标准修订）义务教育教科书•艺术•音乐二年级上册,output\教材封面\78\7899abc6-ef62-48cd-9ea9-07a42ae896f4.jpg,True
ca939998-096c-4bee-a426-71602ac9fc11,小学,艺术·音乐,二年级,下册,湘文艺版,（根据2022年版课程标准修订）义务教育教科书•艺术•音乐二年级下册,output\教材封面\ca\ca939998-096c-4bee-a426-71602ac9fc11.jpg,True
98062bcc-5fa8-459e-9c72-c45d2a77fb5e,小学,艺术·音乐,三年级,上册,湘文艺版,（根据2022年版课程标准修订）义务教育教科书•艺术•音乐三年级上册,output\教材封面\98\98062bcc-5fa8-459e-9c72-c45d2a77fb5e.jpg,True
545994e1-2823-43a9-996a-30a9a3236a08,小学,艺术·音乐,三年级,下册,湘文艺版,（根据2022年版课程标准修订）义务教育教科书•艺术•音乐三年级下册,output\教材封面\54\545994e1-2823-43a9-996a-30a9a3236a08.jpg,True
37bf055e-578b-4f87-be2b-8d2d0797846e,小学,艺术·音乐,四年级,上册,湘文艺版,义务教育教科书·音乐四年级上册,output\教材封面\37\37bf055e-578b-4f87-be2b-8d2d0797846e.jpg,True
c22bd863-2a71-4487-86ff-e96aa71f37d5,小学,艺术·音乐,四年级,下册,湘文艺版,义务教育教科书·音乐四年级下册,output\教材封面\c2\c22bd863-2a71-4487-86ff-e96aa71f37d5.jpg,True
fa4c698b-86b7-4bcd-a937-fb3e6deb7f98,小学,艺术·音乐,五年级,上册,湘文艺版,义务教育教科书·音乐五年级上册,output\教材封面\fa\fa4c698b-86b7-4bcd-a937-fb3e6deb7f98.jpg,True
9bde1fde-165f-4631-b2a8-a2ec6cbb576c,小学,艺术·音乐,五年级,下册,湘文艺版,义务教育教科书·音乐五年级下册,output\教材封面\9b\9bde1fde-165f-4631-b2a8-a2ec6cbb576c.jpg,True
cfdf26d0-2da8-4de8-90ce-d771dd2a3e56,小学,艺术·音乐,六年级,上册,湘文艺版,义务教育教科书·音乐六年级上册,output\教材封面\cf\cfdf26d0-2da8-4de8-90ce-d771dd2a3e56.jpg,True
cc60dcc4-8c2d-4e71-a453-f10eb823779f,小学,艺术·音乐,六年级,下册,湘文艺版,义务教育教科书·音乐六年级下册,output\教材封面\cc\cc60dcc4-8c2d-4e71-a453-f10eb823779f.jpg,True
e6a71b21-5f23-4938-9791-60da7af58147,小学,艺术·音乐,一年级,上册,粤教花城版,（根据2022年版课程标准修订）义务教育教科书•艺术•音乐一年级上册,output\教材封面\e6\e6a71b21-5f23-4938-9791-60da7af58147.jpg,True
ded5f6f7-f66c-4720-ba1b-622d16a5f8eb,小学,艺术·音乐,一年级,下册,粤教花城版,（根据2022年版课程标准修订）义务教育教科书•艺术•音乐一年级下册,output\教材封面\de\ded5f6f7-f66c-4720-ba1b-622d16a5f8eb.jpg,True
077f5996-d7ad-48d0-b231-b82f0dd6633e,小学,艺术·音乐,二年级,上册,粤教花城版,（根据2022年版课程标准修订）义务教育教科书•艺术•音乐二年级上册,output\教材封面\07\077f5996-d7ad-48d0-b231-b82f0dd6633e.jpg,True
21cf0700-5f71-4c29-90b2-862e72606d7a,小学,艺术·音乐,二年级,下册,粤教花城版,（根据2022年版课程标准修订）义务教育教科书•艺术•音乐二年级下册,output\教材封面\21\21cf0700-5f71-4c29-90b2-862e72606d7a.jpg,True
f4970c4a-11bc-4e76-80ef-76a096937293,小学,艺术·音乐,三年级,上册,粤教花城版,（根据2022年版课程标准修订）义务教育教科书•艺术•音乐三年级上册,output\教材封面\f4\f4970c4a-11bc-4e76-80ef-76a096937293.jpg,True
66805a9d-7b33-4fef-a677-97bb737f0f85,小学,艺术·音乐,三年级,下册,粤教花城版,（根据2022年版课程标准修订）义务教育教科书•艺术•音乐三年级下册,output\教材封面\66\66805a9d-7b33-4fef-a677-97bb737f0f85.jpg,True
ee2e57c5-0df9-49ef-b94f-2598ce42b2ac,小学,艺术·音乐,四年级,上册,粤教花城版,义务教育教科书·音乐（简谱）四年级上册,output\教材封面\ee\ee2e57c5-0df9-49ef-b94f-2598ce42b2ac.jpg,True
2b579e53-48c0-4129-95e8-66cf15455cdb,小学,艺术·音乐,四年级,下册,粤教花城版,义务教育教科书·音乐（简谱）四年级下册,output\教材封面\2b\2b579e53-48c0-4129-95e8-66cf15455cdb.jpg,True
26adba99-3d44-48d1-b99e-5892012e2f74,小学,艺术·音乐,五年级,上册,粤教花城版,义务教育教科书·音乐（简谱）五年级上册,output\教材封面\26\26adba99-3d44-48d1-b99e-5892012e2f74.jpg,True
45b95afb-105a-450b-b759-53181381830d,小学,艺术·音乐,五年级,下册,粤教花城版,义务教育教科书·音乐（简谱）五年级下册,output\教材封面\45\45b95afb-105a-450b-b759-53181381830d.jpg,True
50e64760-998f-468e-a150-44bf94c7c0c6,小学,艺术·音乐,六年级,上册,粤教花城版,义务教育教科书·音乐（简谱）六年级上册,output\教材封面\50\50e64760-998f-468e-a150-44bf94c7c0c6.jpg,True
2511344c-92f4-4357-b1c6-39fe19a75bc7,小学,艺术·音乐,六年级,下册,粤教花城版,义务教育教科书·音乐（简谱）六年级下册,output\教材封面\25\2511344c-92f4-4357-b1c6-39fe19a75bc7.jpg,True
b3dda21b-b7c4-463b-aa1d-b56751a47631,小学,艺术·音乐,一年级,上册,苏少版（五线谱）,（根据2022年版课程标准修订）义务教育教科书•艺术•音乐（五线谱）一年级上册,output\教材封面\b3\b3dda21b-b7c4-463b-aa1d-b56751a47631.jpg,True
f665ec7d-a457-49f4-b9c8-13eadfa9dcde,小学,艺术·音乐,一年级,下册,苏少版（五线谱）,（根据2022年版课程标准修订）义务教育教科书•艺术•音乐（五线谱）一年级下册,output\教材封面\f6\f665ec7d-a457-49f4-b9c8-13eadfa9dcde.jpg,True
80e5aa96-b8d4-4572-91a4-e9b6a21d05dc,小学,艺术·音乐,二年级,上册,苏少版（五线谱）,（根据2022年版课程标准修订）义务教育教科书·艺术•音乐（五线谱）二年级上册,output\教材封面\80\80e5aa96-b8d4-4572-91a4-e9b6a21d05dc.jpg,True
5f386183-76bf-4454-a3f4-894b78c6e97a,小学,艺术·音乐,二年级,下册,苏少版（五线谱）,（根据2022年版课程标准修订）义务教育教科书•艺术•音乐（五线谱）二年级下册,output\教材封面\5f\5f386183-76bf-4454-a3f4-894b78c6e97a.jpg,True
f13d494f-f26e-40f2-998e-063789dc2812,小学,艺术·音乐,三年级,上册,苏少版（五线谱）,义务教育教科书·音乐（五线谱）三年级上册,output\教材封面\f1\f13d494f-f26e-40f2-998e-063789dc2812.jpg,True
afef68e8-ff6a-440a-922f-5b05396ae769,小学,艺术·音乐,三年级,下册,苏少版（五线谱）,（根据2022年版课程标准修订）义务教育教科书•艺术•音乐（五线谱）三年级下册,output\教材封面\af\afef68e8-ff6a-440a-922f-5b05396ae769.jpg,True
a31b6bbd-1645-44a9-94c4-47e38318ff57,小学,艺术·音乐,四年级,上册,苏少版（五线谱）,义务教育教科书·音乐（五线谱）四年级上册,output\教材封面\a3\a31b6bbd-1645-44a9-94c4-47e38318ff57.jpg,True
bd683195-11c6-4e54-b817-9129dbc059fd,小学,艺术·音乐,四年级,下册,苏少版（五线谱）,义务教育教科书·音乐（五线谱）四年级下册,output\教材封面\bd\bd683195-11c6-4e54-b817-9129dbc059fd.jpg,True
10bb72a2-5385-44a2-89c5-38ec79bf6f4e,小学,艺术·音乐,五年级,上册,苏少版（五线谱）,义务教育教科书·音乐（五线谱）五年级上册,output\教材封面\10\10bb72a2-5385-44a2-89c5-38ec79bf6f4e.jpg,True
b11cd3a2-46f4-429a-8cd3-f8449ebc4d59,小学,艺术·音乐,五年级,下册,苏少版（五线谱）,义务教育教科书·音乐（五线谱）五年级下册,output\教材封面\b1\b11cd3a2-46f4-429a-8cd3-f8449ebc4d59.jpg,True
feca3466-c8db-4e67-8c3c-3f7c48b018bf,小学,艺术·音乐,六年级,上册,苏少版（五线谱）,义务教育教科书·音乐（五线谱）六年级上册,output\教材封面\fe\feca3466-c8db-4e67-8c3c-3f7c48b018bf.jpg,True
3b1568de-2527-41a3-8654-acaea509ce57,小学,艺术·音乐,六年级,下册,苏少版（五线谱）,义务教育教科书·音乐（五线谱）六年级下册,output\教材封面\3b\3b1568de-2527-41a3-8654-acaea509ce57.jpg,True
b8951964-24c0-4060-badc-f228b53d641b,小学,艺术·音乐,一年级,上册,苏少版（简谱）,（根据2022年版课程标准修订）义务教育教科书•艺术•音乐（简谱）一年级上册,output\教材封面\b8\b8951964-24c0-4060-badc-f228b53d641b.jpg,True
76632b59-b036-4aa7-aa58-680399413bc6,小学,艺术·音乐,一年级,下册,苏少版（简谱）,（根据2022年版课程标准修订）义务教育教科书•艺术•音乐（简谱）一年级下册,output\教材封面\76\76632b59-b036-4aa7-aa58-680399413bc6.jpg,True
766e37d1-e123-4873-8568-d3e0c52eedbe,小学,艺术·音乐,二年级,上册,苏少版（简谱）,（根据2022年版课程标准修订）义务教育教科书·音乐（简谱）二年级上册,output\教材封面\76\766e37d1-e123-4873-8568-d3e0c52eedbe.jpg,True
ad32672d-c699-4dbb-b5cb-3f835f37f68c,小学,艺术·音乐,二年级,下册,苏少版（简谱）,（根据2022年版课程标准修订）义务教育教科书•艺术•音乐（简谱）二年级下册,output\教材封面\ad\ad32672d-c699-4dbb-b5cb-3f835f37f68c.jpg,True
94f8c3c1-f042-4a83-a518-54923f5a793a,小学,艺术·音乐,三年级,上册,苏少版（简谱）,（根据2022年版课程标准修订）义务教育教科书·音乐（简谱）三年级上册,output\教材封面\94\94f8c3c1-f042-4a83-a518-54923f5a793a.jpg,True
045236fc-672d-42be-b6bc-14f2b80b1122,小学,艺术·音乐,三年级,下册,苏少版（简谱）,（根据2022年版课程标准修订）义务教育教科书•艺术•音乐（简谱）三年级下册,output\教材封面\04\045236fc-672d-42be-b6bc-14f2b80b1122.jpg,True
bea6984f-3afb-4c10-baa1-bcb185e10a50,小学,艺术·音乐,四年级,上册,苏少版（简谱）,义务教育教科书·音乐（简谱）四年级上册,output\教材封面\be\bea6984f-3afb-4c10-baa1-bcb185e10a50.jpg,True
e4add9c9-5ab7-4bff-81cb-92448a87583b,小学,艺术·音乐,四年级,下册,苏少版（简谱）,义务教育教科书·音乐（简谱）四年级下册,output\教材封面\e4\e4add9c9-5ab7-4bff-81cb-92448a87583b.jpg,True
5dff9889-f392-411f-b6b8-54a85ef9b88f,小学,艺术·音乐,五年级,上册,苏少版（简谱）,义务教育教科书·音乐（简谱）五年级上册,output\教材封面\5d\5dff9889-f392-411f-b6b8-54a85ef9b88f.jpg,True
646e486f-f949-4c4e-a85c-bc4ec91eff32,小学,艺术·音乐,五年级,下册,苏少版（简谱）,义务教育教科书·音乐（简谱）五年级下册,output\教材封面\64\646e486f-f949-4c4e-a85c-bc4ec91eff32.jpg,True
bf368014-5b19-48e9-8666-77b396da9f44,小学,艺术·音乐,六年级,上册,苏少版（简谱）,义务教育教科书·音乐（简谱）六年级上册,output\教材封面\bf\bf368014-5b19-48e9-8666-77b396da9f44.jpg,True
c8059d1d-de87-4c11-af54-85d8366d4188,小学,艺术·音乐,六年级,下册,苏少版（简谱）,义务教育教科书·音乐（简谱）六年级下册,output\教材封面\c8\c8059d1d-de87-4c11-af54-85d8366d4188.jpg,True
3fc7b56e-2d85-4aa3-97d6-fe26e9a5adda,小学,艺术·音乐,一年级,上册,接力社版,（根据2022年版课程标准修订）义务教育教科书•艺术•音乐（简谱）一年级上册,output\教材封面\3f\3fc7b56e-2d85-4aa3-97d6-fe26e9a5adda.jpg,True
dfd989d9-35bc-4f20-92cf-747265a75764,小学,艺术·音乐,一年级,下册,接力社版,（根据2022年版课程标准修订）义务教育教科书•艺术•音乐一年级下册,output\教材封面\df\dfd989d9-35bc-4f20-92cf-747265a75764.jpg,True
ad2b82aa-0a8b-4593-8e63-d3572a91272e,小学,艺术·音乐,二年级,上册,接力社版,（根据2022年版课程标准修订）义务教育教科书•艺术•音乐（简谱）二年级上册,output\教材封面\ad\ad2b82aa-0a8b-4593-8e63-d3572a91272e.jpg,True
0a3a580a-103d-437d-8373-a6754286876c,小学,艺术·音乐,二年级,下册,接力社版,（根据2022年版课程标准修订）义务教育教科书•艺术•音乐二年级下册,output\教材封面\0a\0a3a580a-103d-437d-8373-a6754286876c.jpg,True
4868ddad-530b-4ac9-a96c-db881e05b446,小学,艺术·音乐,三年级,上册,接力社版,（根据2022年版课程标准修订）义务教育教科书•艺术•音乐（简谱）三年级上册,output\教材封面\48\4868ddad-530b-4ac9-a96c-db881e05b446.jpg,True
079f09d8-5ff1-41a8-abce-cb858844a395,小学,艺术·音乐,三年级,下册,接力社版,（根据2022年版课程标准修订）义务教育教科书•艺术•音乐三年级下册,output\教材封面\07\079f09d8-5ff1-41a8-abce-cb858844a395.jpg,True
ccabffe1-1e94-4916-8d55-68d059c9cbe4,小学,艺术·音乐,四年级,上册,接力社版,义务教育教科书·音乐四年级上册,output\教材封面\cc\ccabffe1-1e94-4916-8d55-68d059c9cbe4.jpg,True
4e57fff6-a074-4230-beec-07cdc12d2c54,小学,艺术·音乐,四年级,下册,接力社版,义务教育教科书·音乐四年级下册,output\教材封面\4e\4e57fff6-a074-4230-beec-07cdc12d2c54.jpg,True
4085b385-81aa-46ac-91f5-712f6ec42941,小学,艺术·音乐,五年级,上册,接力社版,义务教育教科书·音乐五年级上册,output\教材封面\40\4085b385-81aa-46ac-91f5-712f6ec42941.jpg,True
b6b0e980-c7e8-4b98-b55b-698f69abacb7,小学,艺术·音乐,五年级,下册,接力社版,义务教育教科书·音乐五年级下册,output\教材封面\b6\b6b0e980-c7e8-4b98-b55b-698f69abacb7.jpg,True
75e5deb9-aba3-45a4-aed9-334bbdea2c31,小学,艺术·音乐,六年级,上册,接力社版,义务教育教科书·音乐六年级上册,output\教材封面\75\75e5deb9-aba3-45a4-aed9-334bbdea2c31.jpg,True
3dac3f69-aecc-4d94-a1fa-81b58738f2c4,小学,艺术·音乐,六年级,下册,接力社版,义务教育教科书·音乐六年级下册,output\教材封面\3d\3dac3f69-aecc-4d94-a1fa-81b58738f2c4.jpg,True
6b5bacd7-fc1b-4667-9394-b97850267207,小学,艺术·音乐,一年级,上册,辽海版,（根据2022年版课程标准修订）义务教育教科书•艺术•音乐一年级上册,output\教材封面\6b\6b5bacd7-fc1b-4667-9394-b97850267207.jpg,True
d11ba6c6-d460-4840-b64e-c164f7c5c05d,小学,艺术·音乐,一年级,下册,辽海版,（根据2022年版课程标准修订）义务教育教科书•艺术•音乐一年级下册,output\教材封面\d1\d11ba6c6-d460-4840-b64e-c164f7c5c05d.jpg,True
b341a603-e2da-4833-b2b8-be933b8cf103,小学,艺术·音乐,二年级,上册,辽海版,（根据2022年版课程标准修订）义务教育教科书•艺术•音乐二年级上册,output\教材封面\b3\b341a603-e2da-4833-b2b8-be933b8cf103.jpg,True
e2209d21-10bc-4325-a6a7-7b418537abd5,小学,艺术·音乐,二年级,下册,辽海版,（根据2022年版课程标准修订）义务教育教科书•艺术•音乐二年级下册,output\教材封面\e2\e2209d21-10bc-4325-a6a7-7b418537abd5.jpg,True
a4fa6163-00ab-4b34-b5b4-09c91997ba9b,小学,艺术·音乐,三年级,上册,辽海版,（根据2022年版课程标准修订）义务教育教科书•艺术•音乐三年级上册,output\教材封面\a4\a4fa6163-00ab-4b34-b5b4-09c91997ba9b.jpg,True
5856b540-269a-4fd6-b14d-d7276bf252f7,小学,艺术·音乐,三年级,下册,辽海版,（根据2022年版课程标准修订）义务教育教科书•艺术•音乐三年级下册,output\教材封面\58\5856b540-269a-4fd6-b14d-d7276bf252f7.jpg,True
1d2a3d69-a5a8-41d4-8e4f-cdbc7e6c96d3,小学,艺术·音乐,四年级,上册,辽海版,义务教育教科书·音乐四年级上册,output\教材封面\1d\1d2a3d69-a5a8-41d4-8e4f-cdbc7e6c96d3.jpg,True
65e528ea-c62f-438d-ae45-63ea7cb6a3bb,小学,艺术·音乐,四年级,下册,辽海版,义务教育教科书·音乐四年级下册,output\教材封面\65\65e528ea-c62f-438d-ae45-63ea7cb6a3bb.jpg,True
114fe71c-97c6-4eeb-b106-f561fe7ae42b,小学,艺术·音乐,五年级,上册,辽海版,义务教育教科书·音乐五年级上册,output\教材封面\11\114fe71c-97c6-4eeb-b106-f561fe7ae42b.jpg,True
eec6fa1e-ce4c-4c27-bdc3-4b84c7a66842,小学,艺术·音乐,五年级,下册,辽海版,义务教育教科书·音乐五年级下册,output\教材封面\ee\eec6fa1e-ce4c-4c27-bdc3-4b84c7a66842.jpg,True
554fc6d2-4c9e-4d47-9f27-8a1a07d1c633,小学,艺术·音乐,六年级,上册,辽海版,义务教育教科书·音乐六年级上册,output\教材封面\55\554fc6d2-4c9e-4d47-9f27-8a1a07d1c633.jpg,True
142b53a5-79c7-475a-a5fa-26c887739be9,小学,艺术·音乐,六年级,下册,辽海版,义务教育教科书·音乐六年级下册,output\教材封面\14\142b53a5-79c7-475a-a5fa-26c887739be9.jpg,True
1edc1df4-6e15-4a27-954c-3314300e4c9a,小学,艺术·音乐,一年级,上册,人教版（五线谱）,（根据2022年版课程标准修订）义务教育教科书·音乐（五线谱）一年级上册,output\教材封面\1e\1edc1df4-6e15-4a27-954c-3314300e4c9a.jpg,True
5d694f11-3b33-4949-a837-0213e3611e98,小学,艺术·音乐,一年级,下册,人教版（五线谱）,（根据2022年版课程标准修订）义务教育教科书·艺术·唱游·音乐（五线谱）一年级下册,output\教材封面\5d\5d694f11-3b33-4949-a837-0213e3611e98.jpg,True
53b6f28c-15ec-4dd5-bfe7-3f62aa0188a4,小学,艺术·音乐,二年级,上册,人教版（五线谱）,（根据2022年版课程标准修订）义务教育教科书·音乐（五线谱）二年级上册,output\教材封面\53\53b6f28c-15ec-4dd5-bfe7-3f62aa0188a4.jpg,True
53b6151c-0958-4ecf-991e-90de1ea2a182,小学,艺术·音乐,二年级,下册,人教版（五线谱）,（根据2022年版课程标准修订）义务教育教科书·艺术·唱游·音乐（五线谱）二年级下册,output\教材封面\53\53b6151c-0958-4ecf-991e-90de1ea2a182.jpg,True
01f139f1-7525-4c1b-bb16-8bb16ecf86d2,小学,艺术·音乐,三年级,上册,人教版（五线谱）,（根据2022年版课程标准修订）义务教育教科书·音乐（五线谱）三年级上册,output\教材封面\01\01f139f1-7525-4c1b-bb16-8bb16ecf86d2.jpg,True
d2fadd45-a68b-4647-9e06-35c6ab8ca1a7,小学,艺术·音乐,三年级,下册,人教版（五线谱）,（根据2022年版课程标准修订）义务教育教科书·音乐（五线谱）三年级下册,output\教材封面\d2\d2fadd45-a68b-4647-9e06-35c6ab8ca1a7.jpg,True
c5e04c30-a7b6-4387-95a9-1fc594c55dd3,小学,艺术·音乐,四年级,上册,人教版（五线谱）,义务教育教科书·音乐（五线谱）四年级上册,output\教材封面\c5\c5e04c30-a7b6-4387-95a9-1fc594c55dd3.jpg,True
952f6ffd-ca17-4239-8e65-4df82f48447d,小学,艺术·音乐,四年级,下册,人教版（五线谱）,义务教育教科书·音乐（五线谱）四年级下册,output\教材封面\95\952f6ffd-ca17-4239-8e65-4df82f48447d.jpg,True
c6b0bc34-5897-4f08-b3c9-a96351bfb0c3,小学,艺术·音乐,五年级,上册,人教版（五线谱）,义务教育教科书·音乐（五线谱）五年级上册,output\教材封面\c6\c6b0bc34-5897-4f08-b3c9-a96351bfb0c3.jpg,True
de918666-2562-4867-9d02-3da904a5595a,小学,艺术·音乐,五年级,下册,人教版（五线谱）,义务教育教科书·音乐（五线谱）五年级下册,output\教材封面\de\de918666-2562-4867-9d02-3da904a5595a.jpg,True
4ec9b2df-2eb1-48f4-a7b5-9fd3a939acb0,小学,艺术·音乐,六年级,上册,人教版（五线谱）,义务教育教科书·音乐（五线谱）六年级上册,output\教材封面\4e\4ec9b2df-2eb1-48f4-a7b5-9fd3a939acb0.jpg,True
b501ad0d-fd6e-479d-96b4-2bd9f14fd705,小学,艺术·音乐,六年级,下册,人教版（五线谱）,义务教育教科书·音乐（五线谱）六年级下册,output\教材封面\b5\b501ad0d-fd6e-479d-96b4-2bd9f14fd705.jpg,True
9f433ce8-5378-47b8-89c5-56dae0691bbe,小学,艺术·音乐,一年级,上册,人教版（简谱）,（根据2022年版课程标准修订）义务教育教科书·音乐（简谱）一年级上册,output\教材封面\9f\9f433ce8-5378-47b8-89c5-56dae0691bbe.jpg,True
2f5c2fd2-c56f-43c0-8ad4-9ff110836a82,小学,艺术·音乐,一年级,下册,人教版（简谱）,（根据2022年版课程标准修订）义务教育教科书·艺术·唱游·音乐（简谱）一年级下册,output\教材封面\2f\2f5c2fd2-c56f-43c0-8ad4-9ff110836a82.jpg,True
276ef2f9-06ef-446c-90ff-5e436295af34,小学,艺术·音乐,二年级,上册,人教版（简谱）,（根据2022年版课程标准修订）义务教育教科书·音乐（简谱）二年级上册,output\教材封面\27\276ef2f9-06ef-446c-90ff-5e436295af34.jpg,True
cc750305-19c7-46fc-95ee-c54bc1f372d4,小学,艺术·音乐,二年级,下册,人教版（简谱）,（根据2022年版课程标准修订）义务教育教科书·艺术·唱游·音乐（简谱）二年级下册,output\教材封面\cc\cc750305-19c7-46fc-95ee-c54bc1f372d4.jpg,True
a87f06b8-e3b0-474b-9007-1fb8372e2973,小学,艺术·音乐,三年级,上册,人教版（简谱）,（根据2022年版课程标准修订）义务教育教科书·音乐（简谱）三年级上册,output\教材封面\a8\a87f06b8-e3b0-474b-9007-1fb8372e2973.jpg,True
9a2b3cee-2548-4d61-bf7c-54ae24cf2ea3,小学,艺术·音乐,三年级,下册,人教版（简谱）,（根据2022年版课程标准修订）义务教育教科书·音乐（简谱）三年级下册,output\教材封面\9a\9a2b3cee-2548-4d61-bf7c-54ae24cf2ea3.jpg,True
b943bed9-46fb-4e29-910e-c7237f3cc9e9,小学,艺术·音乐,四年级,上册,人教版（简谱）,义务教育教科书·音乐（简谱）四年级上册,output\教材封面\b9\b943bed9-46fb-4e29-910e-c7237f3cc9e9.jpg,True
228eccae-cdb5-4a54-bf7e-db30e3f93c68,小学,艺术·音乐,四年级,下册,人教版（简谱）,义务教育教科书·音乐（简谱）四年级下册,output\教材封面\22\228eccae-cdb5-4a54-bf7e-db30e3f93c68.jpg,True
b02bb6a8-a879-4f04-9118-c8b4126ddb7f,小学,艺术·音乐,五年级,上册,人教版（简谱）,义务教育教科书·音乐（简谱）五年级上册,output\教材封面\b0\b02bb6a8-a879-4f04-9118-c8b4126ddb7f.jpg,True
0d01b112-2b6d-4fa2-820b-2092867309ec,小学,艺术·音乐,五年级,下册,人教版（简谱）,义务教育教科书·音乐（简谱）五年级下册,output\教材封面\0d\0d01b112-2b6d-4fa2-820b-2092867309ec.jpg,True
93449efd-767d-4b69-ba8b-4d762e7ae204,小学,艺术·音乐,六年级,上册,人教版（简谱）,义务教育教科书·音乐（简谱）六年级上册,output\教材封面\93\93449efd-767d-4b69-ba8b-4d762e7ae204.jpg,True
49630530-8842-4c43-8385-cdff71233db5,小学,艺术·音乐,六年级,下册,人教版（简谱）,义务教育教科书·音乐（简谱）六年级下册,output\教材封面\49\49630530-8842-4c43-8385-cdff71233db5.jpg,True
d0dbebac-0ab2-4207-b945-3b15ffc02f48,小学,艺术·音乐,一年级,上册,人音版（五线谱）（主编：曹理）,义务教育教科书·音乐（五线谱）一年级上册,output\教材封面\d0\d0dbebac-0ab2-4207-b945-3b15ffc02f48.jpg,True
20ad5015-f54f-47a1-aa76-e84d8188763e,小学,艺术·音乐,一年级,下册,人音版（五线谱）（主编：曹理）,义务教育教科书·音乐（五线谱）一年级下册,output\教材封面\20\20ad5015-f54f-47a1-aa76-e84d8188763e.jpg,True
21ab8b84-5743-4a6b-b0bc-b1b236168b66,小学,艺术·音乐,二年级,上册,人音版（五线谱）（主编：曹理）,义务教育教科书·音乐（五线谱）二年级上册,output\教材封面\21\21ab8b84-5743-4a6b-b0bc-b1b236168b66.jpg,True
67214821-84ba-4a21-8d17-b1e28e3f6249,小学,艺术·音乐,二年级,下册,人音版（五线谱）（主编：曹理）,义务教育教科书·音乐（五线谱）二年级下册,output\教材封面\67\67214821-84ba-4a21-8d17-b1e28e3f6249.jpg,True
a5e52995-3a83-4f73-bdc5-139b2b43ff95,小学,艺术·音乐,三年级,上册,人音版（五线谱）（主编：曹理）,义务教育教科书·音乐（五线谱）三年级上册,output\教材封面\a5\a5e52995-3a83-4f73-bdc5-139b2b43ff95.jpg,True
6a15a940-d8c6-4a19-ae22-353e752a9a4c,小学,艺术·音乐,三年级,下册,人音版（五线谱）（主编：曹理）,义务教育教科书·音乐（五线谱）三年级下册,output\教材封面\6a\6a15a940-d8c6-4a19-ae22-353e752a9a4c.jpg,True
5c26928f-f57e-42bf-b416-da550319d359,小学,艺术·音乐,四年级,上册,人音版（五线谱）（主编：曹理）,义务教育教科书·音乐（五线谱）四年级上册,output\教材封面\5c\5c26928f-f57e-42bf-b416-da550319d359.jpg,True
020bafed-cd4d-4ab0-a6cb-aad4b8a7faf5,小学,艺术·音乐,四年级,下册,人音版（五线谱）（主编：曹理）,义务教育教科书·音乐（五线谱）四年级下册,output\教材封面\02\020bafed-cd4d-4ab0-a6cb-aad4b8a7faf5.jpg,True
3d8099a0-c31b-42f3-b3c6-5e4a0a7266b8,小学,艺术·音乐,五年级,上册,人音版（五线谱）（主编：曹理）,义务教育教科书·音乐（五线谱）五年级上册,output\教材封面\3d\3d8099a0-c31b-42f3-b3c6-5e4a0a7266b8.jpg,True
cf6ca343-4771-48de-b7ca-c8364d49bf86,小学,艺术·音乐,五年级,下册,人音版（五线谱）（主编：曹理）,义务教育教科书·音乐（五线谱）五年级下册,output\教材封面\cf\cf6ca343-4771-48de-b7ca-c8364d49bf86.jpg,True
edf6ad45-a252-464f-a777-66f313a9f182,小学,艺术·音乐,六年级,上册,人音版（五线谱）（主编：曹理）,义务教育教科书·音乐（五线谱）六年级上册,output\教材封面\ed\edf6ad45-a252-464f-a777-66f313a9f182.jpg,True
a2a5ec1d-badd-4911-a460-806fd37b2d90,小学,艺术·音乐,六年级,下册,人音版（五线谱）（主编：曹理）,义务教育教科书·音乐（五线谱）六年级下册,output\教材封面\a2\a2a5ec1d-badd-4911-a460-806fd37b2d90.jpg,True
eb3e1f96-6068-4c22-a3ff-efcacddf01bc,小学,艺术·音乐,一年级,上册,人音版（简谱）（主编：曹理）,义务教育教科书·音乐（简谱）一年级上册,output\教材封面\eb\eb3e1f96-6068-4c22-a3ff-efcacddf01bc.jpg,True
915fda51-2340-4b15-a8dc-325e24d18424,小学,艺术·音乐,一年级,下册,人音版（简谱）（主编：曹理）,义务教育教科书·音乐（简谱）一年级下册,output\教材封面\91\915fda51-2340-4b15-a8dc-325e24d18424.jpg,True
e262778a-fdb1-487c-b3a6-5580077bc240,小学,艺术·音乐,二年级,上册,人音版（简谱）（主编：曹理）,义务教育教科书·音乐（简谱）二年级上册,output\教材封面\e2\e262778a-fdb1-487c-b3a6-5580077bc240.jpg,True
de833454-7996-4c2b-bddb-4d5b08debd85,小学,艺术·音乐,二年级,下册,人音版（简谱）（主编：曹理）,义务教育教科书·音乐（简谱）二年级下册,output\教材封面\de\de833454-7996-4c2b-bddb-4d5b08debd85.jpg,True
0582388c-c285-430b-acfd-164a1781de28,小学,艺术·音乐,三年级,上册,人音版（简谱）（主编：曹理）,义务教育教科书·音乐（简谱）三年级上册,output\教材封面\05\0582388c-c285-430b-acfd-164a1781de28.jpg,True
3a17dddf-461c-4806-8e41-726f3c311f6e,小学,艺术·音乐,三年级,下册,人音版（简谱）（主编：曹理）,义务教育教科书·音乐（简谱）三年级下册,output\教材封面\3a\3a17dddf-461c-4806-8e41-726f3c311f6e.jpg,True
ea0812e7-3ea2-43ff-b6d0-541dd8d3f48b,小学,艺术·音乐,四年级,上册,人音版（简谱）（主编：曹理）,义务教育教科书·音乐（简谱）四年级上册,output\教材封面\ea\ea0812e7-3ea2-43ff-b6d0-541dd8d3f48b.jpg,True
f3ec1624-597b-4481-b2e3-4e710dc63637,小学,艺术·音乐,四年级,下册,人音版（简谱）（主编：曹理）,义务教育教科书·音乐（简谱）四年级下册,output\教材封面\f3\f3ec1624-597b-4481-b2e3-4e710dc63637.jpg,True
80f97882-8e2f-4355-ac98-9428b4336b4d,小学,艺术·音乐,五年级,上册,人音版（简谱）（主编：曹理）,义务教育教科书·音乐（简谱）五年级上册,output\教材封面\80\80f97882-8e2f-4355-ac98-9428b4336b4d.jpg,True
f91a7d1c-bf55-451e-b086-175140861817,小学,艺术·音乐,五年级,下册,人音版（简谱）（主编：曹理）,义务教育教科书·音乐（简谱）五年级下册,output\教材封面\f9\f91a7d1c-bf55-451e-b086-175140861817.jpg,True
1446aeec-6743-48b4-b17b-bc9677fe6711,小学,艺术·音乐,六年级,上册,人音版（简谱）（主编：曹理）,义务教育教科书·音乐（简谱）六年级上册,output\教材封面\14\1446aeec-6743-48b4-b17b-bc9677fe6711.jpg,True
2e37587d-f6bb-48d0-a3c2-90422ff9f3e8,小学,艺术·音乐,六年级,下册,人音版（简谱）（主编：曹理）,义务教育教科书·音乐（简谱）六年级下册,output\教材封面\2e\2e37587d-f6bb-48d0-a3c2-90422ff9f3e8.jpg,True
0b670788-1513-4be1-a9f6-33560f7b7f25,小学,艺术·音乐,一年级,上册,人音版（主编：敬谱）,义务教育教科书·音乐一年级上册,output\教材封面\0b\0b670788-1513-4be1-a9f6-33560f7b7f25.jpg,True
8383d859-dc4c-4390-a63e-30a736e6dca6,小学,艺术·音乐,一年级,下册,人音版（主编：敬谱）,义务教育教科书·音乐一年级下册,output\教材封面\83\8383d859-dc4c-4390-a63e-30a736e6dca6.jpg,True
86952267-6eec-4529-95fb-3ad6a74ac9f2,小学,艺术·音乐,二年级,上册,人音版（主编：敬谱）,义务教育教科书·音乐二年级上册,output\教材封面\86\86952267-6eec-4529-95fb-3ad6a74ac9f2.jpg,True
2db0f0e0-c317-4eee-9236-021f1eb24dd5,小学,艺术·音乐,二年级,下册,人音版（主编：敬谱）,义务教育教科书·音乐二年级下册,output\教材封面\2d\2db0f0e0-c317-4eee-9236-021f1eb24dd5.jpg,True
b9f27b41-a177-41fb-9a07-0f3a4640cadf,小学,艺术·音乐,三年级,上册,人音版（主编：敬谱）,义务教育教科书·音乐三年级上册,output\教材封面\b9\b9f27b41-a177-41fb-9a07-0f3a4640cadf.jpg,True
ea46abb8-97a8-4559-a3eb-5ff0797c2ac3,小学,艺术·音乐,三年级,下册,人音版（主编：敬谱）,义务教育教科书·音乐三年级下册,output\教材封面\ea\ea46abb8-97a8-4559-a3eb-5ff0797c2ac3.jpg,True
95b3e55f-6385-478e-a161-f2b991791ffb,小学,艺术·音乐,四年级,上册,人音版（主编：敬谱）,义务教育教科书·音乐四年级上册,output\教材封面\95\95b3e55f-6385-478e-a161-f2b991791ffb.jpg,True
c667f6cb-bd90-4562-894a-b395a8b99b06,小学,艺术·音乐,四年级,下册,人音版（主编：敬谱）,义务教育教科书·音乐四年级下册,output\教材封面\c6\c667f6cb-bd90-4562-894a-b395a8b99b06.jpg,True
673a26dc-23c7-4e53-b012-e0371d515ff2,小学,艺术·音乐,五年级,上册,人音版（主编：敬谱）,义务教育教科书·音乐五年级上册,output\教材封面\67\673a26dc-23c7-4e53-b012-e0371d515ff2.jpg,True
331fc101-223a-4222-8360-2115b4e71fe8,小学,艺术·音乐,五年级,下册,人音版（主编：敬谱）,义务教育教科书·音乐五年级下册,output\教材封面\33\331fc101-223a-4222-8360-2115b4e71fe8.jpg,True
810d76fb-2016-4c52-a01a-d5ef28469034,小学,艺术·音乐,六年级,上册,人音版（主编：敬谱）,义务教育教科书·音乐六年级上册,output\教材封面\81\810d76fb-2016-4c52-a01a-d5ef28469034.jpg,True
bab94c44-f831-4e33-869d-1f7062f9f8d5,小学,艺术·音乐,六年级,下册,人音版（主编：敬谱）,义务教育教科书·音乐六年级下册,output\教材封面\ba\bab94c44-f831-4e33-869d-1f7062f9f8d5.jpg,True
8dd6173b-8b93-4c10-8c38-7af4cb9e9335,小学,艺术·音乐,一年级,上册,沪教版,（根据2022年版课程标准修订）义务教育教科书•艺术•音乐一年级上册,output\教材封面\8d\8dd6173b-8b93-4c10-8c38-7af4cb9e9335.jpg,True
247ccdf3-1b5a-40e7-917b-d332f846020a,小学,艺术·音乐,一年级,下册,沪教版,（根据2022年版课程标准修订）义务教育教科书•艺术•音乐一年级下册,output\教材封面\24\247ccdf3-1b5a-40e7-917b-d332f846020a.jpg,True
86a916ad-f38c-429b-abea-adbab1b99b46,小学,艺术·音乐,二年级,上册,沪教版,（根据2022年版课程标准修订）义务教育教科书·音乐二年级上册,output\教材封面\86\86a916ad-f38c-429b-abea-adbab1b99b46.jpg,True
cc880729-1a24-4ab1-bc18-eaa020587ab8,小学,艺术·音乐,二年级,下册,沪教版,（根据2022年版课程标准修订）义务教育教科书•艺术•音乐二年级下册,output\教材封面\cc\cc880729-1a24-4ab1-bc18-eaa020587ab8.jpg,True
1338c62c-bdb3-4870-9879-235ce107b938,小学,艺术·音乐,三年级,上册,沪教版,（根据2022年版课程标准修订）义务教育教科书·音乐三年级上册,output\教材封面\13\1338c62c-bdb3-4870-9879-235ce107b938.jpg,True
49a936d9-b076-40fe-a67a-c7e8124c7ea3,小学,艺术·音乐,三年级,下册,沪教版,（根据2022年版课程标准修订）义务教育教科书•艺术•音乐三年级下册,output\教材封面\49\49a936d9-b076-40fe-a67a-c7e8124c7ea3.jpg,True
ade6cbd6-f8f3-43ad-996f-72c75ad6e248,小学,艺术·音乐,四年级,上册,沪教版,义务教育教科书·音乐四年级上册,output\教材封面\ad\ade6cbd6-f8f3-43ad-996f-72c75ad6e248.jpg,True
88ca7aa8-c952-4200-813c-77fefd0c035a,小学,艺术·音乐,四年级,下册,沪教版,义务教育教科书·音乐四年级下册,output\教材封面\88\88ca7aa8-c952-4200-813c-77fefd0c035a.jpg,True
1305bab3-b07d-4dd4-af42-ff8a4def5743,小学,艺术·音乐,五年级,上册,沪教版,义务教育教科书·音乐五年级上册,output\教材封面\13\1305bab3-b07d-4dd4-af42-ff8a4def5743.jpg,True
3032b271-a4f9-43d5-96e0-c2f0bdb42d93,小学,艺术·音乐,五年级,下册,沪教版,义务教育教科书·音乐五年级下册,output\教材封面\30\3032b271-a4f9-43d5-96e0-c2f0bdb42d93.jpg,True
7c28f3d5-0f3e-4abe-a4d3-872e123cc6eb,小学,艺术·音乐,六年级,上册,沪教版,义务教育教科书·音乐六年级上册,output\教材封面\7c\7c28f3d5-0f3e-4abe-a4d3-872e123cc6eb.jpg,True
5020cc24-a43f-4812-afbe-ffdb6260600d,小学,艺术·音乐,六年级,下册,沪教版,义务教育教科书·音乐六年级下册,output\教材封面\50\5020cc24-a43f-4812-afbe-ffdb6260600d.jpg,True
86f509b3-2671-4eec-88cc-0a436060f4c6,小学,艺术·音乐,一年级,上册,西南大学版,（根据2022年版课程标准修订）义务教育教科书•艺术•音乐一年级上册,output\教材封面\86\86f509b3-2671-4eec-88cc-0a436060f4c6.jpg,True
e41a4a53-5502-4cdf-8c38-3f4311947140,小学,艺术·音乐,一年级,下册,西南大学版,（根据2022年版课程标准修订）义务教育教科书•艺术•音乐一年级下册,output\教材封面\e4\e41a4a53-5502-4cdf-8c38-3f4311947140.jpg,True
e5e01e29-4aa2-4930-ba7c-5480e81ebc12,小学,艺术·音乐,二年级,上册,西南大学版,（根据2022年版课程标准修订）义务教育教科书·音乐二年级上册,output\教材封面\e5\e5e01e29-4aa2-4930-ba7c-5480e81ebc12.jpg,True
a4ebfb14-6427-4acd-860c-ec8fe1303d21,小学,艺术·音乐,二年级,下册,西南大学版,（根据2022年版课程标准修订）义务教育教科书•艺术•音乐二年级下册,output\教材封面\a4\a4ebfb14-6427-4acd-860c-ec8fe1303d21.jpg,True
0e8f8542-e727-412b-83a4-3722e89ce6b0,小学,艺术·音乐,三年级,上册,西南大学版,（根据2022年版课程标准修订）义务教育教科书·音乐三年级上册,output\教材封面\0e\0e8f8542-e727-412b-83a4-3722e89ce6b0.jpg,True
bee25fa4-7c1d-441e-bc56-71bc2dde1316,小学,艺术·音乐,三年级,下册,西南大学版,（根据2022年版课程标准修订）义务教育教科书•艺术•音乐三年级下册,output\教材封面\be\bee25fa4-7c1d-441e-bc56-71bc2dde1316.jpg,True
ee52f926-2013-48c2-96b7-cdf9c7e61e5d,小学,艺术·音乐,四年级,上册,西南大学版,义务教育教科书·音乐四年级上册,output\教材封面\ee\ee52f926-2013-48c2-96b7-cdf9c7e61e5d.jpg,True
1997f676-8b2d-482d-b84e-283eba86858a,小学,艺术·音乐,四年级,下册,西南大学版,义务教育教科书·音乐四年级下册,output\教材封面\19\1997f676-8b2d-482d-b84e-283eba86858a.jpg,True
db70d6bf-0240-4828-ad88-e8adeaee8fec,小学,艺术·音乐,五年级,上册,西南大学版,义务教育教科书·音乐五年级上册,output\教材封面\db\db70d6bf-0240-4828-ad88-e8adeaee8fec.jpg,True
df54f466-da0c-4c7a-8e27-dae32c57aab0,小学,艺术·音乐,五年级,下册,西南大学版,义务教育教科书·音乐五年级下册,output\教材封面\df\df54f466-da0c-4c7a-8e27-dae32c57aab0.jpg,True
cf3b23f7-56a5-47e0-bc02-ba1b85f9af27,小学,艺术·音乐,六年级,上册,西南大学版,义务教育教科书·音乐六年级上册,output\教材封面\cf\cf3b23f7-56a5-47e0-bc02-ba1b85f9af27.jpg,True
42f94d78-b11f-4f71-82cc-0a8d91137731,小学,艺术·音乐,六年级,下册,西南大学版,义务教育教科书·音乐六年级下册,output\教材封面\42\42f94d78-b11f-4f71-82cc-0a8d91137731.jpg,True
970541d1-ad17-4cbc-933d-a3c64d4eb3bd,小学,艺术·美术,一年级,上册,桂美版,（根据2022年版课程标准修订）义务教育教科书•艺术•美术一年级上册,output\教材封面\97\970541d1-ad17-4cbc-933d-a3c64d4eb3bd.jpg,True
5e6c5e31-0905-46da-ad5f-f1dda340e1f0,小学,艺术·美术,一年级,下册,桂美版,（根据2022年版课程标准修订）义务教育教科书•艺术•美术一年级下册,output\教材封面\5e\5e6c5e31-0905-46da-ad5f-f1dda340e1f0.jpg,True
e94e7070-3293-4247-98bf-299597714fa3,小学,艺术·美术,二年级,上册,桂美版,（根据2022年版课程标准修订）义务教育教科书•艺术•美术二年级上册,output\教材封面\e9\e94e7070-3293-4247-98bf-299597714fa3.jpg,True
bbc05216-fe50-4dd0-a836-409c3ceb3d7c,小学,艺术·美术,二年级,下册,桂美版,（根据2022年版课程标准修订）义务教育教科书•艺术•美术二年级下册,output\教材封面\bb\bbc05216-fe50-4dd0-a836-409c3ceb3d7c.jpg,True
355336ac-8084-4ec4-ba6f-b3d492cd8fab,小学,艺术·美术,三年级,上册,桂美版,（根据2022年版课程标准修订）义务教育教科书•艺术•美术三年级上册,output\教材封面\35\355336ac-8084-4ec4-ba6f-b3d492cd8fab.jpg,True
28ef12f0-cf8b-48eb-8774-701ed4acb0f5,小学,艺术·美术,三年级,下册,桂美版,（根据2022年版课程标准修订）义务教育教科书•艺术•美术三年级下册,output\教材封面\28\28ef12f0-cf8b-48eb-8774-701ed4acb0f5.jpg,True
fbb987c5-0e6b-4327-8716-3e69f28a8788,小学,艺术·美术,四年级,上册,桂美版,义务教育教科书·美术四年级上册,output\教材封面\fb\fbb987c5-0e6b-4327-8716-3e69f28a8788.jpg,True
222d69c5-4113-4ff9-b7d9-ed9a0e0b25bf,小学,艺术·美术,四年级,下册,桂美版,义务教育教科书·美术四年级下册,output\教材封面\22\222d69c5-4113-4ff9-b7d9-ed9a0e0b25bf.jpg,True
fe7a4a7a-9dc5-43a0-b2cc-89d402e071c9,小学,艺术·美术,五年级,上册,桂美版,义务教育教科书·美术五年级上册,output\教材封面\fe\fe7a4a7a-9dc5-43a0-b2cc-89d402e071c9.jpg,True
0171f7ef-259f-40b8-9dff-095a91e6321a,小学,艺术·美术,五年级,下册,桂美版,义务教育教科书·美术五年级下册,output\教材封面\01\0171f7ef-259f-40b8-9dff-095a91e6321a.jpg,True
dc783ca1-8934-4b31-8aae-a8ae40b268e1,小学,艺术·美术,六年级,上册,桂美版,义务教育教科书·美术六年级上册,output\教材封面\dc\dc783ca1-8934-4b31-8aae-a8ae40b268e1.jpg,True
ea9a0fdd-3a9d-4aca-97ad-dad626f5aecd,小学,艺术·美术,六年级,下册,桂美版,义务教育教科书·美术六年级下册,output\教材封面\ea\ea9a0fdd-3a9d-4aca-97ad-dad626f5aecd.jpg,True
635fdab5-edf4-4d47-80b2-865119c6d73b,小学,艺术·美术,一年级,上册,冀美版,（根据2022年版课程标准修订）义务教育教科书•艺术•美术一年级上册,output\教材封面\63\635fdab5-edf4-4d47-80b2-865119c6d73b.jpg,True
aa5b9d7a-28c3-49ee-94b4-ac84bc7e696b,小学,艺术·美术,一年级,下册,冀美版,（根据2022年版课程标准修订）义务教育教科书·美术一年级下册,output\教材封面\aa\aa5b9d7a-28c3-49ee-94b4-ac84bc7e696b.jpg,True
18a17a1c-5435-4d0e-874e-8e2f0738e1a6,小学,艺术·美术,二年级,上册,冀美版,（根据2022年版课程标准修订）义务教育教科书•艺术•美术二年级上册,output\教材封面\18\18a17a1c-5435-4d0e-874e-8e2f0738e1a6.jpg,True
c3e12edb-1d09-4523-b404-ff508d0c5068,小学,艺术·美术,二年级,下册,冀美版,（根据2022年版课程标准修订）义务教育教科书•艺术•美术二年级下册,output\教材封面\c3\c3e12edb-1d09-4523-b404-ff508d0c5068.jpg,True
d0f14732-539e-4ebb-87c2-180dce6d49e6,小学,艺术·美术,三年级,上册,冀美版,（根据2022年版课程标准修订）义务教育教科书•艺术•美术三年级上册,output\教材封面\d0\d0f14732-539e-4ebb-87c2-180dce6d49e6.jpg,True
31e91238-cdb7-4e17-99cd-b669f32ec6cf,小学,艺术·美术,三年级,下册,冀美版,（根据2022年版课程标准修订）义务教育教科书•艺术•美术三年级下册,output\教材封面\31\31e91238-cdb7-4e17-99cd-b669f32ec6cf.jpg,True
478e06c4-724f-4f42-87b4-659a8e33a202,小学,艺术·美术,四年级,上册,冀美版,义务教育教科书·美术四年级上册,output\教材封面\47\478e06c4-724f-4f42-87b4-659a8e33a202.jpg,True
dd6f295a-3322-49b5-818a-c29ee1391c4d,小学,艺术·美术,四年级,下册,冀美版,义务教育教科书·美术四年级下册,output\教材封面\dd\dd6f295a-3322-49b5-818a-c29ee1391c4d.jpg,True
79931d2b-516b-49cd-ad05-cfc203deecdc,小学,艺术·美术,五年级,上册,冀美版,义务教育教科书·美术五年级上册,output\教材封面\79\79931d2b-516b-49cd-ad05-cfc203deecdc.jpg,True
0995d0c8-d5c6-47a3-bac1-43bea0f45c1c,小学,艺术·美术,五年级,下册,冀美版,义务教育教科书·美术五年级下册,output\教材封面\09\0995d0c8-d5c6-47a3-bac1-43bea0f45c1c.jpg,True
6315d505-29da-4333-9271-8627ada6794e,小学,艺术·美术,六年级,上册,冀美版,义务教育教科书·美术六年级上册,output\教材封面\63\6315d505-29da-4333-9271-8627ada6794e.jpg,True
766cd2ce-a304-42a5-b4fc-691314ff417a,小学,艺术·美术,六年级,下册,冀美版,义务教育教科书·美术六年级下册,output\教材封面\76\766cd2ce-a304-42a5-b4fc-691314ff417a.jpg,True
1084abdc-97bc-4726-a236-9fb0655ce9fb,小学,艺术·美术,一年级,上册,湘美版,（根据2022年版课程标准修订）义务教育教科书•艺术•美术一年级上册,output\教材封面\10\1084abdc-97bc-4726-a236-9fb0655ce9fb.jpg,True
eace24ed-dbe2-42fe-a072-63a9291cd71e,小学,艺术·美术,一年级,下册,湘美版,（根据2022年版课程标准修订）义务教育教科书•艺术•美术一年级下册,output\教材封面\ea\eace24ed-dbe2-42fe-a072-63a9291cd71e.jpg,True
03a22c89-f5c1-4054-9206-5e0775af5be5,小学,艺术·美术,二年级,上册,湘美版,（根据2022年版课程标准修订）义务教育教科书•艺术•美术二年级上册,output\教材封面\03\03a22c89-f5c1-4054-9206-5e0775af5be5.jpg,True
1a173fb8-fb2d-4502-8262-46b9e22866ef,小学,艺术·美术,二年级,下册,湘美版,（根据2022年版课程标准修订）义务教育教科书•艺术•美术二年级下册,output\教材封面\1a\1a173fb8-fb2d-4502-8262-46b9e22866ef.jpg,True
999318b0-93c6-4fcc-a26d-0e71855d7e70,小学,艺术·美术,三年级,上册,湘美版,（根据2022年版课程标准修订）义务教育教科书•艺术•美术三年级上册,output\教材封面\99\999318b0-93c6-4fcc-a26d-0e71855d7e70.jpg,True
d5e1b6c6-5f35-4ea2-8449-67fe141af8a5,小学,艺术·美术,三年级,下册,湘美版,（根据2022年版课程标准修订）义务教育教科书•艺术•美术三年级下册,output\教材封面\d5\d5e1b6c6-5f35-4ea2-8449-67fe141af8a5.jpg,True
03bc973d-748e-4bbc-acb7-bdd2ff347aba,小学,艺术·美术,四年级,上册,湘美版,义务教育教科书·美术四年级上册,output\教材封面\03\03bc973d-748e-4bbc-acb7-bdd2ff347aba.jpg,True
b3f88449-1b7b-4675-8e66-88738d43de52,小学,艺术·美术,四年级,下册,湘美版,义务教育教科书·美术四年级下册,output\教材封面\b3\b3f88449-1b7b-4675-8e66-88738d43de52.jpg,True
394d9a8c-e073-4344-a7b6-7efe071741b9,小学,艺术·美术,五年级,上册,湘美版,义务教育教科书·美术五年级上册,output\教材封面\39\394d9a8c-e073-4344-a7b6-7efe071741b9.jpg,True
8afafa49-c81b-4eed-8233-8be3a588e74e,小学,艺术·美术,五年级,下册,湘美版,义务教育教科书·美术五年级下册,output\教材封面\8a\8afafa49-c81b-4eed-8233-8be3a588e74e.jpg,True
1de320ab-f0a7-4f96-a4d5-6ff97bb0ff63,小学,艺术·美术,六年级,上册,湘美版,义务教育教科书·美术六年级上册,output\教材封面\1d\1de320ab-f0a7-4f96-a4d5-6ff97bb0ff63.jpg,True
e4b4b9ea-43d6-496d-ba27-5924faa27737,小学,艺术·美术,六年级,下册,湘美版,义务教育教科书·美术六年级下册,output\教材封面\e4\e4b4b9ea-43d6-496d-ba27-5924faa27737.jpg,True
61c452a3-d76d-4162-ab84-ce5099cb46a7,小学,艺术·美术,一年级,上册,苏少版,（根据2022年版课程标准修订）义务教育教科书•艺术•美术一年级上册,output\教材封面\61\61c452a3-d76d-4162-ab84-ce5099cb46a7.jpg,True
067e4059-e9ea-48e6-a147-d44aa8cd45ad,小学,艺术·美术,一年级,下册,苏少版,（根据2022年版课程标准修订）义务教育教科书•艺术•美术一年级下册,output\教材封面\06\067e4059-e9ea-48e6-a147-d44aa8cd45ad.jpg,True
f2003147-736b-4656-8729-ad0039ec8a63,小学,艺术·美术,二年级,上册,苏少版,（根据2022年版课程标准修订）义务教育教科书·艺术•美术二年级上册,output\教材封面\f2\f2003147-736b-4656-8729-ad0039ec8a63.jpg,True
1fa01677-0dd8-40f5-ab67-17965fed803a,小学,艺术·美术,二年级,下册,苏少版,（根据2022年版课程标准修订）义务教育教科书•艺术•美术二年级下册,output\教材封面\1f\1fa01677-0dd8-40f5-ab67-17965fed803a.jpg,True
19a00c66-f745-4129-ae55-cb15fb916549,小学,艺术·美术,三年级,上册,苏少版,（根据2022年版课程标准修订）义务教育教科书·艺术•美术三年级上册,output\教材封面\19\19a00c66-f745-4129-ae55-cb15fb916549.jpg,True
eef9c0de-9dbe-4efa-a123-69d53cd698e5,小学,艺术·美术,三年级,下册,苏少版,（根据2022年版课程标准修订）义务教育教科书•艺术•美术三年级下册,output\教材封面\ee\eef9c0de-9dbe-4efa-a123-69d53cd698e5.jpg,True
74015104-9a19-4797-bea7-fe8fc6ece318,小学,艺术·美术,四年级,上册,苏少版,义务教育教科书·美术四年级上册,output\教材封面\74\74015104-9a19-4797-bea7-fe8fc6ece318.jpg,True
c53a349e-b213-45c1-90bd-20b15f34f611,小学,艺术·美术,四年级,下册,苏少版,义务教育教科书·美术四年级下册,output\教材封面\c5\c53a349e-b213-45c1-90bd-20b15f34f611.jpg,True
5e421f97-d54e-4a51-a216-03c7c4cff30a,小学,艺术·美术,五年级,上册,苏少版,义务教育教科书·美术五年级上册,output\教材封面\5e\5e421f97-d54e-4a51-a216-03c7c4cff30a.jpg,True
69dc3fdd-d4b6-4b6e-8963-ca2ce40fa258,小学,艺术·美术,五年级,下册,苏少版,义务教育教科书·美术五年级下册,output\教材封面\69\69dc3fdd-d4b6-4b6e-8963-ca2ce40fa258.jpg,True
b04c21a9-40ef-418b-8ac9-ccf5e29cc7b0,小学,艺术·美术,六年级,上册,苏少版,义务教育教科书·美术六年级上册,output\教材封面\b0\b04c21a9-40ef-418b-8ac9-ccf5e29cc7b0.jpg,True
fe0d4212-be02-477c-8b80-48fbf7c720f1,小学,艺术·美术,六年级,下册,苏少版,义务教育教科书·美术六年级下册,output\教材封面\fe\fe0d4212-be02-477c-8b80-48fbf7c720f1.jpg,True
f249a66d-83e4-4949-ab4b-3fa91b1570db,小学,艺术·美术,一年级,上册,赣美版,（根据2022年版课程标准修订）义务教育教科书•艺术•美术一年级上册,output\教材封面\f2\f249a66d-83e4-4949-ab4b-3fa91b1570db.jpg,True
dbfbd39c-afab-49b8-8ed8-636f8fd4ebb5,小学,艺术·美术,一年级,下册,赣美版,（根据2022年版课程标准修订）义务教育教科书•艺术•美术一年级下册,output\教材封面\db\dbfbd39c-afab-49b8-8ed8-636f8fd4ebb5.jpg,True
ee2b0486-555a-43c0-9c35-2bb85bdebde3,小学,艺术·美术,二年级,上册,赣美版,（根据2022年版课程标准修订）义务教育教科书•艺术•美术二年级上册,output\教材封面\ee\ee2b0486-555a-43c0-9c35-2bb85bdebde3.jpg,True
fb5bb8cb-5b94-49a7-87dd-2cda295ddbd2,小学,艺术·美术,二年级,下册,赣美版,（根据2022年版课程标准修订）义务教育教科书•艺术•美术二年级下册,output\教材封面\fb\fb5bb8cb-5b94-49a7-87dd-2cda295ddbd2.jpg,True
53f338ca-c3f7-4114-87eb-810f1c8a2218,小学,艺术·美术,三年级,上册,赣美版,（根据2022年版课程标准修订）义务教育教科书•艺术•美术三年级上册,output\教材封面\53\53f338ca-c3f7-4114-87eb-810f1c8a2218.jpg,True
1357b75e-22e1-4aad-80d1-2a53d5068004,小学,艺术·美术,三年级,下册,赣美版,（根据2022年版课程标准修订）义务教育教科书•艺术•美术三年级下册,output\教材封面\13\1357b75e-22e1-4aad-80d1-2a53d5068004.jpg,True
3bee4e86-87b9-4fe4-a664-de140ddf70e7,小学,艺术·美术,四年级,上册,赣美版,义务教育教科书·美术四年级上册,output\教材封面\3b\3bee4e86-87b9-4fe4-a664-de140ddf70e7.jpg,True
c80a245d-9fa9-4833-9647-8af1d47428fa,小学,艺术·美术,四年级,下册,赣美版,义务教育教科书·美术四年级下册,output\教材封面\c8\c80a245d-9fa9-4833-9647-8af1d47428fa.jpg,True
57634b64-9711-4bd5-9af3-cc59cfcad3d2,小学,艺术·美术,五年级,上册,赣美版,义务教育教科书·美术五年级上册,output\教材封面\57\57634b64-9711-4bd5-9af3-cc59cfcad3d2.jpg,True
4748e233-aaee-437b-ad3b-adac2e8eece2,小学,艺术·美术,五年级,下册,赣美版,义务教育教科书·美术五年级下册,output\教材封面\47\4748e233-aaee-437b-ad3b-adac2e8eece2.jpg,True
8b5a551d-a3c4-437b-a440-8ebbc166505c,小学,艺术·美术,六年级,上册,赣美版,义务教育教科书·美术六年级上册,output\教材封面\8b\8b5a551d-a3c4-437b-a440-8ebbc166505c.jpg,True
a2f81d37-de11-4b3c-bf0c-cb2eabf65577,小学,艺术·美术,六年级,下册,赣美版,义务教育教科书·美术六年级下册,output\教材封面\a2\a2f81d37-de11-4b3c-bf0c-cb2eabf65577.jpg,True
2b372436-4d56-4e4c-b091-c7abba65d3b5,小学,艺术·美术,一年级,上册,辽海版,（根据2022年版课程标准修订）义务教育教科书•艺术•美术一年级上册,output\教材封面\2b\2b372436-4d56-4e4c-b091-c7abba65d3b5.jpg,True
f43e5fa4-b416-4644-8f12-9b91b2b77cdc,小学,艺术·美术,一年级,下册,辽海版,（根据2022年版课程标准修订）义务教育教科书•艺术•美术一年级下册,output\教材封面\f4\f43e5fa4-b416-4644-8f12-9b91b2b77cdc.jpg,True
7aea63ec-16ff-4096-a376-3da93591242f,小学,艺术·美术,二年级,上册,辽海版,（根据2022年版课程标准修订）义务教育教科书•艺术•美术二年级上册,output\教材封面\7a\7aea63ec-16ff-4096-a376-3da93591242f.jpg,True
61daa955-a9b2-45ed-a8f6-63bb6f443a67,小学,艺术·美术,二年级,下册,辽海版,（根据2022年版课程标准修订）义务教育教科书•艺术•美术二年级下册,output\教材封面\61\61daa955-a9b2-45ed-a8f6-63bb6f443a67.jpg,True
a0092e2e-e154-44b0-846e-02ab5da943c0,小学,艺术·美术,三年级,上册,辽海版,（根据2022年版课程标准修订）义务教育教科书•艺术•美术三年级上册,output\教材封面\a0\a0092e2e-e154-44b0-846e-02ab5da943c0.jpg,True
3f109727-74d2-4e74-92bb-a62b5b80fa8e,小学,艺术·美术,三年级,下册,辽海版,（根据2022年版课程标准修订）义务教育教科书•艺术•美术三年级下册,output\教材封面\3f\3f109727-74d2-4e74-92bb-a62b5b80fa8e.jpg,True
19d4630b-54c4-45bf-b084-2dae023592e8,小学,艺术·美术,四年级,上册,辽海版,义务教育教科书·美术四年级上册,output\教材封面\19\19d4630b-54c4-45bf-b084-2dae023592e8.jpg,True
95c7a588-9723-4867-a821-3d1a768f65ea,小学,艺术·美术,四年级,下册,辽海版,义务教育教科书·美术四年级下册,output\教材封面\95\95c7a588-9723-4867-a821-3d1a768f65ea.jpg,True
7662c2b1-860a-4f27-a1d1-89a241bd5865,小学,艺术·美术,五年级,上册,辽海版,义务教育教科书·美术五年级上册,output\教材封面\76\7662c2b1-860a-4f27-a1d1-89a241bd5865.jpg,True
70170c64-7e38-472f-86df-eeaeb6719429,小学,艺术·美术,五年级,下册,辽海版,义务教育教科书·美术五年级下册,output\教材封面\70\70170c64-7e38-472f-86df-eeaeb6719429.jpg,True
5b181e17-b47b-45e0-a4af-9da78f7eb933,小学,艺术·美术,六年级,上册,辽海版,义务教育教科书·美术六年级上册,output\教材封面\5b\5b181e17-b47b-45e0-a4af-9da78f7eb933.jpg,True
f415f7a4-b32f-49ba-b72f-9e9bd72fa7ef,小学,艺术·美术,六年级,下册,辽海版,义务教育教科书·美术六年级下册,output\教材封面\f4\f415f7a4-b32f-49ba-b72f-9e9bd72fa7ef.jpg,True
2325a092-d859-4457-a0ef-32500d1210fe,小学,艺术·美术,一年级,上册,岭南美版,（根据2022年版课程标准修订）义务教育教科书•艺术•美术一年级上册,output\教材封面\23\2325a092-d859-4457-a0ef-32500d1210fe.jpg,True
5064a312-a2d3-47dd-af46-058b6ae5d174,小学,艺术·美术,一年级,下册,岭南美版,（根据2022年版课程标准修订）义务教育教科书•艺术•美术一年级下册,output\教材封面\50\5064a312-a2d3-47dd-af46-058b6ae5d174.jpg,True
f8e0bd21-f291-4765-85b0-52d2606a2c23,小学,艺术·美术,二年级,上册,岭南美版,（根据2022年版课程标准修订）义务教育教科书•艺术•美术二年级上册,output\教材封面\f8\f8e0bd21-f291-4765-85b0-52d2606a2c23.jpg,True
c33448a3-a34a-46b3-83d7-c9512cd6fb8f,小学,艺术·美术,二年级,下册,岭南美版,（根据2022年版课程标准修订）义务教育教科书•艺术•美术二年级下册,output\教材封面\c3\c33448a3-a34a-46b3-83d7-c9512cd6fb8f.jpg,True
de5c08b8-f1ac-4b54-84ed-72211148a7e8,小学,艺术·美术,三年级,上册,岭南美版,（根据2022年版课程标准修订）义务教育教科书•艺术•美术三年级上册,output\教材封面\de\de5c08b8-f1ac-4b54-84ed-72211148a7e8.jpg,True
31d487b2-e3dc-4bf0-8fd7-1ca8f4b3405b,小学,艺术·美术,三年级,下册,岭南美版,（根据2022年版课程标准修订）义务教育教科书•艺术•美术三年级下册,output\教材封面\31\31d487b2-e3dc-4bf0-8fd7-1ca8f4b3405b.jpg,True
90074a94-62f3-45fe-879f-ece9661b2682,小学,艺术·美术,四年级,上册,岭南美版,义务教育教科书·美术四年级上册,output\教材封面\90\90074a94-62f3-45fe-879f-ece9661b2682.jpg,True
218a01f6-2f84-47f0-9391-9be2c882b38f,小学,艺术·美术,四年级,下册,岭南美版,义务教育教科书·美术四年级下册,output\教材封面\21\218a01f6-2f84-47f0-9391-9be2c882b38f.jpg,True
bea4fcf1-63e4-4860-97d1-5135f22966b8,小学,艺术·美术,五年级,上册,岭南美版,义务教育教科书·美术五年级上册,output\教材封面\be\bea4fcf1-63e4-4860-97d1-5135f22966b8.jpg,True
1e4dd4d7-f44f-4b75-8cdf-8a0a41d07f3e,小学,艺术·美术,五年级,下册,岭南美版,义务教育教科书·美术五年级下册,output\教材封面\1e\1e4dd4d7-f44f-4b75-8cdf-8a0a41d07f3e.jpg,True
224d0627-6e80-4ce5-863f-0910326bff34,小学,艺术·美术,六年级,上册,岭南美版,义务教育教科书·美术六年级上册,output\教材封面\22\224d0627-6e80-4ce5-863f-0910326bff34.jpg,True
3683d212-8ecd-4db1-9c73-7d06048cc3b6,小学,艺术·美术,六年级,下册,岭南美版,义务教育教科书·美术六年级下册,output\教材封面\36\3683d212-8ecd-4db1-9c73-7d06048cc3b6.jpg,True
9fc97a52-631f-483b-9709-348b0276bb69,小学,艺术·美术,一年级,上册,人教版,（根据2022年版课程标准修订）义务教育教科书·美术一年级上册,output\教材封面\9f\9fc97a52-631f-483b-9709-348b0276bb69.jpg,True
f2970ce3-f7f2-46f9-8795-d76b01272157,小学,艺术·美术,一年级,下册,人教版,（根据2022年版课程标准修订）义务教育教科书•艺术•美术一年级下册,output\教材封面\f2\f2970ce3-f7f2-46f9-8795-d76b01272157.jpg,True
e07d6e6a-810f-463f-8c46-c7d2c8c3a87e,小学,艺术·美术,二年级,上册,人教版,（根据2022年版课程标准修订）义务教育教科书·美术二年级上册,output\教材封面\e0\e07d6e6a-810f-463f-8c46-c7d2c8c3a87e.jpg,True
5b42fbe0-a48e-4d6f-901a-ba7f8c884124,小学,艺术·美术,二年级,下册,人教版,（根据2022年版课程标准修订）义务教育教科书•艺术•美术二年级下册,output\教材封面\5b\5b42fbe0-a48e-4d6f-901a-ba7f8c884124.jpg,True
0597a198-6cde-47cc-8495-2e1e463db9c4,小学,艺术·美术,三年级,上册,人教版,（根据2022年版课程标准修订）义务教育教科书·美术三年级上册,output\教材封面\05\0597a198-6cde-47cc-8495-2e1e463db9c4.jpg,True
3bad81b4-866c-4536-b4e4-c63a40387587,小学,艺术·美术,三年级,下册,人教版,（根据2022年版课程标准修订）义务教育教科书•艺术•美术三年级下册,output\教材封面\3b\3bad81b4-866c-4536-b4e4-c63a40387587.jpg,True
6e20ac40-821c-4d32-b55c-d4ce08713186,小学,艺术·美术,四年级,上册,人教版,义务教育教科书·美术四年级上册,output\教材封面\6e\6e20ac40-821c-4d32-b55c-d4ce08713186.jpg,True
f270a68b-6874-4980-9de9-9a1e9e20a782,小学,艺术·美术,四年级,下册,人教版,义务教育教科书·美术四年级下册,output\教材封面\f2\f270a68b-6874-4980-9de9-9a1e9e20a782.jpg,True
1080a8dd-0db9-4712-9eb2-c93c9a020944,小学,艺术·美术,五年级,上册,人教版,义务教育教科书·美术五年级上册,output\教材封面\10\1080a8dd-0db9-4712-9eb2-c93c9a020944.jpg,True
173665d5-439e-4eb2-a2dc-8cf281c28850,小学,艺术·美术,五年级,下册,人教版,义务教育教科书·美术五年级下册,output\教材封面\17\173665d5-439e-4eb2-a2dc-8cf281c28850.jpg,True
398677e8-9873-40df-83ed-7c4ed3d71ce0,小学,艺术·美术,六年级,上册,人教版,义务教育教科书·美术六年级上册,output\教材封面\39\398677e8-9873-40df-83ed-7c4ed3d71ce0.jpg,True
f0722bfb-7f69-4746-9176-551ed2e6d427,小学,艺术·美术,六年级,下册,人教版,义务教育教科书·美术六年级下册,output\教材封面\f0\f0722bfb-7f69-4746-9176-551ed2e6d427.jpg,True
bb6399d6-24cc-42cd-ae44-304dc3215f1b,小学,艺术·美术,一年级,上册,人美版（主编：黄宗贤）,（根据2022年版课程标准修订）义务教育教科书·美术一年级上册,output\教材封面\bb\bb6399d6-24cc-42cd-ae44-304dc3215f1b.jpg,True
c87f409e-e503-4bfa-9e5c-87f68f7fba55,小学,艺术·美术,一年级,下册,人美版（主编：黄宗贤）,（根据2022年版课程标准修订）义务教育教科书•艺术•美术一年级下册,output\教材封面\c8\c87f409e-e503-4bfa-9e5c-87f68f7fba55.jpg,True
0fc33095-855b-4cc6-abde-f25abfa9a481,小学,艺术·美术,二年级,上册,人美版（主编：常锐伦&欧京海）,义务教育教科书·美术二年级上册,output\教材封面\0f\0fc33095-855b-4cc6-abde-f25abfa9a481.jpg,True
e529c1be-1ca6-401b-aa4e-e49cb07cda82,小学,艺术·美术,二年级,下册,人美版（主编：常锐伦&欧京海）,义务教育教科书·美术二年级下册,output\教材封面\e5\e529c1be-1ca6-401b-aa4e-e49cb07cda82.jpg,True
c8997ec7-4a86-4cde-94f7-e4d8463882f2,小学,艺术·美术,三年级,上册,人美版（主编：常锐伦&欧京海）,义务教育教科书·美术三年级上册,output\教材封面\c8\c8997ec7-4a86-4cde-94f7-e4d8463882f2.jpg,True
56916b83-d5f0-421c-83a1-c70c7ae168ef,小学,艺术·美术,三年级,下册,人美版（主编：常锐伦&欧京海）,义务教育教科书·美术三年级下册,output\教材封面\56\56916b83-d5f0-421c-83a1-c70c7ae168ef.jpg,True
5b7cd03d-8b33-4e74-bfab-cf1cb1a4c204,小学,艺术·美术,四年级,上册,人美版（主编：常锐伦&欧京海）,义务教育教科书·美术四年级上册,output\教材封面\5b\5b7cd03d-8b33-4e74-bfab-cf1cb1a4c204.jpg,True
1ae8f933-7f61-46e7-b78d-094ffb5123ed,小学,艺术·美术,四年级,下册,人美版（主编：常锐伦&欧京海）,义务教育教科书·美术四年级下册,output\教材封面\1a\1ae8f933-7f61-46e7-b78d-094ffb5123ed.jpg,True
0ddef8ad-ae2c-4891-a5f9-a396db3e0273,小学,艺术·美术,五年级,上册,人美版（主编：常锐伦&欧京海）,义务教育教科书·美术五年级上册,output\教材封面\0d\0ddef8ad-ae2c-4891-a5f9-a396db3e0273.jpg,True
f3825179-8787-4ab2-bb14-7926194b899d,小学,艺术·美术,五年级,下册,人美版（主编：常锐伦&欧京海）,义务教育教科书·美术五年级下册,output\教材封面\f3\f3825179-8787-4ab2-bb14-7926194b899d.jpg,True
65bb6b75-c4d3-4c51-a76f-49b5dcec18ff,小学,艺术·美术,六年级,上册,人美版（主编：常锐伦&欧京海）,义务教育教科书·美术六年级上册,output\教材封面\65\65bb6b75-c4d3-4c51-a76f-49b5dcec18ff.jpg,True
2a57af03-f50f-410b-89bd-01d1fb657886,小学,艺术·美术,六年级,下册,人美版（主编：常锐伦&欧京海）,义务教育教科书·美术六年级下册,output\教材封面\2a\2a57af03-f50f-410b-89bd-01d1fb657886.jpg,True
19b7e078-44f9-4bd8-b9f9-9dc21c09762f,小学,艺术·美术,一年级,上册,人美版（主编：杨力）,（根据2022年版课程标准修订）义务教育教科书•艺术•美术一年级上册,output\教材封面\19\19b7e078-44f9-4bd8-b9f9-9dc21c09762f.jpg,True
3ba5e647-7c82-4d42-ab59-35270d1d81ac,小学,艺术·美术,一年级,下册,人美版（主编：杨力）,（根据2022年版课程标准修订）义务教育教科书·美术一年级下册,output\教材封面\3b\3ba5e647-7c82-4d42-ab59-35270d1d81ac.jpg,True
2d2ec868-3f73-4070-9b3c-f86e8054b5bf,小学,艺术·美术,二年级,上册,人美版（主编：杨力）,（根据2022年版课程标准修订）义务教育教科书•艺术•美术二年级上册,output\教材封面\2d\2d2ec868-3f73-4070-9b3c-f86e8054b5bf.jpg,True
770329fd-fbb7-49fd-84c8-f75dbaf4982a,小学,艺术·美术,二年级,下册,人美版（主编：杨力）,（根据2022年版课程标准修订）义务教育教科书•艺术•美术二年级下册,output\教材封面\77\770329fd-fbb7-49fd-84c8-f75dbaf4982a.jpg,True
c8dbf0a6-171e-46b0-befa-436e1044aa24,小学,艺术·美术,三年级,上册,人美版（主编：杨力）,（根据2022年版课程标准修订）义务教育教科书•艺术•美术三年级上册,output\教材封面\c8\c8dbf0a6-171e-46b0-befa-436e1044aa24.jpg,True
9a147dfd-1a08-46c0-995f-693dcef6aab7,小学,艺术·美术,三年级,下册,人美版（主编：杨力）,（根据2022年版课程标准修订）义务教育教科书•艺术•美术三年级下册,output\教材封面\9a\9a147dfd-1a08-46c0-995f-693dcef6aab7.jpg,True
ce866206-45c9-45b6-baf7-92185e8ddc56,小学,艺术·美术,四年级,上册,人美版（主编：杨力）,义务教育教科书·美术四年级上册,output\教材封面\ce\ce866206-45c9-45b6-baf7-92185e8ddc56.jpg,True
0899285d-640f-459a-b658-49e71b547d50,小学,艺术·美术,四年级,下册,人美版（主编：杨力）,义务教育教科书·美术四年级下册,output\教材封面\08\0899285d-640f-459a-b658-49e71b547d50.jpg,True
55e61e2b-eb99-43de-a780-4bed03abb85b,小学,艺术·美术,五年级,上册,人美版（主编：杨力）,义务教育教科书·美术五年级上册,output\教材封面\55\55e61e2b-eb99-43de-a780-4bed03abb85b.jpg,True
2d37d745-78dd-46f7-baa8-d49270af31ab,小学,艺术·美术,五年级,下册,人美版（主编：杨力）,义务教育教科书·美术五年级下册,output\教材封面\2d\2d37d745-78dd-46f7-baa8-d49270af31ab.jpg,True
ab4a12b0-7d27-4f4e-832a-e6ac3d062c4e,小学,艺术·美术,六年级,上册,人美版（主编：杨力）,义务教育教科书·美术六年级上册,output\教材封面\ab\ab4a12b0-7d27-4f4e-832a-e6ac3d062c4e.jpg,True
e66767ae-6a6b-4815-b74f-3a512a7b8b1c,小学,艺术·美术,六年级,下册,人美版（主编：杨力）,义务教育教科书·美术六年级下册,output\教材封面\e6\e66767ae-6a6b-4815-b74f-3a512a7b8b1c.jpg,True
6464d943-ea0f-407a-8408-063d5c90c491,小学,艺术·美术,一年级,上册,沪教版,（根据2022年版课程标准修订）义务教育教科书•艺术•美术一年级上册,output\教材封面\64\6464d943-ea0f-407a-8408-063d5c90c491.jpg,True
8bab84ce-304a-4292-898c-04f8b7a50487,小学,艺术·美术,一年级,下册,沪教版,（根据2022年版课程标准修订）义务教育教科书•艺术•美术一年级下册,output\教材封面\8b\8bab84ce-304a-4292-898c-04f8b7a50487.jpg,True
4064986a-812a-4278-9488-23fb38f40683,小学,艺术·美术,二年级,上册,沪教版,（根据2022年版课程标准修订）义务教育教科书·美术二年级上册,output\教材封面\40\4064986a-812a-4278-9488-23fb38f40683.jpg,True
a9d531de-b896-4e41-b9a4-ad6213480c12,小学,艺术·美术,二年级,下册,沪教版,（根据2022年版课程标准修订）义务教育教科书•艺术•美术二年级下册,output\教材封面\a9\a9d531de-b896-4e41-b9a4-ad6213480c12.jpg,True
4b7d68c3-b6c2-473c-a62c-1dc509fb5f32,小学,艺术·美术,三年级,上册,沪教版,（根据2022年版课程标准修订）义务教育教科书·美术三年级上册,output\教材封面\4b\4b7d68c3-b6c2-473c-a62c-1dc509fb5f32.jpg,True
cab81cd0-a156-4a17-b22b-398e08266da5,小学,艺术·美术,三年级,下册,沪教版,（根据2022年版课程标准修订）义务教育教科书•艺术•美术三年级下册,output\教材封面\ca\cab81cd0-a156-4a17-b22b-398e08266da5.jpg,True
9a4f1181-0eb9-42a2-b1ca-29dc792187da,小学,艺术·美术,四年级,上册,沪教版,义务教育教科书·美术四年级上册,output\教材封面\9a\9a4f1181-0eb9-42a2-b1ca-29dc792187da.jpg,True
bb72fadc-9cf8-4495-b6f7-b28c9b309d82,小学,艺术·美术,四年级,下册,沪教版,义务教育教科书·美术四年级下册,output\教材封面\bb\bb72fadc-9cf8-4495-b6f7-b28c9b309d82.jpg,True
a1050a3c-e1a9-42da-86d0-58938c79b90d,小学,艺术·美术,五年级,上册,沪教版,义务教育教科书·美术五年级上册,output\教材封面\a1\a1050a3c-e1a9-42da-86d0-58938c79b90d.jpg,True
eed0e16e-c612-44f5-a3c8-04e85758a82b,小学,艺术·美术,五年级,下册,沪教版,义务教育教科书·美术五年级下册,output\教材封面\ee\eed0e16e-c612-44f5-a3c8-04e85758a82b.jpg,True
2a734827-97a2-44d5-b1c7-d4c6e5727b64,小学,艺术·美术,六年级,上册,沪教版,义务教育教科书·美术六年级上册,output\教材封面\2a\2a734827-97a2-44d5-b1c7-d4c6e5727b64.jpg,True
013d0fe4-da11-45eb-8083-7fad2b44e2ba,小学,艺术·美术,六年级,下册,沪教版,义务教育教科书·美术六年级下册,output\教材封面\01\013d0fe4-da11-45eb-8083-7fad2b44e2ba.jpg,True
0b5121d9-e27f-4f78-ad1f-e6b236795bad,小学,艺术·美术,一年级,上册,浙人美版,（根据2022年版课程标准修订）义务教育教科书•艺术•美术一年级上册,output\教材封面\0b\0b5121d9-e27f-4f78-ad1f-e6b236795bad.jpg,True
c750086b-f9c3-4a52-9130-64b694311ec3,小学,艺术·美术,一年级,下册,浙人美版,（根据2022年版课程标准修订）义务教育教科书·美术一年级下册,output\教材封面\c7\c750086b-f9c3-4a52-9130-64b694311ec3.jpg,True
ef60b839-a7f2-4c3b-80f4-e8ef20d94a5b,小学,艺术·美术,二年级,上册,浙人美版,（根据2022年版课程标准修订）义务教育教科书•艺术•美术二年级上册,output\教材封面\ef\ef60b839-a7f2-4c3b-80f4-e8ef20d94a5b.jpg,True
c72686cb-ecdd-49f3-8e6c-e3c6aedab976,小学,艺术·美术,二年级,下册,浙人美版,（根据2022年版课程标准修订）义务教育教科书•艺术•美术二年级下册,output\教材封面\c7\c72686cb-ecdd-49f3-8e6c-e3c6aedab976.jpg,True
ae1660d8-5ff8-40bf-9efc-6209ff69633f,小学,艺术·美术,三年级,上册,浙人美版,（根据2022年版课程标准修订）义务教育教科书•艺术•美术三年级上册,output\教材封面\ae\ae1660d8-5ff8-40bf-9efc-6209ff69633f.jpg,True
3890a245-4602-489c-8f4b-c310b6ff535b,小学,艺术·美术,三年级,下册,浙人美版,（根据2022年版课程标准修订）义务教育教科书•艺术•美术三年级下册,output\教材封面\38\3890a245-4602-489c-8f4b-c310b6ff535b.jpg,True
c18f3441-3f6a-4338-89cd-ad6cae942012,小学,艺术·美术,四年级,上册,浙人美版,义务教育教科书·美术四年级上册,output\教材封面\c1\c18f3441-3f6a-4338-89cd-ad6cae942012.jpg,True
c03aeec0-47a1-47e7-921b-b61cbd0efef4,小学,艺术·美术,四年级,下册,浙人美版,义务教育教科书·美术四年级下册,output\教材封面\c0\c03aeec0-47a1-47e7-921b-b61cbd0efef4.jpg,True
c9e6e811-3671-4873-805f-ad6fd74db42d,小学,艺术·美术,五年级,上册,浙人美版,义务教育教科书·美术五年级上册,output\教材封面\c9\c9e6e811-3671-4873-805f-ad6fd74db42d.jpg,True
181cfc80-7922-43c5-81cc-56fbcb47686a,小学,艺术·美术,五年级,下册,浙人美版,义务教育教科书·美术五年级下册,output\教材封面\18\181cfc80-7922-43c5-81cc-56fbcb47686a.jpg,True
7303b32c-9b9f-404a-8b52-c0ab8a641af4,小学,艺术·美术,六年级,上册,浙人美版,义务教育教科书·美术六年级上册,output\教材封面\73\7303b32c-9b9f-404a-8b52-c0ab8a641af4.jpg,True
89434855-690a-4635-8af7-721eb68f043a,小学,艺术·美术,六年级,下册,浙人美版,义务教育教科书·美术六年级下册,output\教材封面\89\89434855-690a-4635-8af7-721eb68f043a.jpg,True
4fce4f0e-d09e-46e0-8878-651d25fd4126,小学,艺术,二年级,上册,鄂教版,义务教育教科书·艺术二年级上册,output\教材封面\4f\4fce4f0e-d09e-46e0-8878-651d25fd4126.jpg,True
54705c25-6030-4101-a43c-50ac255e53d3,小学,艺术,二年级,下册,鄂教版,义务教育教科书·艺术二年级下册,output\教材封面\54\54705c25-6030-4101-a43c-50ac255e53d3.jpg,True
b1a86fd7-6d05-4829-b39d-24dbec3a4677,小学,艺术,三年级,上册,鄂教版,义务教育教科书·艺术三年级上册,output\教材封面\b1\b1a86fd7-6d05-4829-b39d-24dbec3a4677.jpg,True
46f47ad5-b2ca-4488-a7c6-a583941d321a,小学,艺术,三年级,下册,鄂教版,义务教育教科书·艺术三年级下册,output\教材封面\46\46f47ad5-b2ca-4488-a7c6-a583941d321a.jpg,True
2d92059a-c691-4923-b6be-ffc9f7da7ae3,小学,艺术,四年级,上册,鄂教版,义务教育教科书·艺术四年级上册,output\教材封面\2d\2d92059a-c691-4923-b6be-ffc9f7da7ae3.jpg,True
d74568fc-1082-441e-b6db-45c0d630cb15,小学,艺术,四年级,下册,鄂教版,义务教育教科书·艺术四年级下册,output\教材封面\d7\d74568fc-1082-441e-b6db-45c0d630cb15.jpg,True
ace05649-acc8-4c8f-95c0-f55b0f47d72d,小学,艺术,五年级,上册,鄂教版,义务教育教科书·艺术五年级上册,output\教材封面\ac\ace05649-acc8-4c8f-95c0-f55b0f47d72d.jpg,True
0f297518-86cc-49fc-900c-2dad718f2004,小学,艺术,五年级,下册,鄂教版,义务教育教科书·艺术五年级下册,output\教材封面\0f\0f297518-86cc-49fc-900c-2dad718f2004.jpg,True
72119adb-2b21-4b1e-b974-06a689bc687c,小学,艺术,六年级,上册,鄂教版,义务教育教科书·艺术六年级上册,output\教材封面\72\72119adb-2b21-4b1e-b974-06a689bc687c.jpg,True
63acfe1e-adaf-4ef7-81ec-27b6048cbb1a,小学,艺术,六年级,下册,鄂教版,义务教育教科书·艺术六年级下册,output\教材封面\63\63acfe1e-adaf-4ef7-81ec-27b6048cbb1a.jpg,True
74a80395-1298-4b1c-87ac-3fe3b24c8311,小学,艺术,二年级,上册,教科版,义务教育教科书·艺术二年级上册,output\教材封面\74\74a80395-1298-4b1c-87ac-3fe3b24c8311.jpg,True
b603310e-bca4-48ab-aa57-cb3875c4f998,小学,艺术,二年级,下册,教科版,义务教育教科书·艺术二年级下册,output\教材封面\b6\b603310e-bca4-48ab-aa57-cb3875c4f998.jpg,True
d3a1b01d-3231-40c3-b05e-95c497055d72,小学,艺术,三年级,上册,教科版,义务教育教科书·艺术三年级上册,output\教材封面\d3\d3a1b01d-3231-40c3-b05e-95c497055d72.jpg,True
5b8bed03-09a4-486b-8301-94ef3c10ecdb,小学,艺术,三年级,下册,教科版,义务教育教科书·艺术三年级下册,output\教材封面\5b\5b8bed03-09a4-486b-8301-94ef3c10ecdb.jpg,True
41696cb2-33a4-42bd-9fc6-e74eefac2b59,小学,艺术,四年级,上册,教科版,义务教育教科书·艺术四年级上册,output\教材封面\41\41696cb2-33a4-42bd-9fc6-e74eefac2b59.jpg,True
074d8524-2733-4758-948d-19eaa3f47596,小学,艺术,四年级,下册,教科版,义务教育教科书·艺术四年级下册,output\教材封面\07\074d8524-2733-4758-948d-19eaa3f47596.jpg,True
ac4da2e9-7f78-4c06-9c31-64fd57caefc1,小学,艺术,五年级,上册,教科版,义务教育教科书·艺术五年级上册,output\教材封面\ac\ac4da2e9-7f78-4c06-9c31-64fd57caefc1.jpg,True
11440b27-e185-484c-a154-7f3f08f5c549,小学,艺术,五年级,下册,教科版,义务教育教科书·艺术五年级下册,output\教材封面\11\11440b27-e185-484c-a154-7f3f08f5c549.jpg,True
65619ff0-cd11-487f-b581-47ee2a86531e,小学,艺术,六年级,上册,教科版,义务教育教科书·艺术六年级上册,output\教材封面\65\65619ff0-cd11-487f-b581-47ee2a86531e.jpg,True
60da76c3-2bd7-4670-930d-e1322b7de7dc,小学,艺术,六年级,下册,教科版,义务教育教科书·艺术六年级下册,output\教材封面\60\60da76c3-2bd7-4670-930d-e1322b7de7dc.jpg,True
bd625fcd-e083-460c-ae3b-c50a9840c48e,小学,科学,一年级,上册,大象社版,（根据2022年版课程标准修订）义务教育教科书•科学一年级上册,output\教材封面\bd\bd625fcd-e083-460c-ae3b-c50a9840c48e.jpg,True
f05e6878-15c4-4caa-a320-82598fff0811,小学,科学,一年级,下册,大象社版,（根据2022年版课程标准修订）义务教育教科书·科学一年级下册,output\教材封面\f0\f05e6878-15c4-4caa-a320-82598fff0811.jpg,True
87b4dda1-96e1-43ff-a388-79291f23c2e6,小学,科学,二年级,上册,大象社版,义务教育教科书·科学·学生活动手册二年级上册,output\教材封面\87\87b4dda1-96e1-43ff-a388-79291f23c2e6.jpg,True
73023d42-5512-4000-b713-e5253da436bd,小学,科学,二年级,上册,大象社版,（根据2022年版课程标准修订）义务教育教科书·科学二年级上册,output\教材封面\73\73023d42-5512-4000-b713-e5253da436bd.jpg,True
7716680d-d143-4f95-acc5-fe0833614067,小学,科学,二年级,下册,大象社版,义务教育教科书·科学·学生活动手册二年级下册,output\教材封面\77\7716680d-d143-4f95-acc5-fe0833614067.jpg,True
28861d1d-0a0b-4bcc-9587-30365f0f33c9,小学,科学,二年级,下册,大象社版,（根据2022年版课程标准修订）义务教育教科书·科学二年级下册,output\教材封面\28\28861d1d-0a0b-4bcc-9587-30365f0f33c9.jpg,True
9cb183f6-d913-40af-b5ef-5fdca4d242bb,小学,科学,三年级,上册,大象社版,义务教育教科书·科学·学生活动手册三年级上册,output\教材封面\9c\9cb183f6-d913-40af-b5ef-5fdca4d242bb.jpg,True
6c54ea5d-446a-4033-aa7a-80e2b72a3bf2,小学,科学,三年级,上册,大象社版,（根据2022年版课程标准修订）义务教育教科书·科学三年级上册,output\教材封面\6c\6c54ea5d-446a-4033-aa7a-80e2b72a3bf2.jpg,True
b6a39b01-8b64-48db-880d-94c5dccf2e21,小学,科学,三年级,下册,大象社版,义务教育教科书·科学·学生活动手册三年级下册,output\教材封面\b6\b6a39b01-8b64-48db-880d-94c5dccf2e21.jpg,True
a93868ec-cea3-49ed-8ee0-503785d4ca70,小学,科学,三年级,下册,大象社版,（根据2022年版课程标准修订）义务教育教科书·科学三年级下册,output\教材封面\a9\a93868ec-cea3-49ed-8ee0-503785d4ca70.jpg,True
c7263c09-e9c8-41a3-9da5-dc379f8093d4,小学,科学,四年级,上册,大象社版,义务教育教科书·科学·学生活动手册四年级上册,output\教材封面\c7\c7263c09-e9c8-41a3-9da5-dc379f8093d4.jpg,True
b1b6b8ae-e465-4072-b355-e8d42e89c7a5,小学,科学,四年级,上册,大象社版,义务教育教科书·科学四年级上册,output\教材封面\b1\b1b6b8ae-e465-4072-b355-e8d42e89c7a5.jpg,True
0ce96670-7af5-4833-8253-5429abbf4a1f,小学,科学,四年级,下册,大象社版,义务教育教科书·科学·学生活动手册四年级下册,output\教材封面\0c\0ce96670-7af5-4833-8253-5429abbf4a1f.jpg,True
5debdc3a-9afd-46cb-a5a6-4ebadeacae7f,小学,科学,四年级,下册,大象社版,义务教育教科书·科学四年级下册,output\教材封面\5d\5debdc3a-9afd-46cb-a5a6-4ebadeacae7f.jpg,True
2dba9b0a-d7b2-4232-a621-85cc2f0ec2c4,小学,科学,五年级,上册,大象社版,义务教育教科书·科学·学生活动手册五年级上册,output\教材封面\2d\2dba9b0a-d7b2-4232-a621-85cc2f0ec2c4.jpg,True
ebfbecc8-13e6-4bc9-9b25-1b470d2f09ae,小学,科学,五年级,上册,大象社版,义务教育教科书·科学五年级上册,output\教材封面\eb\ebfbecc8-13e6-4bc9-9b25-1b470d2f09ae.jpg,True
72196aae-bbc4-4962-b9a5-5b2ea8940e10,小学,科学,五年级,下册,大象社版,义务教育教科书·科学·学生活动手册五年级下册,output\教材封面\72\72196aae-bbc4-4962-b9a5-5b2ea8940e10.jpg,True
a228e2e9-acdf-45a2-a4ae-9aeaa54f4049,小学,科学,五年级,下册,大象社版,义务教育教科书·科学五年级下册,output\教材封面\a2\a228e2e9-acdf-45a2-a4ae-9aeaa54f4049.jpg,True
0e7dcfff-fa97-4a04-86d9-0bcc95b81707,小学,科学,六年级,上册,大象社版,义务教育教科书·科学·学生活动手册六年级上册,output\教材封面\0e\0e7dcfff-fa97-4a04-86d9-0bcc95b81707.jpg,True
dc47bbd2-e255-4e1a-a40c-7e4f0c7b94db,小学,科学,六年级,上册,大象社版,义务教育教科书·科学六年级上册,output\教材封面\dc\dc47bbd2-e255-4e1a-a40c-7e4f0c7b94db.jpg,True
4ed42055-0c4e-4acb-9172-b56e8ecb6c19,小学,科学,六年级,下册,大象社版,义务教育教科书·科学·学生活动手册六年级下册,output\教材封面\4e\4ed42055-0c4e-4acb-9172-b56e8ecb6c19.jpg,True
50b6bd12-7571-4c8b-af1a-2bd49492bc14,小学,科学,六年级,下册,大象社版,义务教育教科书·科学六年级下册,output\教材封面\50\50b6bd12-7571-4c8b-af1a-2bd49492bc14.jpg,True
c8fce409-aedf-4a37-9de1-b62c42876192,小学,科学,一年级,上册,粤教科技版,（根据2022年版课程标准修订）义务教育教科书•科学一年级上册,output\教材封面\c8\c8fce409-aedf-4a37-9de1-b62c42876192.jpg,True
5343f071-29c6-49af-96a4-cb3627be38b9,小学,科学,一年级,下册,粤教科技版,（根据2022年版课程标准修订）义务教育教科书·科学一年级下册,output\教材封面\53\5343f071-29c6-49af-96a4-cb3627be38b9.jpg,True
9168cd56-17b0-4e3f-ab69-98dcddf47330,小学,科学,二年级,上册,粤教科技版,（根据2022年版课程标准修订）义务教育教科书•科学二年级上册,output\教材封面\91\9168cd56-17b0-4e3f-ab69-98dcddf47330.jpg,True
96b07214-78b8-4ace-81dc-199ce553df63,小学,科学,二年级,下册,粤教科技版,（根据2022年版课程标准修订）义务教育教科书·科学二年级下册,output\教材封面\96\96b07214-78b8-4ace-81dc-199ce553df63.jpg,True
d783d358-e878-4cb0-8aec-39d6253f93b3,小学,科学,三年级,上册,粤教科技版,（根据2022年版课程标准修订）义务教育教科书•科学三年级上册,output\教材封面\d7\d783d358-e878-4cb0-8aec-39d6253f93b3.jpg,True
9eb5540e-ef5a-42d0-84ac-a00cae7343db,小学,科学,三年级,下册,粤教科技版,（根据2022年版课程标准修订）义务教育教科书·科学三年级下册,output\教材封面\9e\9eb5540e-ef5a-42d0-84ac-a00cae7343db.jpg,True
b8725345-13ed-42d9-9dfc-8b24ba2dddb8,小学,科学,四年级,上册,粤教科技版,义务教育教科书·科学四年级上册,output\教材封面\b8\b8725345-13ed-42d9-9dfc-8b24ba2dddb8.jpg,True
e5281092-7229-4357-bb8a-4ce1ad130420,小学,科学,四年级,下册,粤教科技版,义务教育教科书·科学四年级下册,output\教材封面\e5\e5281092-7229-4357-bb8a-4ce1ad130420.jpg,True
65a48a6b-59e3-4f6a-9908-a0aee4c8b2d6,小学,科学,五年级,上册,粤教科技版,义务教育教科书·科学五年级上册,output\教材封面\65\65a48a6b-59e3-4f6a-9908-a0aee4c8b2d6.jpg,True
aa0114ae-c4cd-47a5-8f5c-1e278dee8abb,小学,科学,五年级,下册,粤教科技版,义务教育教科书·科学五年级下册,output\教材封面\aa\aa0114ae-c4cd-47a5-8f5c-1e278dee8abb.jpg,True
ea2350e1-4e35-4e14-8fcf-3d5bfa860542,小学,科学,六年级,上册,粤教科技版,义务教育教科书·科学六年级上册,output\教材封面\ea\ea2350e1-4e35-4e14-8fcf-3d5bfa860542.jpg,True
fcb6c839-2cee-4572-80e5-6b25166e6680,小学,科学,六年级,下册,粤教科技版,义务教育教科书·科学六年级下册,output\教材封面\fc\fcb6c839-2cee-4572-80e5-6b25166e6680.jpg,True
2096c624-82a2-40ec-a03f-92e8ad178e63,小学,科学,一年级,上册,冀人版,（根据2022年版课程标准修订）义务教育教科书•科学一年级上册,output\教材封面\20\2096c624-82a2-40ec-a03f-92e8ad178e63.jpg,True
4f631c6a-5e03-4590-a8cf-f48fb1913454,小学,科学,一年级,下册,冀人版,（根据2022年版课程标准修订）义务教育教科书·科学一年级下册,output\教材封面\4f\4f631c6a-5e03-4590-a8cf-f48fb1913454.jpg,True
d55385d4-b5c5-4562-be3f-af21e3fb1ac6,小学,科学,二年级,上册,冀人版,（根据2022年版课程标准修订）义务教育教科书•科学二年级上册,output\教材封面\d5\d55385d4-b5c5-4562-be3f-af21e3fb1ac6.jpg,True
723e9eca-543d-42e6-b017-f2de6c42f683,小学,科学,二年级,上册,冀人版,义务教育教科书·科学二年级上册,output\教材封面\72\723e9eca-543d-42e6-b017-f2de6c42f683.jpg,True
d38364c4-be87-4833-8d3a-00b069e7d649,小学,科学,二年级,下册,冀人版,义务教育教科书·科学·学生活动手册二年级下册,output\教材封面\d3\d38364c4-be87-4833-8d3a-00b069e7d649.jpg,True
8b7c49ae-c701-4887-9f38-7c803862bcf7,小学,科学,二年级,下册,冀人版,（根据2022年版课程标准修订）义务教育教科书·科学二年级下册,output\教材封面\8b\8b7c49ae-c701-4887-9f38-7c803862bcf7.jpg,True
f7ffd5bd-6974-46a0-b865-b3ca92a96138,小学,科学,三年级,上册,冀人版,义务教育教科书·科学·学生活动手册三年级上册,output\教材封面\f7\f7ffd5bd-6974-46a0-b865-b3ca92a96138.jpg,True
7745e0d1-8ee2-4a0f-9e7c-82d9104d1ad3,小学,科学,三年级,上册,冀人版,（根据2022年版课程标准修订）义务教育教科书•科学三年级上册,output\教材封面\77\7745e0d1-8ee2-4a0f-9e7c-82d9104d1ad3.jpg,True
d5801358-5bc3-408c-a3ed-0833c8e2e557,小学,科学,三年级,下册,冀人版,义务教育教科书·科学·学生活动手册三年级下册,output\教材封面\d5\d5801358-5bc3-408c-a3ed-0833c8e2e557.jpg,True
94fa2c7e-3609-427a-99b9-22aeab017aed,小学,科学,三年级,下册,冀人版,（根据2022年版课程标准修订）义务教育教科书·科学三年级下册,output\教材封面\94\94fa2c7e-3609-427a-99b9-22aeab017aed.jpg,True
01b02d7d-bb12-42ec-a0b0-e04ee094928b,小学,科学,四年级,上册,冀人版,义务教育教科书·科学·学生活动手册四年级上册,output\教材封面\01\01b02d7d-bb12-42ec-a0b0-e04ee094928b.jpg,True
1b9b4fc7-ac0f-4df3-8617-7ba3c4e314b9,小学,科学,四年级,上册,冀人版,义务教育教科书·科学四年级上册,output\教材封面\1b\1b9b4fc7-ac0f-4df3-8617-7ba3c4e314b9.jpg,True
b0579a10-05f8-40d8-a9bb-92be94072ffe,小学,科学,四年级,下册,冀人版,义务教育教科书·科学·学生活动手册四年级下册,output\教材封面\b0\b0579a10-05f8-40d8-a9bb-92be94072ffe.jpg,True
e3000ce5-1651-4bf5-bb2e-80a660617dce,小学,科学,四年级,下册,冀人版,义务教育教科书·科学四年级下册,output\教材封面\e3\e3000ce5-1651-4bf5-bb2e-80a660617dce.jpg,True
896fc7c1-a9bd-4ab2-9090-18aef6d06aa2,小学,科学,五年级,上册,冀人版,义务教育教科书·科学·学生活动手册五年级上册,output\教材封面\89\896fc7c1-a9bd-4ab2-9090-18aef6d06aa2.jpg,True
e2210009-49c2-430f-bdf2-0c04fee44a65,小学,科学,五年级,上册,冀人版,义务教育教科书·科学五年级上册,output\教材封面\e2\e2210009-49c2-430f-bdf2-0c04fee44a65.jpg,True
2535d455-b78d-4fef-97a8-a385dc44c533,小学,科学,五年级,下册,冀人版,义务教育教科书·科学·学生活动手册五年级下册,output\教材封面\25\2535d455-b78d-4fef-97a8-a385dc44c533.jpg,True
8ba5e927-b2d2-4dc2-87f8-fc4f6014359f,小学,科学,五年级,下册,冀人版,义务教育教科书·科学五年级下册,output\教材封面\8b\8ba5e927-b2d2-4dc2-87f8-fc4f6014359f.jpg,True
7c23edb0-7b2f-4611-8bbc-df9055c01a2b,小学,科学,六年级,上册,冀人版,义务教育教科书·科学·学生活动手册六年级上册,output\教材封面\7c\7c23edb0-7b2f-4611-8bbc-df9055c01a2b.jpg,True
07bcd0fc-1155-4592-b219-ef183fd37c2a,小学,科学,六年级,上册,冀人版,义务教育教科书·科学六年级上册,output\教材封面\07\07bcd0fc-1155-4592-b219-ef183fd37c2a.jpg,True
62fc4060-5a73-4c74-a769-df4dac3c50eb,小学,科学,六年级,下册,冀人版,义务教育教科书·科学·学生活动手册六年级下册,output\教材封面\62\62fc4060-5a73-4c74-a769-df4dac3c50eb.jpg,True
20759b9d-525c-4f62-abc7-262bedd91cc1,小学,科学,六年级,下册,冀人版,义务教育教科书·科学六年级下册,output\教材封面\20\20759b9d-525c-4f62-abc7-262bedd91cc1.jpg,True
64e96b25-9c23-498a-91da-c63e1ef531c7,小学,科学,一年级,上册,人教鄂教版,（根据2022年版课程标准修订）义务教育教科书·科学一年级上册,output\教材封面\64\64e96b25-9c23-498a-91da-c63e1ef531c7.jpg,True
e231dd57-90b2-49c3-a82f-a44a72f8e330,小学,科学,一年级,下册,人教鄂教版,（根据2022年版课程标准修订）义务教育教科书·科学一年级下册,output\教材封面\e2\e231dd57-90b2-49c3-a82f-a44a72f8e330.jpg,True
4fefad7e-ded1-4b6e-8798-4c53f7d18fd3,小学,科学,二年级,上册,人教鄂教版,（根据2022年版课程标准修订）义务教育教科书·科学二年级上册,output\教材封面\4f\4fefad7e-ded1-4b6e-8798-4c53f7d18fd3.jpg,True
3908f76e-f017-4002-b675-3007005d3b9a,小学,科学,二年级,下册,人教鄂教版,（根据2022年版课程标准修订）义务教育教科书·科学二年级下册,output\教材封面\39\3908f76e-f017-4002-b675-3007005d3b9a.jpg,True
514a37c8-107a-42b4-a4e7-b385debef4f2,小学,科学,三年级,上册,人教鄂教版,（根据2022年版课程标准修订）义务教育教科书·科学三年级上册,output\教材封面\51\514a37c8-107a-42b4-a4e7-b385debef4f2.jpg,True
92b96caf-648e-4e33-86b7-8ae0045d6087,小学,科学,三年级,下册,人教鄂教版,（根据2022年版课程标准修订）义务教育教科书·科学三年级下册,output\教材封面\92\92b96caf-648e-4e33-86b7-8ae0045d6087.jpg,True
dc128ba8-658e-4b17-bdc9-f1de1b81d211,小学,科学,四年级,上册,人教鄂教版,义务教育教科书·科学四年级上册,output\教材封面\dc\dc128ba8-658e-4b17-bdc9-f1de1b81d211.jpg,True
00af1648-7893-427d-a8e2-ec26cd73da47,小学,科学,四年级,下册,人教鄂教版,义务教育教科书·科学四年级下册,output\教材封面\00\00af1648-7893-427d-a8e2-ec26cd73da47.jpg,True
e46d4ba6-c572-4fb0-b77d-d8b0e9d5a026,小学,科学,五年级,上册,人教鄂教版,义务教育教科书·科学五年级上册,output\教材封面\e4\e46d4ba6-c572-4fb0-b77d-d8b0e9d5a026.jpg,True
74252724-0655-41e5-80c0-8d7387eb6fad,小学,科学,五年级,下册,人教鄂教版,义务教育教科书·科学五年级下册,output\教材封面\74\74252724-0655-41e5-80c0-8d7387eb6fad.jpg,True
6782eaa6-91c5-4dd7-925e-a8be66aff00e,小学,科学,六年级,上册,人教鄂教版,义务教育教科书·科学六年级上册,output\教材封面\67\6782eaa6-91c5-4dd7-925e-a8be66aff00e.jpg,True
93aeceec-7684-462b-93d0-4dc12fd4c515,小学,科学,六年级,下册,人教鄂教版,义务教育教科书·科学六年级下册,output\教材封面\93\93aeceec-7684-462b-93d0-4dc12fd4c515.jpg,True
36b21477-70a9-4210-a75f-ee958d438632,小学,科学,一年级,上册,湘科版,（根据2022年版课程标准修订）义务教育教科书•科学一年级上册,output\教材封面\36\36b21477-70a9-4210-a75f-ee958d438632.jpg,True
bab36dc9-75be-4a71-9d80-803300439b01,小学,科学,一年级,下册,湘科版,（根据2022年版课程标准修订）义务教育教科书·科学一年级下册,output\教材封面\ba\bab36dc9-75be-4a71-9d80-803300439b01.jpg,True
dafce506-808b-40a6-a56a-80c723ac1e60,小学,科学,二年级,上册,湘科版,（根据2022年版课程标准修订）义务教育教科书•科学二年级上册,output\教材封面\da\dafce506-808b-40a6-a56a-80c723ac1e60.jpg,True
61250f93-6e0c-4547-b940-c0a79fff0e8a,小学,科学,二年级,上册,湘科版,义务教育教科书·科学·学生活动手册二年级上册,output\教材封面\61\61250f93-6e0c-4547-b940-c0a79fff0e8a.jpg,True
910709d9-627a-4338-a6b5-e0a06055ad25,小学,科学,二年级,下册,湘科版,（根据2022年版课程标准修订）义务教育教科书·科学二年级下册,output\教材封面\91\910709d9-627a-4338-a6b5-e0a06055ad25.jpg,True
49e50fe7-18e8-4eb6-a149-f5d000a63c36,小学,科学,二年级,下册,湘科版,义务教育教科书·科学·学生活动手册二年级下册,output\教材封面\49\49e50fe7-18e8-4eb6-a149-f5d000a63c36.jpg,True
138e9ae0-2631-4fd7-bdd2-ab8409356736,小学,科学,三年级,上册,湘科版,（根据2022年版课程标准修订）义务教育教科书•科学三年级上册,output\教材封面\13\138e9ae0-2631-4fd7-bdd2-ab8409356736.jpg,True
2d9ad462-be06-4e9d-891f-59a89b5258a5,小学,科学,三年级,上册,湘科版,义务教育教科书·科学·学生活动手册三年级上册,output\教材封面\2d\2d9ad462-be06-4e9d-891f-59a89b5258a5.jpg,True
20f41da1-d0bd-4079-8af9-183beeec98da,小学,科学,三年级,下册,湘科版,（根据2022年版课程标准修订）义务教育教科书·科学三年级下册,output\教材封面\20\20f41da1-d0bd-4079-8af9-183beeec98da.jpg,True
2f02dd3a-512a-4c5a-827c-f8ff196a0b96,小学,科学,三年级,下册,湘科版,义务教育教科书·科学·学生活动手册三年级下册,output\教材封面\2f\2f02dd3a-512a-4c5a-827c-f8ff196a0b96.jpg,True
b0e2c52d-8d3d-49d0-a6bd-057d03a56d35,小学,科学,四年级,上册,湘科版,义务教育教科书·科学四年级上册,output\教材封面\b0\b0e2c52d-8d3d-49d0-a6bd-057d03a56d35.jpg,True
539d472c-109b-488e-ae84-2538cd11fe4a,小学,科学,四年级,上册,湘科版,义务教育教科书·科学·学生活动手册四年级上册,output\教材封面\53\539d472c-109b-488e-ae84-2538cd11fe4a.jpg,True
9475028c-d44b-4d2a-8bd0-f4d9c278c895,小学,科学,四年级,下册,湘科版,义务教育教科书·科学四年级下册,output\教材封面\94\9475028c-d44b-4d2a-8bd0-f4d9c278c895.jpg,True
ea935c08-c70b-44a6-9bc2-f27a418a4b68,小学,科学,四年级,下册,湘科版,义务教育教科书·科学·学生活动手册四年级下册,output\教材封面\ea\ea935c08-c70b-44a6-9bc2-f27a418a4b68.jpg,True
b1de84c9-6328-48b8-a6b5-54e311e0c85a,小学,科学,五年级,上册,湘科版,义务教育教科书·科学五年级上册,output\教材封面\b1\b1de84c9-6328-48b8-a6b5-54e311e0c85a.jpg,True
59201f48-3d04-4acf-8505-cf1980cf91f5,小学,科学,五年级,上册,湘科版,义务教育教科书·科学·学生活动手册五年级上册,output\教材封面\59\59201f48-3d04-4acf-8505-cf1980cf91f5.jpg,True
12af8337-90a6-4954-9e52-735bdd7a2e03,小学,科学,五年级,下册,湘科版,义务教育教科书·科学五年级下册,output\教材封面\12\12af8337-90a6-4954-9e52-735bdd7a2e03.jpg,True
dc848216-f6d5-4217-9640-94229f1dddc3,小学,科学,五年级,下册,湘科版,义务教育教科书·科学·学生活动手册五年级下册,output\教材封面\dc\dc848216-f6d5-4217-9640-94229f1dddc3.jpg,True
137ef314-c5d3-4c4c-812d-4e634e9e742f,小学,科学,六年级,上册,湘科版,义务教育教科书·科学六年级上册,output\教材封面\13\137ef314-c5d3-4c4c-812d-4e634e9e742f.jpg,True
8b747152-2a78-4fc7-820f-43d7f9175834,小学,科学,六年级,上册,湘科版,义务教育教科书·科学·学生活动手册六年级上册,output\教材封面\8b\8b747152-2a78-4fc7-820f-43d7f9175834.jpg,True
79feeabf-313b-457a-99fb-3d684191bd2d,小学,科学,六年级,下册,湘科版,义务教育教科书·科学六年级下册,output\教材封面\79\79feeabf-313b-457a-99fb-3d684191bd2d.jpg,True
7dfd671a-56fb-4a56-b80b-c5a4f92ba37e,小学,科学,六年级,下册,湘科版,义务教育教科书·科学·学生活动手册六年级下册,output\教材封面\7d\7dfd671a-56fb-4a56-b80b-c5a4f92ba37e.jpg,True
a32d0ba5-c2de-49df-9173-5e7cf2b572a3,小学,科学,一年级,上册,苏教版,（根据2022年版课程标准修订）义务教育教科书•科学一年级上册,output\教材封面\a3\a32d0ba5-c2de-49df-9173-5e7cf2b572a3.jpg,True
27bef766-de39-4edb-baf5-7026de1dd465,小学,科学,一年级,下册,苏教版,（根据2022年版课程标准修订）义务教育教科书·科学一年级下册,output\教材封面\27\27bef766-de39-4edb-baf5-7026de1dd465.jpg,True
49d469c3-c25b-4da2-971d-f4c24ef28db9,小学,科学,二年级,上册,苏教版,义务教育教科书·科学·学生活动手册二年级上册,output\教材封面\49\49d469c3-c25b-4da2-971d-f4c24ef28db9.jpg,True
f5a2270a-307e-4411-a038-9fc150cdcf30,小学,科学,三年级,上册,苏教版,（根据2022年版课程标准修订）义务教育教科书•科学三年级上册,output\教材封面\f5\f5a2270a-307e-4411-a038-9fc150cdcf30.jpg,True
4dfeb1dc-aee4-46bc-9935-15232971cffb,小学,科学,二年级,下册,苏教版,义务教育教科书·科学·学生活动手册二年级下册,output\教材封面\4d\4dfeb1dc-aee4-46bc-9935-15232971cffb.jpg,True
f2817de7-3e26-4e0b-b331-d6f4eff9147c,小学,科学,二年级,下册,苏教版,（根据2022年版课程标准修订）义务教育教科书·科学二年级下册,output\教材封面\f2\f2817de7-3e26-4e0b-b331-d6f4eff9147c.jpg,True
e29d49bc-9cf1-4788-abea-73a0a9dff49a,小学,科学,三年级,上册,苏教版,义务教育教科书·科学·学生活动手册三年级上册,output\教材封面\e2\e29d49bc-9cf1-4788-abea-73a0a9dff49a.jpg,True
b2411d42-9897-4020-92f3-22584a50a93c,小学,科学,二年级,上册,苏教版,（根据2022年版课程标准修订）义务教育教科书•科学二年级上册,output\教材封面\b2\b2411d42-9897-4020-92f3-22584a50a93c.jpg,True
12ef79ba-6a49-47e6-987f-5b0df8c1130b,小学,科学,三年级,下册,苏教版,义务教育教科书·科学·学生活动手册三年级下册,output\教材封面\12\12ef79ba-6a49-47e6-987f-5b0df8c1130b.jpg,True
bdd320fc-eb04-4ad7-8f8e-8c3cca3f8600,小学,科学,三年级,下册,苏教版,（根据2022年版课程标准修订）义务教育教科书·科学三年级下册,output\教材封面\bd\bdd320fc-eb04-4ad7-8f8e-8c3cca3f8600.jpg,True
690880ed-c243-4975-a2c6-230c086084e4,小学,科学,四年级,上册,苏教版,义务教育教科书·科学·学生活动手册四年级上册,output\教材封面\69\690880ed-c243-4975-a2c6-230c086084e4.jpg,True
a6abc204-e747-498a-bd3e-d1bac687d306,小学,科学,四年级,上册,苏教版,义务教育教科书·科学四年级上册,output\教材封面\a6\a6abc204-e747-498a-bd3e-d1bac687d306.jpg,True
f75ffdb0-f373-4f11-8c3e-6b757963a4f6,小学,科学,四年级,下册,苏教版,义务教育教科书·科学·学生活动手册四年级下册,output\教材封面\f7\f75ffdb0-f373-4f11-8c3e-6b757963a4f6.jpg,True
61115b9c-5c7d-4523-84ff-dc22cfeb2ff6,小学,科学,四年级,下册,苏教版,义务教育教科书·科学四年级下册,output\教材封面\61\61115b9c-5c7d-4523-84ff-dc22cfeb2ff6.jpg,True
adb2399f-3413-4ae1-9be8-9eb87bea771d,小学,科学,五年级,上册,苏教版,义务教育教科书·科学·学生活动手册五年级上册,output\教材封面\ad\adb2399f-3413-4ae1-9be8-9eb87bea771d.jpg,True
fcff4585-d630-465c-a54b-b83687b4e0d5,小学,科学,五年级,上册,苏教版,义务教育教科书·科学五年级上册,output\教材封面\fc\fcff4585-d630-465c-a54b-b83687b4e0d5.jpg,True
52521a6d-b7fd-4212-b627-f92b4e8634c5,小学,科学,五年级,下册,苏教版,义务教育教科书·科学·学生活动手册五年级下册,output\教材封面\52\52521a6d-b7fd-4212-b627-f92b4e8634c5.jpg,True
f2114b1a-d7da-48ed-87b7-1c74d4203c28,小学,科学,五年级,下册,苏教版,义务教育教科书·科学五年级下册,output\教材封面\f2\f2114b1a-d7da-48ed-87b7-1c74d4203c28.jpg,True
8145b839-8fb8-4cfa-b7a2-407e2dc9d9b6,小学,科学,六年级,上册,苏教版,义务教育教科书·科学·学生活动手册六年级上册,output\教材封面\81\8145b839-8fb8-4cfa-b7a2-407e2dc9d9b6.jpg,True
15190cd6-ae5a-448c-8a96-02eebc2ad083,小学,科学,六年级,上册,苏教版,义务教育教科书·科学六年级上册,output\教材封面\15\15190cd6-ae5a-448c-8a96-02eebc2ad083.jpg,True
3fa5966a-3889-44d2-948c-6f3f2acd7345,小学,科学,六年级,下册,苏教版,义务教育教科书·科学·学生活动手册六年级下册,output\教材封面\3f\3fa5966a-3889-44d2-948c-6f3f2acd7345.jpg,True
be3f69cd-4c82-4021-bf38-de8844e27159,小学,科学,六年级,下册,苏教版,义务教育教科书·科学六年级下册,output\教材封面\be\be3f69cd-4c82-4021-bf38-de8844e27159.jpg,True
5082db8c-82e3-4253-be5a-36a4cc7473a6,小学,科学,一年级,上册,教科版,（根据2022年版课程标准修订）义务教育教科书•科学一年级上册,output\教材封面\50\5082db8c-82e3-4253-be5a-36a4cc7473a6.jpg,True
6747ab99-ffe6-4414-a4ba-e8de1e9a6b5f,小学,科学,一年级,下册,教科版,（根据2022年版课程标准修订）义务教育教科书·科学一年级下册,output\教材封面\67\6747ab99-ffe6-4414-a4ba-e8de1e9a6b5f.jpg,True
a27e1141-eb30-4030-a1df-0051cc737afc,小学,科学,二年级,上册,教科版,（根据2022年版课程标准修订）义务教育教科书·科学二年级上册,output\教材封面\a2\a27e1141-eb30-4030-a1df-0051cc737afc.jpg,True
d1e7490c-c9e3-42cc-8235-858af14b4a20,小学,科学,二年级,下册,教科版,（根据2022年版课程标准修订）义务教育教科书·科学二年级下册,output\教材封面\d1\d1e7490c-c9e3-42cc-8235-858af14b4a20.jpg,True
c8959f5d-8cb6-4624-aebc-df78b612b332,小学,科学,三年级,上册,教科版,（根据2022年版课程标准修订）义务教育教科书·科学三年级上册,output\教材封面\c8\c8959f5d-8cb6-4624-aebc-df78b612b332.jpg,True
67a740b6-4ebe-4965-82cf-6d0e1772d14b,小学,科学,三年级,下册,教科版,（根据2022年版课程标准修订）义务教育教科书·科学三年级下册,output\教材封面\67\67a740b6-4ebe-4965-82cf-6d0e1772d14b.jpg,True
de850b37-08a3-40d5-8aa7-7791f08179e0,小学,科学,四年级,上册,教科版,义务教育教科书·科学四年级上册,output\教材封面\de\de850b37-08a3-40d5-8aa7-7791f08179e0.jpg,True
99186490-5b29-4767-aca5-b6386ec98960,小学,科学,四年级,下册,教科版,义务教育教科书·科学四年级下册,output\教材封面\99\99186490-5b29-4767-aca5-b6386ec98960.jpg,True
4f4b95e8-022c-4685-a126-cc3bded02620,小学,科学,五年级,上册,教科版,义务教育教科书·科学五年级上册,output\教材封面\4f\4f4b95e8-022c-4685-a126-cc3bded02620.jpg,True
9a2bcf38-3f8e-4835-9466-341207f7d02c,小学,科学,五年级,下册,教科版,义务教育教科书·科学五年级下册,output\教材封面\9a\9a2bcf38-3f8e-4835-9466-341207f7d02c.jpg,True
89bce7a4-35e0-48a0-a29a-f9b97f14354d,小学,科学,六年级,上册,教科版,义务教育教科书·科学六年级上册,output\教材封面\89\89bce7a4-35e0-48a0-a29a-f9b97f14354d.jpg,True
2c4fe2cc-076f-47bf-9962-39816e866429,小学,科学,六年级,下册,教科版,义务教育教科书·科学六年级下册,output\教材封面\2c\2c4fe2cc-076f-47bf-9962-39816e866429.jpg,True
2c31bb8a-5578-4ec4-9b42-761313ba005d,小学,科学,一年级,上册,青岛版,（根据2022年版课程标准修订）义务教育教科书·科学一年级上册,output\教材封面\2c\2c31bb8a-5578-4ec4-9b42-761313ba005d.jpg,True
bb1d5d4c-8bb2-4b4a-8ad3-2a57bd4fd998,小学,科学,一年级,下册,青岛版,（根据2022年版课程标准修订）义务教育教科书·科学一年级下册,output\教材封面\bb\bb1d5d4c-8bb2-4b4a-8ad3-2a57bd4fd998.jpg,True
fa1a553d-38a9-424e-8180-66ed74620cf9,小学,科学,二年级,上册,青岛版,义务教育教科书·科学·学生活动手册二年级上册,output\教材封面\fa\fa1a553d-38a9-424e-8180-66ed74620cf9.jpg,True
3ecb1650-59f7-4a25-8201-3ca05455eaf2,小学,科学,二年级,上册,青岛版,（根据2022年版课程标准修订）义务教育教科书·科学二年级上册,output\教材封面\3e\3ecb1650-59f7-4a25-8201-3ca05455eaf2.jpg,True
e1178bcd-d340-41d5-b175-e86a02d9dafa,小学,科学,二年级,下册,青岛版,义务教育教科书·科学·学生活动手册二年级下册,output\教材封面\e1\e1178bcd-d340-41d5-b175-e86a02d9dafa.jpg,True
690add8f-b525-4790-af55-6d8020030b34,小学,科学,二年级,下册,青岛版,（根据2022年版课程标准修订）义务教育教科书·科学二年级下册,output\教材封面\69\690add8f-b525-4790-af55-6d8020030b34.jpg,True
8158d0df-5b6c-4f92-9ec7-5dc9499aa278,小学,科学,三年级,上册,青岛版,义务教育教科书·科学·学生活动手册三年级上册,output\教材封面\81\8158d0df-5b6c-4f92-9ec7-5dc9499aa278.jpg,True
4d1b46db-df58-4d9c-8470-eb25a5300229,小学,科学,三年级,上册,青岛版,（根据2022年版课程标准修订）义务教育教科书·科学三年级上册,output\教材封面\4d\4d1b46db-df58-4d9c-8470-eb25a5300229.jpg,True
ad792d24-69ac-4e22-9188-c181ea6361a3,小学,科学,三年级,下册,青岛版,义务教育教科书·科学·学生活动手册三年级下册,output\教材封面\ad\ad792d24-69ac-4e22-9188-c181ea6361a3.jpg,True
d8877c00-471b-4499-ae51-e1c93b1f38de,小学,科学,三年级,下册,青岛版,（根据2022年版课程标准修订）义务教育教科书·科学三年级下册,output\教材封面\d8\d8877c00-471b-4499-ae51-e1c93b1f38de.jpg,True
a00140da-7a43-4677-aad7-097644d606cf,小学,科学,四年级,上册,青岛版,义务教育教科书·科学·学生活动手册四年级上册,output\教材封面\a0\a00140da-7a43-4677-aad7-097644d606cf.jpg,True
e75e7bc7-59cf-4e11-a6b7-ad4200a16568,小学,科学,四年级,上册,青岛版,义务教育教科书·科学四年级上册,output\教材封面\e7\e75e7bc7-59cf-4e11-a6b7-ad4200a16568.jpg,True
3785573e-28cb-4654-b262-af20ecca2246,小学,科学,四年级,下册,青岛版,义务教育教科书·科学·学生活动手册四年级下册,output\教材封面\37\3785573e-28cb-4654-b262-af20ecca2246.jpg,True
948c853e-ffae-4f11-8375-3b7352106225,小学,科学,四年级,下册,青岛版,义务教育教科书·科学四年级下册,output\教材封面\94\948c853e-ffae-4f11-8375-3b7352106225.jpg,True
157b3e5b-a4a5-41f1-a1f7-12e9f78cde50,小学,科学,五年级,上册,青岛版,义务教育教科书·科学·学生活动手册五年级上册,output\教材封面\15\157b3e5b-a4a5-41f1-a1f7-12e9f78cde50.jpg,True
18a6af8e-742e-405b-86e1-7e2e130eff2d,小学,科学,五年级,上册,青岛版,义务教育教科书·科学五年级上册,output\教材封面\18\18a6af8e-742e-405b-86e1-7e2e130eff2d.jpg,True
73d613ef-4f2a-4de5-a85c-af7b5d48d327,小学,科学,五年级,下册,青岛版,义务教育教科书·科学·学生活动手册五年级下册,output\教材封面\73\73d613ef-4f2a-4de5-a85c-af7b5d48d327.jpg,True
8dd44e3c-96dc-4d7c-9afc-a867e98a7df6,小学,科学,五年级,下册,青岛版,义务教育教科书·科学五年级下册,output\教材封面\8d\8dd44e3c-96dc-4d7c-9afc-a867e98a7df6.jpg,True
7d32ff10-5306-43e1-b8cd-529f9d84ea62,小学,科学,六年级,上册,青岛版,义务教育教科书·科学六年级上册,output\教材封面\7d\7d32ff10-5306-43e1-b8cd-529f9d84ea62.jpg,True
f0642735-35d3-4172-9cf6-964fa3d7f80d,小学,科学,六年级,下册,青岛版,义务教育教科书·科学六年级下册,output\教材封面\f0\f0642735-35d3-4172-9cf6-964fa3d7f80d.jpg,True
92b904e8-f9f0-4b25-b168-1230b9c373e4,小学,语文·书法练习指导,三年级,上册,北师大版,义务教育三至六年级·书法练习指导（实验）三年级上册,output\教材封面\92\92b904e8-f9f0-4b25-b168-1230b9c373e4.jpg,True
25dda26f-3ff0-433e-955a-aa92a8e7f203,小学,语文·书法练习指导,三年级,下册,北师大版,义务教育三至六年级·书法练习指导（实验）三年级下册,output\教材封面\25\25dda26f-3ff0-433e-955a-aa92a8e7f203.jpg,True
0dabe63c-bc33-40b4-8213-28a6ce4cb85b,小学,语文·书法练习指导,四年级,上册,北师大版,义务教育三至六年级·书法练习指导（实验）四年级上册,output\教材封面\0d\0dabe63c-bc33-40b4-8213-28a6ce4cb85b.jpg,True
1f3409ab-c209-48ba-9263-9bc7ddcae7f4,小学,语文·书法练习指导,四年级,下册,北师大版,义务教育三至六年级·书法练习指导（实验）四年级下册,output\教材封面\1f\1f3409ab-c209-48ba-9263-9bc7ddcae7f4.jpg,True
3a193efc-c843-4263-b7c2-329c94e6d321,小学,语文·书法练习指导,五年级,上册,北师大版,义务教育三至六年级·书法练习指导（实验）五年级上册,output\教材封面\3a\3a193efc-c843-4263-b7c2-329c94e6d321.jpg,True
64e50c98-f6ca-4c2a-ac90-81dd332c7508,小学,语文·书法练习指导,五年级,下册,北师大版,义务教育三至六年级·书法练习指导（实验）五年级下册,output\教材封面\64\64e50c98-f6ca-4c2a-ac90-81dd332c7508.jpg,True
aeab9f94-d8e8-441f-8adb-c2c84a7efdf4,小学,语文·书法练习指导,六年级,上册,北师大版,义务教育三至六年级·书法练习指导（实验）六年级上册,output\教材封面\ae\aeab9f94-d8e8-441f-8adb-c2c84a7efdf4.jpg,True
3ba736c3-3c83-4246-8b7f-2b4ce967b6ca,小学,语文·书法练习指导,六年级,下册,北师大版,义务教育三至六年级·书法练习指导（实验）六年级下册,output\教材封面\3b\3ba736c3-3c83-4246-8b7f-2b4ce967b6ca.jpg,True
88f95795-03d4-4e87-9999-b1b4a244dbe2,小学,语文·书法练习指导,三年级,上册,粤教版,义务教育三至六年级·书法练习指导（实验）三年级上册,output\教材封面\88\88f95795-03d4-4e87-9999-b1b4a244dbe2.jpg,True
5f00134f-7c11-4e8a-b174-a53c8449cfb3,小学,语文·书法练习指导,三年级,下册,粤教版,义务教育三至六年级·书法练习指导（实验）三年级下册,output\教材封面\5f\5f00134f-7c11-4e8a-b174-a53c8449cfb3.jpg,True
bf247dda-ac1a-4a83-b686-0d14558cd0be,小学,语文·书法练习指导,四年级,上册,粤教版,义务教育三至六年级·书法练习指导（实验）四年级上册,output\教材封面\bf\bf247dda-ac1a-4a83-b686-0d14558cd0be.jpg,True
56561a21-1cf6-47ed-bac9-84379b908e45,小学,语文·书法练习指导,四年级,下册,粤教版,义务教育三至六年级·书法练习指导（实验）四年级下册,output\教材封面\56\56561a21-1cf6-47ed-bac9-84379b908e45.jpg,True
1c5907cd-ef41-4f88-a691-7e1aa296a815,小学,语文·书法练习指导,五年级,上册,粤教版,义务教育三至六年级·书法练习指导（实验）五年级上册,output\教材封面\1c\1c5907cd-ef41-4f88-a691-7e1aa296a815.jpg,True
b6f64b9a-fed1-4580-8873-06c01649eede,小学,语文·书法练习指导,五年级,下册,粤教版,义务教育三至六年级·书法练习指导（实验）五年级下册,output\教材封面\b6\b6f64b9a-fed1-4580-8873-06c01649eede.jpg,True
c5e08aa7-f969-4c6a-9900-f7a234fecd0f,小学,语文·书法练习指导,六年级,上册,粤教版,义务教育三至六年级·书法练习指导（实验）六年级上册,output\教材封面\c5\c5e08aa7-f969-4c6a-9900-f7a234fecd0f.jpg,True
0a3a0c93-8bca-4e90-8ada-8b818fd4a41c,小学,语文·书法练习指导,六年级,下册,粤教版,义务教育三至六年级·书法练习指导（实验）六年级下册,output\教材封面\0a\0a3a0c93-8bca-4e90-8ada-8b818fd4a41c.jpg,True
fe7f3d69-2dd9-4a81-a039-f8ea459646c3,小学,语文·书法练习指导,三年级,上册,冀美版,义务教育三至六年级·书法练习指导（实验）三年级上册,output\教材封面\fe\fe7f3d69-2dd9-4a81-a039-f8ea459646c3.jpg,True
b1423ce4-06ef-4017-86e8-41f5251ed5cd,小学,语文·书法练习指导,三年级,下册,冀美版,义务教育三至六年级·书法练习指导（实验）三年级下册,output\教材封面\b1\b1423ce4-06ef-4017-86e8-41f5251ed5cd.jpg,True
01890c43-47b3-49ec-a78e-09a3dee7857e,小学,语文·书法练习指导,四年级,上册,冀美版,义务教育三至六年级·书法练习指导（实验）四年级上册,output\教材封面\01\01890c43-47b3-49ec-a78e-09a3dee7857e.jpg,True
cd7c195b-4a72-410f-80c1-0567b93cf7c9,小学,语文·书法练习指导,四年级,下册,冀美版,义务教育三至六年级·书法练习指导（实验）四年级下册,output\教材封面\cd\cd7c195b-4a72-410f-80c1-0567b93cf7c9.jpg,True
981b1468-0ebe-41a4-9fc6-79e11d93e927,小学,语文·书法练习指导,五年级,上册,冀美版,义务教育三至六年级·书法练习指导（实验）五年级上册,output\教材封面\98\981b1468-0ebe-41a4-9fc6-79e11d93e927.jpg,True
172e54c3-fc31-49c2-81e2-0d6c2dcaf994,小学,语文·书法练习指导,五年级,下册,冀美版,义务教育三至六年级·书法练习指导（实验）五年级下册,output\教材封面\17\172e54c3-fc31-49c2-81e2-0d6c2dcaf994.jpg,True
cf3c11a7-3204-41fe-9cb5-f84d689a5b37,小学,语文·书法练习指导,六年级,上册,冀美版,义务教育三至六年级·书法练习指导（实验）六年级上册,output\教材封面\cf\cf3c11a7-3204-41fe-9cb5-f84d689a5b37.jpg,True
74f64458-5ea9-4e6d-b615-e161baf769f3,小学,语文·书法练习指导,六年级,下册,冀美版,义务教育三至六年级·书法练习指导（实验）六年级下册,output\教材封面\74\74f64458-5ea9-4e6d-b615-e161baf769f3.jpg,True
28bfedf1-59e7-4927-a313-d6b497553bb6,小学,语文·书法练习指导,三年级,上册,湘美版,义务教育三至六年级·书法练习指导（实验）三年级上册,output\教材封面\28\28bfedf1-59e7-4927-a313-d6b497553bb6.jpg,True
d1dd2ee9-f90f-41f1-95e7-4e022f85cae5,小学,语文·书法练习指导,三年级,下册,湘美版,义务教育三至六年级·书法练习指导（实验）三年级下册,output\教材封面\d1\d1dd2ee9-f90f-41f1-95e7-4e022f85cae5.jpg,True
502ee2c9-19fc-4af1-b766-99802344ebb9,小学,语文·书法练习指导,四年级,上册,湘美版,义务教育三至六年级·书法练习指导（实验）四年级上册,output\教材封面\50\502ee2c9-19fc-4af1-b766-99802344ebb9.jpg,True
68916ebb-2e8f-4c91-9207-78a4c0386d48,小学,语文·书法练习指导,四年级,下册,湘美版,义务教育三至六年级·书法练习指导（实验）四年级下册,output\教材封面\68\68916ebb-2e8f-4c91-9207-78a4c0386d48.jpg,True
1b72a26e-6de5-4a40-91c2-d5018638d3cb,小学,语文·书法练习指导,五年级,上册,湘美版,义务教育三至六年级·书法练习指导（实验）五年级上册,output\教材封面\1b\1b72a26e-6de5-4a40-91c2-d5018638d3cb.jpg,True
daa3e742-33cd-460a-9581-524ac36faea5,小学,语文·书法练习指导,五年级,下册,湘美版,义务教育三至六年级·书法练习指导（实验）五年级下册,output\教材封面\da\daa3e742-33cd-460a-9581-524ac36faea5.jpg,True
cb0bf6fb-09f1-461a-a420-3c070041723f,小学,语文·书法练习指导,六年级,上册,湘美版,义务教育三至六年级·书法练习指导（实验）六年级上册,output\教材封面\cb\cb0bf6fb-09f1-461a-a420-3c070041723f.jpg,True
91d72459-a677-4e4c-8167-5a108b040ac6,小学,语文·书法练习指导,六年级,下册,湘美版,义务教育三至六年级·书法练习指导（实验）六年级下册,output\教材封面\91\91d72459-a677-4e4c-8167-5a108b040ac6.jpg,True
2467cd8d-4cfa-455f-9756-6e8caf1e40dc,小学,语文·书法练习指导,三年级,上册,华文社版,义务教育三至六年级·书法练习指导（实验）三年级上册,output\教材封面\24\2467cd8d-4cfa-455f-9756-6e8caf1e40dc.jpg,True
9a44d23b-1bed-4c0c-bc59-75179597c66b,小学,语文·书法练习指导,三年级,下册,华文社版,义务教育三至六年级·书法练习指导（实验）三年级下册,output\教材封面\9a\9a44d23b-1bed-4c0c-bc59-75179597c66b.jpg,True
eaa665bb-4a24-48f4-9f55-9f81542b38fd,小学,语文·书法练习指导,四年级,上册,华文社版,义务教育三至六年级·书法练习指导（实验）四年级上册,output\教材封面\ea\eaa665bb-4a24-48f4-9f55-9f81542b38fd.jpg,True
ea105a87-6c3f-40ce-bdae-577cf52c6089,小学,语文·书法练习指导,四年级,下册,华文社版,义务教育三至六年级·书法练习指导（实验）四年级下册,output\教材封面\ea\ea105a87-6c3f-40ce-bdae-577cf52c6089.jpg,True
68884003-9378-458c-b6ca-f407fa49b661,小学,语文·书法练习指导,五年级,上册,华文社版,义务教育三至六年级·书法练习指导（实验）五年级上册,output\教材封面\68\68884003-9378-458c-b6ca-f407fa49b661.jpg,True
9bfade3c-e70b-4981-a18d-e5ba6025348f,小学,语文·书法练习指导,五年级,下册,华文社版,义务教育三至六年级·书法练习指导（实验）五年级下册,output\教材封面\9b\9bfade3c-e70b-4981-a18d-e5ba6025348f.jpg,True
03f7793f-fc45-497a-abfd-49312e116530,小学,语文·书法练习指导,六年级,上册,华文社版,义务教育三至六年级·书法练习指导（实验）六年级上册,output\教材封面\03\03f7793f-fc45-497a-abfd-49312e116530.jpg,True
c6a990a9-a96e-4462-a84f-24ef9fd38a68,小学,语文·书法练习指导,六年级,下册,华文社版,义务教育三至六年级·书法练习指导（实验）六年级下册,output\教材封面\c6\c6a990a9-a96e-4462-a84f-24ef9fd38a68.jpg,True
b75220cc-3a2e-4f7e-a643-edd1069b6140,小学,语文·书法练习指导,三年级,上册,苏少版,义务教育三至六年级·书法练习指导（实验）三年级上册,output\教材封面\b7\b75220cc-3a2e-4f7e-a643-edd1069b6140.jpg,True
d38d8ad7-d105-40da-b23b-f60421613433,小学,语文·书法练习指导,三年级,下册,苏少版,义务教育三至六年级·书法练习指导（实验）三年级下册,output\教材封面\d3\d38d8ad7-d105-40da-b23b-f60421613433.jpg,True
aec8a51a-a6c4-451f-be7a-c9bc4eb0dad2,小学,语文·书法练习指导,四年级,上册,苏少版,义务教育三至六年级·书法练习指导（实验）四年级上册,output\教材封面\ae\aec8a51a-a6c4-451f-be7a-c9bc4eb0dad2.jpg,True
9a6c3a0e-9270-4542-b6fa-8c057b393e09,小学,语文·书法练习指导,四年级,下册,苏少版,义务教育三至六年级·书法练习指导（实验）四年级下册,output\教材封面\9a\9a6c3a0e-9270-4542-b6fa-8c057b393e09.jpg,True
d591eeb4-658e-4f52-aa20-900c05c2dfad,小学,语文·书法练习指导,五年级,上册,苏少版,义务教育三至六年级·书法练习指导（实验）五年级上册,output\教材封面\d5\d591eeb4-658e-4f52-aa20-900c05c2dfad.jpg,True
5a6609a7-951c-48e1-bb62-30ee842a578f,小学,语文·书法练习指导,五年级,下册,苏少版,义务教育三至六年级·书法练习指导（实验）五年级下册,output\教材封面\5a\5a6609a7-951c-48e1-bb62-30ee842a578f.jpg,True
63aa9cd3-ac68-49ef-8d78-0500eaa9d00a,小学,语文·书法练习指导,六年级,上册,苏少版,义务教育三至六年级·书法练习指导（实验）六年级上册,output\教材封面\63\63aa9cd3-ac68-49ef-8d78-0500eaa9d00a.jpg,True
9ebe7930-d942-4a4a-acaa-c12508b004ad,小学,语文·书法练习指导,六年级,下册,苏少版,义务教育三至六年级·书法练习指导（实验）六年级下册,output\教材封面\9e\9ebe7930-d942-4a4a-acaa-c12508b004ad.jpg,True
a3f34dcf-8559-4cf4-b0d9-da9fda28053e,小学,语文·书法练习指导,三年级,上册,青岛版,义务教育三至六年级·书法练习指导（实验）三年级上册,output\教材封面\a3\a3f34dcf-8559-4cf4-b0d9-da9fda28053e.jpg,True
865b1c2d-a8de-4df7-af8e-a11e42b9cace,小学,语文·书法练习指导,三年级,下册,青岛版,义务教育三至六年级·书法练习指导（实验）三年级下册,output\教材封面\86\865b1c2d-a8de-4df7-af8e-a11e42b9cace.jpg,True
32a7a1f6-da8d-4663-acf0-88d92b14b728,小学,语文·书法练习指导,四年级,上册,青岛版,义务教育三至六年级·书法练习指导（实验）四年级上册,output\教材封面\32\32a7a1f6-da8d-4663-acf0-88d92b14b728.jpg,True
cada71d4-6557-4723-9b3f-9c83e95365ad,小学,语文·书法练习指导,四年级,下册,青岛版,义务教育三至六年级·书法练习指导（实验）四年级下册,output\教材封面\ca\cada71d4-6557-4723-9b3f-9c83e95365ad.jpg,True
54e50f95-2aae-4eb6-8798-e24836fd6d84,小学,语文·书法练习指导,五年级,上册,青岛版,义务教育三至六年级·书法练习指导（实验）五年级上册,output\教材封面\54\54e50f95-2aae-4eb6-8798-e24836fd6d84.jpg,True
1870885b-abd4-4e9a-a5c7-16f2151932d2,小学,语文·书法练习指导,五年级,下册,青岛版,义务教育三至六年级·书法练习指导（实验）五年级下册,output\教材封面\18\1870885b-abd4-4e9a-a5c7-16f2151932d2.jpg,True
2ff5c139-4cfc-406e-8789-55421d148e7d,小学,语文·书法练习指导,六年级,上册,青岛版,义务教育三至六年级·书法练习指导（实验）六年级上册,output\教材封面\2f\2ff5c139-4cfc-406e-8789-55421d148e7d.jpg,True
d73e0912-d1ed-4eae-a395-a58dab49c6ba,小学,语文·书法练习指导,六年级,下册,青岛版,义务教育三至六年级·书法练习指导（实验）六年级下册,output\教材封面\d7\d73e0912-d1ed-4eae-a395-a58dab49c6ba.jpg,True
9aaf6fee-4709-4063-a0bb-ca424fc659cf,小学,语文·书法练习指导,三年级,上册,人美版,义务教育三至六年级·书法练习指导（实验）三年级上册,output\教材封面\9a\9aaf6fee-4709-4063-a0bb-ca424fc659cf.jpg,True
364b50ed-4482-4282-a83c-0b4a896d3184,小学,语文·书法练习指导,三年级,下册,人美版,义务教育三至六年级·书法练习指导（实验）三年级下册,output\教材封面\36\364b50ed-4482-4282-a83c-0b4a896d3184.jpg,True
ba959abd-d2f6-43f0-92ea-d3b6475938f3,小学,语文·书法练习指导,四年级,上册,人美版,义务教育三至六年级·书法练习指导（实验）四年级上册,output\教材封面\ba\ba959abd-d2f6-43f0-92ea-d3b6475938f3.jpg,True
9aee59ce-aee1-4e4f-a1d8-58b1af086a1f,小学,语文·书法练习指导,四年级,下册,人美版,义务教育三至六年级·书法练习指导（实验）四年级下册,output\教材封面\9a\9aee59ce-aee1-4e4f-a1d8-58b1af086a1f.jpg,True
0b199345-b428-438d-b28b-b96e7cace48f,小学,语文·书法练习指导,五年级,上册,人美版,义务教育三至六年级·书法练习指导（实验）五年级上册,output\教材封面\0b\0b199345-b428-438d-b28b-b96e7cace48f.jpg,True
1c211508-4c3b-4f07-b9bb-3e541d085fbb,小学,语文·书法练习指导,五年级,下册,人美版,义务教育三至六年级·书法练习指导（实验）五年级下册,output\教材封面\1c\1c211508-4c3b-4f07-b9bb-3e541d085fbb.jpg,True
19dd5456-1ebd-4ef7-a5bb-0264dfae57cf,小学,语文·书法练习指导,六年级,上册,人美版,义务教育三至六年级·书法练习指导（实验）六年级上册,output\教材封面\19\19dd5456-1ebd-4ef7-a5bb-0264dfae57cf.jpg,True
43aaff5d-feef-4d31-b8df-f2069694e838,小学,语文·书法练习指导,六年级,下册,人美版,义务教育三至六年级·书法练习指导（实验）六年级下册,output\教材封面\43\43aaff5d-feef-4d31-b8df-f2069694e838.jpg,True
41b616dc-0285-4d7b-9dbf-acf607d1b847,小学,语文·书法练习指导,三年级,上册,晋人版,义务教育三至六年级·书法练习指导（实验）三年级上册,output\教材封面\41\41b616dc-0285-4d7b-9dbf-acf607d1b847.jpg,True
c08b802a-04ca-4b85-98f0-a8072a683a6c,小学,语文·书法练习指导,三年级,下册,晋人版,义务教育三至六年级·书法练习指导（实验）三年级下册,output\教材封面\c0\c08b802a-04ca-4b85-98f0-a8072a683a6c.jpg,True
7ca54092-9f89-4e9f-9111-50b4578e69e9,小学,语文·书法练习指导,四年级,上册,晋人版,义务教育三至六年级·书法练习指导（实验）四年级上册,output\教材封面\7c\7ca54092-9f89-4e9f-9111-50b4578e69e9.jpg,True
82638786-62be-4202-ba2d-36c64d26de1b,小学,语文·书法练习指导,四年级,下册,晋人版,义务教育三至六年级·书法练习指导（实验）四年级下册,output\教材封面\82\82638786-62be-4202-ba2d-36c64d26de1b.jpg,True
a9edc602-4d50-4650-9e1a-c81484bd512d,小学,语文·书法练习指导,五年级,上册,晋人版,义务教育三至六年级·书法练习指导（实验）五年级上册,output\教材封面\a9\a9edc602-4d50-4650-9e1a-c81484bd512d.jpg,True
b7c2fef2-eadd-4723-8a34-bf045605b73c,小学,语文·书法练习指导,五年级,下册,晋人版,义务教育三至六年级·书法练习指导（实验）五年级下册,output\教材封面\b7\b7c2fef2-eadd-4723-8a34-bf045605b73c.jpg,True
6ea6433c-7a48-429e-909d-3ccb4ee2ff79,小学,语文·书法练习指导,六年级,上册,晋人版,义务教育三至六年级·书法练习指导（实验）六年级上册,output\教材封面\6e\6ea6433c-7a48-429e-909d-3ccb4ee2ff79.jpg,True
9494ffa1-a048-4fae-997b-1b034d36350c,小学,语文·书法练习指导,六年级,下册,晋人版,义务教育三至六年级·书法练习指导（实验）六年级下册,output\教材封面\94\9494ffa1-a048-4fae-997b-1b034d36350c.jpg,True
996c4df0-953b-4c94-bb72-be280cfb4778,小学,语文·书法练习指导,三年级,上册,沪科教版,义务教育三至六年级·书法练习指导（实验）三年级上册,output\教材封面\99\996c4df0-953b-4c94-bb72-be280cfb4778.jpg,True
c46e905e-1131-4278-953a-4cdaabd8601f,小学,语文·书法练习指导,三年级,下册,沪科教版,义务教育三至六年级·书法练习指导（实验）三年级下册,output\教材封面\c4\c46e905e-1131-4278-953a-4cdaabd8601f.jpg,True
310f3242-b73d-4008-9da0-567660a5a017,小学,语文·书法练习指导,四年级,上册,沪科教版,义务教育三至六年级·书法练习指导（实验）四年级上册,output\教材封面\31\310f3242-b73d-4008-9da0-567660a5a017.jpg,True
5a624faf-5878-445d-a88a-efc1ddb72745,小学,语文·书法练习指导,四年级,下册,沪科教版,义务教育三至六年级·书法练习指导（实验）四年级下册,output\教材封面\5a\5a624faf-5878-445d-a88a-efc1ddb72745.jpg,True
69058e6d-90fb-4904-bf7f-4a8356ea204d,小学,语文·书法练习指导,五年级,上册,沪科教版,义务教育三至六年级·书法练习指导（实验）五年级上册,output\教材封面\69\69058e6d-90fb-4904-bf7f-4a8356ea204d.jpg,True
3ece87b8-ae51-4ee8-b874-abe30ff5b8a0,小学,语文·书法练习指导,五年级,下册,沪科教版,义务教育三至六年级·书法练习指导（实验）五年级下册,output\教材封面\3e\3ece87b8-ae51-4ee8-b874-abe30ff5b8a0.jpg,True
840ed572-3a8a-4bcf-84c7-2641c121d13f,小学,语文·书法练习指导,六年级,上册,沪科教版,义务教育三至六年级·书法练习指导（实验）六年级上册,output\教材封面\84\840ed572-3a8a-4bcf-84c7-2641c121d13f.jpg,True
ad3113ff-9712-49fb-ad4b-cabff8696812,小学,语文·书法练习指导,六年级,下册,沪科教版,义务教育三至六年级·书法练习指导（实验）六年级下册,output\教材封面\ad\ad3113ff-9712-49fb-ad4b-cabff8696812.jpg,True
bbd63754-bef1-4ced-82f3-71f0232a459c,小学,语文·书法练习指导,三年级,上册,西泠印社版,义务教育三至六年级·书法练习指导（实验）三年级上册,output\教材封面\bb\bbd63754-bef1-4ced-82f3-71f0232a459c.jpg,True
5d22158b-425b-4ab9-8652-0d98859f5407,小学,语文·书法练习指导,三年级,下册,西泠印社版,义务教育三至六年级·书法练习指导（实验）三年级下册,output\教材封面\5d\5d22158b-425b-4ab9-8652-0d98859f5407.jpg,True
78363f7c-446d-45e7-b6b2-bcfee6ca0e45,小学,语文·书法练习指导,四年级,上册,西泠印社版,义务教育三至六年级·书法练习指导（实验）四年级上册,output\教材封面\78\78363f7c-446d-45e7-b6b2-bcfee6ca0e45.jpg,True
789fce6c-fd9a-4a16-8627-5ec309a6f1a0,小学,语文·书法练习指导,四年级,下册,西泠印社版,义务教育三至六年级·书法练习指导（实验）四年级下册,output\教材封面\78\789fce6c-fd9a-4a16-8627-5ec309a6f1a0.jpg,True
517aea3c-46e2-417e-9a4a-3514a069eb16,小学,语文·书法练习指导,五年级,上册,西泠印社版,义务教育三至六年级·书法练习指导（实验）五年级上册,output\教材封面\51\517aea3c-46e2-417e-9a4a-3514a069eb16.jpg,True
6c5568cc-ef32-4186-90c3-78248022a91a,小学,语文·书法练习指导,五年级,下册,西泠印社版,义务教育三至六年级·书法练习指导（实验）五年级下册,output\教材封面\6c\6c5568cc-ef32-4186-90c3-78248022a91a.jpg,True
aed13131-6422-4d49-88d6-16e50bc8271f,小学,语文·书法练习指导,六年级,上册,西泠印社版,义务教育三至六年级·书法练习指导（实验）六年级上册,output\教材封面\ae\aed13131-6422-4d49-88d6-16e50bc8271f.jpg,True
0dba7dc8-f56b-4e75-8cc1-b9ba3c7051a7,小学,语文·书法练习指导,六年级,下册,西泠印社版,义务教育三至六年级·书法练习指导（实验）六年级下册,output\教材封面\0d\0dba7dc8-f56b-4e75-8cc1-b9ba3c7051a7.jpg,True
b384cd9c-2277-4d28-acd4-2dd887121374,小学,体育与健康,二年级,全一册,北京版,（根据2022年版课程标准修订）义务教育教科书体育与健康 二年级（全一册）,output\教材封面\b3\b384cd9c-2277-4d28-acd4-2dd887121374.jpg,True
d3466c12-0d0f-4638-9cd5-e89789962f80,小学,体育与健康,三年级,全一册,北京版,（根据2022年版课程标准修订）义务教育教科书体育与健康 三年级（全一册）,output\教材封面\d3\d3466c12-0d0f-4638-9cd5-e89789962f80.jpg,True
88e111e4-a70a-4c36-8c65-58b83cd86a52,小学,体育与健康,教师用书,四年级（全一册）,北京版,义务教育教科书·体育与健康教师用书四年级全一册,output\教材封面\88\88e111e4-a70a-4c36-8c65-58b83cd86a52.jpg,True
c93f2393-795a-4b13-add4-8a054fec6277,小学,体育与健康,教师用书,五年级（全一册）,北京版,义务教育教科书·体育与健康教师用书五年级全一册,output\教材封面\c9\c93f2393-795a-4b13-add4-8a054fec6277.jpg,True
e112a5cc-792c-4ef0-bc14-9c9449f2b543,小学,体育与健康,教师用书,六年级（全一册）,北京版,义务教育教科书·体育与健康教师用书六年级全一册,output\教材封面\e1\e112a5cc-792c-4ef0-bc14-9c9449f2b543.jpg,True
e6d26017-1e34-4cf1-b8e7-5c56f5a0d2e9,小学,体育与健康,教师用书,水平一,冀教版,义务教育教科书·体育与健康教师用书水平一,output\教材封面\e6\e6d26017-1e34-4cf1-b8e7-5c56f5a0d2e9.jpg,True
f342c143-18c7-4730-a0c4-c0947c5ef8e2,小学,体育与健康,教师用书,水平二,冀教版,义务教育教科书·体育与健康教师用书水平二,output\教材封面\f3\f342c143-18c7-4730-a0c4-c0947c5ef8e2.jpg,True
ad1e89ed-2f0b-463f-a99f-8a3f8c3d58b2,小学,体育与健康,教师用书,水平三,冀教版,义务教育教科书·体育与健康教师用书水平三,output\教材封面\ad\ad1e89ed-2f0b-463f-a99f-8a3f8c3d58b2.jpg,True
86c7ac6f-6892-4b7c-a419-6c992eac63da,小学,体育与健康,教师用书,水平一,华东师大版,义务教育教科书·体育与健康教师用书水平一,output\教材封面\86\86c7ac6f-6892-4b7c-a419-6c992eac63da.jpg,True
7a2380e0-b0cc-476a-8506-a375604f5997,小学,体育与健康,教师用书,水平二,华东师大版,义务教育教科书·体育与健康教师用书水平二,output\教材封面\7a\7a2380e0-b0cc-476a-8506-a375604f5997.jpg,True
f9a796a5-30a3-4a9b-8d59-62582ccb781c,小学,体育与健康,教师用书,水平三,华东师大版,义务教育教科书·体育与健康教师用书水平三,output\教材封面\f9\f9a796a5-30a3-4a9b-8d59-62582ccb781c.jpg,True
485b52fd-b7ae-41f4-8600-9e94b5bfbd87,小学,体育与健康,教师用书,一年级（全一册）,科学社版,义务教育教科书·体育与健康教师用书一年级全一册,output\教材封面\48\485b52fd-b7ae-41f4-8600-9e94b5bfbd87.jpg,True
c7c83466-b922-4268-abda-fe1841e6b768,小学,体育与健康,教师用书,四年级（全一册）,科学社版,义务教育教科书·体育与健康教师用书四年级全一册,output\教材封面\c7\c7c83466-b922-4268-abda-fe1841e6b768.jpg,True
bb77727d-62d1-4f45-bb1e-d0203bc07490,小学,体育与健康,教师用书,五年级（全一册）,科学社版,义务教育教科书·体育与健康教师用书五年级全一册,output\教材封面\bb\bb77727d-62d1-4f45-bb1e-d0203bc07490.jpg,True
52a1be44-2ba9-49b6-8bc5-afffa61ede83,小学,体育与健康,教师用书,六年级（全一册）,科学社版,义务教育教科书·体育与健康教师用书六年级全一册,output\教材封面\52\52a1be44-2ba9-49b6-8bc5-afffa61ede83.jpg,True
6eed169a-52df-46e4-87c2-a1e052311688,小学,体育与健康,教师用书,水平一,人教版,义务教育教科书·体育与健康 1至2年级全一册,output\教材封面\6e\6eed169a-52df-46e4-87c2-a1e052311688.jpg,True
4fdb823b-a85a-443f-bdf7-2064c8f4184c,小学,体育与健康,教师用书,水平二,人教版,义务教育教科书·体育与健康 3至4年级全一册,output\教材封面\4f\4fdb823b-a85a-443f-bdf7-2064c8f4184c.jpg,True
1a187325-2a90-4c59-a8ad-03992ac01dc5,小学,体育与健康,教师用书,水平三,人教版,义务教育教科书·体育与健康 5至6年级全一册,output\教材封面\1a\1a187325-2a90-4c59-a8ad-03992ac01dc5.jpg,True
5595df9b-313a-487b-9145-5f9d39a1f3ba,小学,体育与健康,教师用书,水平一,未来社版,义务教育教科书·体育与健康教师用书水平一,output\教材封面\55\5595df9b-313a-487b-9145-5f9d39a1f3ba.jpg,True
10d31b9c-78ca-4635-84b8-ab86609955ad,小学,体育与健康,教师用书,水平二,未来社版,义务教育教科书·体育与健康教师用书水平二,output\教材封面\10\10d31b9c-78ca-4635-84b8-ab86609955ad.jpg,True
b8daedc5-c72f-40e3-aa6e-7899b041c3c0,小学,体育与健康,教师用书,水平三,未来社版,义务教育教科书·体育与健康教师用书水平三,output\教材封面\b8\b8daedc5-c72f-40e3-aa6e-7899b041c3c0.jpg,True
11446212-4b7b-4094-afe3-bd5b4f2b3f0c,初中,道德与法治,七年级,上册,统编版,（根据2022年版课程标准修订）义务教育教科书·道德与法治七年级上册,output\教材封面\11\11446212-4b7b-4094-afe3-bd5b4f2b3f0c.jpg,True
4e1a2a9e-1e62-451f-a52e-ef99cb4e8bf2,初中,道德与法治,七年级,下册,统编版,（根据2022年版课程标准修订）义务教育教科书·道德与法治七年级下册,output\教材封面\4e\4e1a2a9e-1e62-451f-a52e-ef99cb4e8bf2.jpg,True
5a29b928-d6da-4131-a69e-4c54941f7651,初中,道德与法治,八年级,上册,统编版,（根据2022年版课程标准修订）义务教育教科书·道德与法治八年级上册,output\教材封面\5a\5a29b928-d6da-4131-a69e-4c54941f7651.jpg,True
f1db2a19-2513-4626-8e6c-275cf549bdf2,初中,道德与法治,八年级,下册,统编版,（根据2022年版课程标准修订）义务教育教科书·道德与法治八年级下册,output\教材封面\f1\f1db2a19-2513-4626-8e6c-275cf549bdf2.jpg,True
03d41525-a373-4286-92c3-3f2d7cbe3b79,初中,道德与法治,九年级,上册,统编版,义务教育教科书·道德与法治九年级上册,output\教材封面\03\03d41525-a373-4286-92c3-3f2d7cbe3b79.jpg,True
845ceea7-36c6-4db8-b032-998193173585,初中,道德与法治,九年级,下册,统编版,义务教育教科书·道德与法治九年级下册,output\教材封面\84\845ceea7-36c6-4db8-b032-998193173585.jpg,True
0e2eee03-e1cd-4b1a-9816-f1f558fd2bce,初中,道德与法治,学生读本,一册,统编版,习近平新时代中国特色社会主义思想学生读本·初中,output\教材封面\0e\0e2eee03-e1cd-4b1a-9816-f1f558fd2bce.jpg,True
8b9c7052-add4-4744-ab04-69d6c180d5d9,初中,语文,七年级,上册,统编版,（根据2022年版课程标准修订）义务教育教科书·语文七年级上册,output\教材封面\8b\8b9c7052-add4-4744-ab04-69d6c180d5d9.jpg,True
6b3ec445-9f7b-430c-a246-fc1903ca38b2,初中,语文,七年级,下册,统编版,（根据2022年版课程标准修订）义务教育教科书·语文七年级下册,output\教材封面\6b\6b3ec445-9f7b-430c-a246-fc1903ca38b2.jpg,True
4f64356a-8df7-4579-9400-e32c9a7f6718,初中,语文,八年级,上册,统编版,（根据2022年版课程标准修订）义务教育教科书·语文八年级上册,output\教材封面\4f\4f64356a-8df7-4579-9400-e32c9a7f6718.jpg,True
8f907d12-14b5-44ba-b042-0ffbc46e085b,初中,语文,八年级,下册,统编版,（根据2022年版课程标准修订）义务教育教科书·语文八年级下册,output\教材封面\8f\8f907d12-14b5-44ba-b042-0ffbc46e085b.jpg,True
a8b13ab7-7eef-4dc7-a3c7-8009ba65ce11,初中,语文,九年级,上册,统编版,义务教育教科书·语文九年级上册,output\教材封面\a8\a8b13ab7-7eef-4dc7-a3c7-8009ba65ce11.jpg,True
a45516ee-78ed-46f0-b88b-671174f2a2fe,初中,语文,九年级,下册,统编版,义务教育教科书·语文九年级下册,output\教材封面\a4\a45516ee-78ed-46f0-b88b-671174f2a2fe.jpg,True
79ff9e95-34e6-4c37-8294-a2a7e1619eb9,初中,数学,七年级,上册,北京版,（根据2022年版课程标准修订）义务教育教科书•数学七年级上册,output\教材封面\79\79ff9e95-34e6-4c37-8294-a2a7e1619eb9.jpg,True
15468d18-8f0e-499a-9c36-7fbfe1020c45,初中,数学,七年级,下册,北京版,（根据2022年版课程标准修订）义务教育教科书·数学七年级下册,output\教材封面\15\15468d18-8f0e-499a-9c36-7fbfe1020c45.jpg,True
039f3930-10a9-4501-bb89-1000dc26348c,初中,数学,八年级,上册,北京版,（根据2022年版课程标准修订）义务教育教科书•数学八年级上册,output\教材封面\03\039f3930-10a9-4501-bb89-1000dc26348c.jpg,True
f97de89a-6d58-4781-8dee-2ea6c2ddeeed,初中,数学,八年级,下册,北京版,（根据2022年版课程标准修订）义务教育教科书·数学八年级下册,output\教材封面\f9\f97de89a-6d58-4781-8dee-2ea6c2ddeeed.jpg,True
71a82bac-0c70-4d53-9e8f-22be536415f0,初中,数学,九年级,上册,北京版,义务教育教科书·数学九年级上册,output\教材封面\71\71a82bac-0c70-4d53-9e8f-22be536415f0.jpg,True
a5dccbc8-37c5-4183-9180-2e833e37ccd1,初中,数学,九年级,下册,北京版,义务教育教科书·数学九年级下册,output\教材封面\a5\a5dccbc8-37c5-4183-9180-2e833e37ccd1.jpg,True
8376191d-2d32-4c68-aba9-2f6c9dbfdf4a,初中,数学,七年级,上册,北师大版,（根据2022年版课程标准修订）义务教育教科书•数学七年级上册,output\教材封面\83\8376191d-2d32-4c68-aba9-2f6c9dbfdf4a.jpg,True
547e13ff-e4c3-4542-b793-2c43dedb77c5,初中,数学,七年级,下册,北师大版,（根据2022年版课程标准修订）义务教育教科书·数学七年级下册,output\教材封面\54\547e13ff-e4c3-4542-b793-2c43dedb77c5.jpg,True
85ac3198-7050-441c-a614-493ea53e8d4a,初中,数学,八年级,上册,北师大版,（根据2022年版课程标准修订）义务教育教科书•数学八年级上册,output\教材封面\85\85ac3198-7050-441c-a614-493ea53e8d4a.jpg,True
146b5d39-425a-46ee-a645-f62f4a61e1c1,初中,数学,八年级,下册,北师大版,（根据2022年版课程标准修订）义务教育教科书·数学八年级下册,output\教材封面\14\146b5d39-425a-46ee-a645-f62f4a61e1c1.jpg,True
4f797247-0ec5-4a00-9ad5-9942d4ff32c6,初中,数学,九年级,上册,北师大版,义务教育教科书·数学九年级上册,output\教材封面\4f\4f797247-0ec5-4a00-9ad5-9942d4ff32c6.jpg,True
fafe7c85-616a-4932-94d3-d6287b346e6b,初中,数学,九年级,下册,北师大版,义务教育教科书·数学九年级下册,output\教材封面\fa\fafe7c85-616a-4932-94d3-d6287b346e6b.jpg,True
bd6e3358-ba9e-455d-8042-53a9780287da,初中,数学,七年级,上册,冀教版,（根据2022年版课程标准修订）义务教育教科书•数学七年级上册,output\教材封面\bd\bd6e3358-ba9e-455d-8042-53a9780287da.jpg,True
ef12d0e9-b7a6-4657-929a-8b08e390c788,初中,数学,七年级,下册,冀教版,（根据2022年版课程标准修订）义务教育教科书·数学七年级下册,output\教材封面\ef\ef12d0e9-b7a6-4657-929a-8b08e390c788.jpg,True
68bd7681-6c8c-41e3-bd68-3e9ed36ccb46,初中,数学,八年级,上册,冀教版,（根据2022年版课程标准修订）义务教育教科书•数学八年级上册,output\教材封面\68\68bd7681-6c8c-41e3-bd68-3e9ed36ccb46.jpg,True
ea03ff0f-904e-478f-9b08-9a978a2eaa6e,初中,数学,八年级,下册,冀教版,（根据2022年版课程标准修订）义务教育教科书·数学八年级下册,output\教材封面\ea\ea03ff0f-904e-478f-9b08-9a978a2eaa6e.jpg,True
f7ccb251-568c-4fe5-8242-3f59766478b2,初中,数学,九年级,上册,冀教版,义务教育教科书·数学九年级上册,output\教材封面\f7\f7ccb251-568c-4fe5-8242-3f59766478b2.jpg,True
2a1bc249-b83e-4e51-919e-53e6d0e2be2e,初中,数学,九年级,下册,冀教版,义务教育教科书·数学九年级下册,output\教材封面\2a\2a1bc249-b83e-4e51-919e-53e6d0e2be2e.jpg,True
a5509537-33e3-4699-abe3-98608b20cc01,初中,数学,七年级,上册,湘教版,（根据2022年版课程标准修订）义务教育教科书•数学七年级上册,output\教材封面\a5\a5509537-33e3-4699-abe3-98608b20cc01.jpg,True
de58c9ca-8edf-4a1e-ae7f-0ab39faa4b54,初中,数学,七年级,下册,湘教版,（根据2022年版课程标准修订）义务教育教科书·数学七年级下册,output\教材封面\de\de58c9ca-8edf-4a1e-ae7f-0ab39faa4b54.jpg,True
1671f52e-7a07-4637-8446-cac71b930857,初中,数学,八年级,上册,湘教版,（根据2022年版课程标准修订）义务教育教科书•数学八年级上册,output\教材封面\16\1671f52e-7a07-4637-8446-cac71b930857.jpg,True
47a94c3e-5369-4dac-a4e4-8d192d784c89,初中,数学,八年级,下册,湘教版,（根据2022年版课程标准修订）义务教育教科书·数学八年级下册,output\教材封面\47\47a94c3e-5369-4dac-a4e4-8d192d784c89.jpg,True
5a35ea46-f828-44f6-aafb-571cf9a81faa,初中,数学,九年级,上册,湘教版,义务教育教科书·数学九年级上册,output\教材封面\5a\5a35ea46-f828-44f6-aafb-571cf9a81faa.jpg,True
72ac1a9f-f1ee-4a50-b83d-facd15b8088a,初中,数学,九年级,下册,湘教版,义务教育教科书·数学九年级下册,output\教材封面\72\72ac1a9f-f1ee-4a50-b83d-facd15b8088a.jpg,True
fa3baef9-8acc-4ae6-88c0-8dd06eff9f6d,初中,数学,七年级,上册,华东师大版,（根据2022年版课程标准修订）义务教育教科书•数学七年级上册,output\教材封面\fa\fa3baef9-8acc-4ae6-88c0-8dd06eff9f6d.jpg,True
ae0543a7-8dfd-4a07-a35d-cb1a47029e0b,初中,数学,七年级,下册,华东师大版,（根据2022年版课程标准修订）义务教育教科书·数学七年级下册,output\教材封面\ae\ae0543a7-8dfd-4a07-a35d-cb1a47029e0b.jpg,True
c6ebaaca-f73a-461e-9fbc-4aa449551207,初中,数学,八年级,上册,华东师大版,（根据2022年版课程标准修订）义务教育教科书•数学八年级上册,output\教材封面\c6\c6ebaaca-f73a-461e-9fbc-4aa449551207.jpg,True
5a20b663-4ceb-4f3e-94c0-ae3c1e22ea8a,初中,数学,八年级,下册,华东师大版,（根据2022年版课程标准修订）义务教育教科书·数学八年级下册,output\教材封面\5a\5a20b663-4ceb-4f3e-94c0-ae3c1e22ea8a.jpg,True
5f7531c8-7330-4e66-9634-e0a2c57ed74a,初中,数学,九年级,上册,华东师大版,义务教育教科书·数学九年级上册,output\教材封面\5f\5f7531c8-7330-4e66-9634-e0a2c57ed74a.jpg,True
61d015f5-5998-45fa-b114-73aff2e0ed68,初中,数学,九年级,下册,华东师大版,义务教育教科书·数学九年级下册,output\教材封面\61\61d015f5-5998-45fa-b114-73aff2e0ed68.jpg,True
01e365c7-9178-4155-8640-c862c5eff5e6,初中,数学,七年级,上册,苏科版,（根据2022年版课程标准修订）义务教育教科书•数学七年级上册,output\教材封面\01\01e365c7-9178-4155-8640-c862c5eff5e6.jpg,True
f156dcad-f112-4937-a4bc-f4fa349beed6,初中,数学,七年级,下册,苏科版,（根据2022年版课程标准修订）义务教育教科书·数学七年级下册,output\教材封面\f1\f156dcad-f112-4937-a4bc-f4fa349beed6.jpg,True
898de31a-e932-43ea-96af-83df3300020b,初中,数学,八年级,上册,苏科版,（根据2022年版课程标准修订）义务教育教科书•数学八年级上册,output\教材封面\89\898de31a-e932-43ea-96af-83df3300020b.jpg,True
e2eb2248-6d8e-44fc-a1ef-a1eaead72992,初中,数学,八年级,下册,苏科版,（根据2022年版课程标准修订）义务教育教科书·数学八年级下册,output\教材封面\e2\e2eb2248-6d8e-44fc-a1ef-a1eaead72992.jpg,True
bd633723-cfca-47c7-bea3-7496e1648a91,初中,数学,九年级,上册,苏科版,义务教育教科书·数学九年级上册,output\教材封面\bd\bd633723-cfca-47c7-bea3-7496e1648a91.jpg,True
33f1be2a-c063-4669-ba44-341c2b17a091,初中,数学,九年级,下册,苏科版,义务教育教科书·数学九年级下册,output\教材封面\33\33f1be2a-c063-4669-ba44-341c2b17a091.jpg,True
77f52403-bb32-4f2b-b786-a324ea64732a,初中,数学,七年级,上册,青岛版,（根据2022年版课程标准修订）义务教育教科书·数学七年级上册,output\教材封面\77\77f52403-bb32-4f2b-b786-a324ea64732a.jpg,True
67602aeb-e6d9-40ee-a3c6-428ef2818da2,初中,数学,七年级,下册,青岛版,（根据2022年版课程标准修订）义务教育教科书·数学七年级下册,output\教材封面\67\67602aeb-e6d9-40ee-a3c6-428ef2818da2.jpg,True
a5e2a48c-e861-4c97-b99a-8c407fb1ef99,初中,数学,八年级,上册,青岛版,（根据2022年版课程标准修订）义务教育教科书·数学八年级上册,output\教材封面\a5\a5e2a48c-e861-4c97-b99a-8c407fb1ef99.jpg,True
1784b949-fbff-41aa-b6bc-e0bb0799d37f,初中,数学,八年级,下册,青岛版,（根据2022年版课程标准修订）义务教育教科书·数学八年级下册,output\教材封面\17\1784b949-fbff-41aa-b6bc-e0bb0799d37f.jpg,True
5812b053-8927-4be0-a10c-124697c0f921,初中,数学,九年级,上册,青岛版,义务教育教科书·数学九年级上册,output\教材封面\58\5812b053-8927-4be0-a10c-124697c0f921.jpg,True
e9e556bb-62d6-4a3e-a5cb-71ff81c4d126,初中,数学,九年级,下册,青岛版,义务教育教科书·数学九年级下册,output\教材封面\e9\e9e556bb-62d6-4a3e-a5cb-71ff81c4d126.jpg,True
540ac93d-67fc-4353-9e49-1ef20d02b5a4,初中,数学,七年级,上册,人教版,（根据2022年版课程标准修订）义务教育教科书·数学七年级上册,output\教材封面\54\540ac93d-67fc-4353-9e49-1ef20d02b5a4.jpg,True
81d65033-4cb1-4cf0-ae27-8c367c537c30,初中,数学,七年级,下册,人教版,（根据2022年版课程标准修订）义务教育教科书·数学七年级下册,output\教材封面\81\81d65033-4cb1-4cf0-ae27-8c367c537c30.jpg,True
81264e9e-22bc-4289-8389-13b40433b5ba,初中,数学,八年级,上册,人教版,（根据2022年版课程标准修订）义务教育教科书·数学八年级上册,output\教材封面\81\81264e9e-22bc-4289-8389-13b40433b5ba.jpg,True
e91a6f80-2a9a-4452-a47e-b9ec164156ff,初中,数学,八年级,下册,人教版,（根据2022年版课程标准修订）义务教育教科书·数学八年级下册,output\教材封面\e9\e91a6f80-2a9a-4452-a47e-b9ec164156ff.jpg,True
937a48c1-de81-4cc6-91b2-617cd859de4b,初中,数学,九年级,上册,人教版,义务教育教科书·数学九年级上册,output\教材封面\93\937a48c1-de81-4cc6-91b2-617cd859de4b.jpg,True
ab188631-292c-455e-8082-e09a0ab4001c,初中,数学,九年级,下册,人教版,义务教育教科书·数学九年级下册,output\教材封面\ab\ab188631-292c-455e-8082-e09a0ab4001c.jpg,True
b2041c8b-e20d-48a0-891a-fe164f8a5757,初中,数学,七年级,上册,沪科技版,（根据2022年版课程标准修订）义务教育教科书•数学七年级上册,output\教材封面\b2\b2041c8b-e20d-48a0-891a-fe164f8a5757.jpg,True
ad4e72e9-625e-4a51-8e7e-3f3839438070,初中,数学,七年级,下册,沪科技版,（根据2022年版课程标准修订）义务教育教科书·数学七年级下册,output\教材封面\ad\ad4e72e9-625e-4a51-8e7e-3f3839438070.jpg,True
863bca53-39ee-48e3-b28e-34d081352343,初中,数学,八年级,上册,沪科技版,（根据2022年版课程标准修订）义务教育教科书·数学八年级上册,output\教材封面\86\863bca53-39ee-48e3-b28e-34d081352343.jpg,True
1593eff5-060a-4299-b1e8-9c218fada1bd,初中,数学,八年级,下册,沪科技版,（根据2022年版课程标准修订）义务教育教科书·数学八年级下册,output\教材封面\15\1593eff5-060a-4299-b1e8-9c218fada1bd.jpg,True
5fa8b6e0-1828-40e8-8fe2-c54570d091aa,初中,数学,九年级,上册,沪科技版,义务教育教科书·数学九年级上册,output\教材封面\5f\5fa8b6e0-1828-40e8-8fe2-c54570d091aa.jpg,True
cb01fcab-f57d-472f-aa22-e7d126dc4dda,初中,数学,九年级,下册,沪科技版,义务教育教科书·数学九年级下册,output\教材封面\cb\cb01fcab-f57d-472f-aa22-e7d126dc4dda.jpg,True
913b98d8-ee64-4b08-bb18-5c09ef22034b,初中,数学,七年级,上册,浙教版,（根据2022年版课程标准修订）义务教育教科书•数学七年级上册,output\教材封面\91\913b98d8-ee64-4b08-bb18-5c09ef22034b.jpg,True
16364a36-7b06-487a-b455-0285f33351eb,初中,数学,七年级,下册,浙教版,（根据2022年版课程标准修订）义务教育教科书·数学七年级下册,output\教材封面\16\16364a36-7b06-487a-b455-0285f33351eb.jpg,True
cfbb9d5d-d4b8-4f8b-8ca6-ea19f9506139,初中,数学,八年级,上册,浙教版,（根据2022年版课程标准修订）义务教育教科书·数学八年级上册,output\教材封面\cf\cfbb9d5d-d4b8-4f8b-8ca6-ea19f9506139.jpg,True
9214db36-d263-435c-8ae4-8417830fb993,初中,数学,八年级,下册,浙教版,（根据2022年版课程标准修订）义务教育教科书·数学八年级下册,output\教材封面\92\9214db36-d263-435c-8ae4-8417830fb993.jpg,True
d1b3cecc-ba9f-4f84-aa97-a00135861540,初中,数学,九年级,上册,浙教版,义务教育教科书·数学九年级上册,output\教材封面\d1\d1b3cecc-ba9f-4f84-aa97-a00135861540.jpg,True
f2abe914-2b4d-4e58-a5d2-e2e07db9ec2b,初中,数学,九年级,下册,浙教版,义务教育教科书·数学九年级下册,output\教材封面\f2\f2abe914-2b4d-4e58-a5d2-e2e07db9ec2b.jpg,True
7901c4be-a21e-49b4-afe8-793e29be5fad,初中,英语,七年级,下册,北师大版,（根据2022年版课程标准修订）义务教育教科书·英语七年级下册,output\教材封面\79\7901c4be-a21e-49b4-afe8-793e29be5fad.jpg,True
9620efee-9ef4-4601-9ff4-c677e64d7a44,初中,英语,八年级,上册,北师大版,（根据2022年版课程标准修订）义务教育教科书 英语 八年级上册,output\教材封面\96\9620efee-9ef4-4601-9ff4-c677e64d7a44.jpg,True
98165b99-7f4d-4534-a016-00f82526fc4d,初中,英语,八年级,下册,北师大版,（根据2022年版课程标准修订）义务教育教科书·英语八年级下册,output\教材封面\98\98165b99-7f4d-4534-a016-00f82526fc4d.jpg,True
9acd7f94-2f1c-4ba5-b3e5-dc248d1f1d4c,初中,英语,九年级,全一册,北师大版,义务教育教科书·英语九年级全一册,output\教材封面\9a\9acd7f94-2f1c-4ba5-b3e5-dc248d1f1d4c.jpg,True
f0c5df3c-b649-4309-8ce5-455914d9f15c,初中,英语,七年级,下册,冀教版,（根据2022年版课程标准修订）义务教育教科书·英语七年级下册,output\教材封面\f0\f0c5df3c-b649-4309-8ce5-455914d9f15c.jpg,True
c720a469-fbb6-4e94-b59f-e5cfb133f296,初中,英语,八年级,上册,冀教版,（根据2022年版课程标准修订）义务教育教科书·英语 八年级上册,output\教材封面\c7\c720a469-fbb6-4e94-b59f-e5cfb133f296.jpg,True
bfb70cd2-c00a-4bad-a7c9-79683b7f7404,初中,英语,八年级,下册,冀教版,（根据2022年版课程标准修订）义务教育教科书·英语八年级下册,output\教材封面\bf\bfb70cd2-c00a-4bad-a7c9-79683b7f7404.jpg,True
9d79b19f-7b99-40ba-b6bb-d42d6f9374ca,初中,英语,九年级,全一册,冀教版,义务教育教科书·英语九年级全一册,output\教材封面\9d\9d79b19f-7b99-40ba-b6bb-d42d6f9374ca.jpg,True
3cb05979-f64e-48f8-8fc3-27e99abf6929,初中,英语,七年级,下册,科普版,（根据2022年版课程标准修订）义务教育教科书·英语七年级下册,output\教材封面\3c\3cb05979-f64e-48f8-8fc3-27e99abf6929.jpg,True
b40da2ba-8292-4cb0-986e-cc7da87f7855,初中,英语,八年级,上册,科普版,（根据2022年版课程标准修订）义务教育教科书 英语八年级上册,output\教材封面\b4\b40da2ba-8292-4cb0-986e-cc7da87f7855.jpg,True
ff77182f-5acf-4b36-9dbf-6d8bbca2431a,初中,英语,八年级,下册,科普版,（根据2022年版课程标准修订）义务教育教科书·英语八年级下册,output\教材封面\ff\ff77182f-5acf-4b36-9dbf-6d8bbca2431a.jpg,True
521b01ef-4e76-466e-b50e-a20508a9b893,初中,英语,九年级,上册,科普版,义务教育教科书·英语九年级上册,output\教材封面\52\521b01ef-4e76-466e-b50e-a20508a9b893.jpg,True
1bf8014a-678a-46b5-a7c5-f0248b1bdab3,初中,英语,九年级,下册,科普版,义务教育教科书·英语九年级下册,output\教材封面\1b\1bf8014a-678a-46b5-a7c5-f0248b1bdab3.jpg,True
f7a7eb5e-12dc-4c96-a4b8-219ca3bcee19,初中,英语,七年级,下册,人教版,（根据2022年版课程标准修订）义务教育教科书·英语七年级下册,output\教材封面\f7\f7a7eb5e-12dc-4c96-a4b8-219ca3bcee19.jpg,True
453025ca-58bd-442e-8543-5ef5222d50c6,初中,英语,八年级,上册,人教版,（根据2022年版课程标准修订）义务教育教科书·英语八年级上册,output\教材封面\45\453025ca-58bd-442e-8543-5ef5222d50c6.jpg,True
467816b8-e76c-43fc-afc7-91638f97dba8,初中,英语,八年级,下册,人教版,（根据2022年版课程标准修订）义务教育教科书·英语八年级下册,output\教材封面\46\467816b8-e76c-43fc-afc7-91638f97dba8.jpg,True
1961dabe-cab0-456d-b7ac-59b37e271e5d,初中,英语,九年级,全一册,人教版,义务教育教科书·英语九年级全一册,output\教材封面\19\1961dabe-cab0-456d-b7ac-59b37e271e5d.jpg,True
13f39e27-05a6-4f55-aa35-09b29500b015,初中,英语,七年级,下册,沪教版,（根据2022年版课程标准修订）义务教育教科书·英语七年级下册,output\教材封面\13\13f39e27-05a6-4f55-aa35-09b29500b015.jpg,True
01fb75fc-776a-43cc-a974-b03d61679125,初中,英语,八年级,上册,沪教版,（根据2022年版课程标准修订）义务教育教科书·英语八年级上册,output\教材封面\01\01fb75fc-776a-43cc-a974-b03d61679125.jpg,True
d9587713-66bd-4f85-806f-cc2fa5619cd3,初中,英语,八年级,下册,沪教版,（根据2022年版课程标准修订）义务教育教科书·英语八年级下册,output\教材封面\d9\d9587713-66bd-4f85-806f-cc2fa5619cd3.jpg,True
b1a19b7a-5a7f-4d0e-9f9d-b5e59dafc979,初中,英语,九年级,上册,沪教版,义务教育教科书·英语九年级上册,output\教材封面\b1\b1a19b7a-5a7f-4d0e-9f9d-b5e59dafc979.jpg,True
8a9962e7-f8e6-4f5f-8e2a-df9bf874bf0c,初中,英语,九年级,下册,沪教版,义务教育教科书·英语九年级下册,output\教材封面\8a\8a9962e7-f8e6-4f5f-8e2a-df9bf874bf0c.jpg,True
2a2d221f-d407-49e9-bb53-267fde8b0d07,初中,英语,七年级,下册,沪外教版,（根据2022年版课程标准修订）义务教育教科书·英语七年级下册,output\教材封面\2a\2a2d221f-d407-49e9-bb53-267fde8b0d07.jpg,True
6bec9b00-149b-41cd-a378-81f76c3f20cc,初中,英语,八年级,上册,沪外教版,（根据2022年版课程标准修订）义务教育教科书·英语八年级上册,output\教材封面\6b\6bec9b00-149b-41cd-a378-81f76c3f20cc.jpg,True
fadfbe3b-03d5-4b80-b5d8-3910ecf70ec6,初中,英语,八年级,下册,沪外教版,（根据2022年版课程标准修订）义务教育教科书·英语八年级下册,output\教材封面\fa\fadfbe3b-03d5-4b80-b5d8-3910ecf70ec6.jpg,True
aa6c165a-3d8e-40d7-aaf2-4c1b3af36c89,初中,英语,九年级,上册,沪外教版,义务教育教科书·英语九年级上册,output\教材封面\aa\aa6c165a-3d8e-40d7-aaf2-4c1b3af36c89.jpg,True
e7788a04-22eb-46ee-b16e-c0cf356c8a49,初中,英语,九年级,下册,沪外教版,义务教育教科书·英语九年级下册,output\教材封面\e7\e7788a04-22eb-46ee-b16e-c0cf356c8a49.jpg,True
d199388d-afe7-4ff2-912d-cea6ac4b9b1b,初中,英语,七年级,下册,外研社版（主编：孙有中）,（根据2022年版课程标准修订）义务教育教科书·英语七年级下册,output\教材封面\d1\d199388d-afe7-4ff2-912d-cea6ac4b9b1b.jpg,True
b61e269f-eba5-41d4-b658-da1d1f8e4a82,初中,英语,八年级,上册,外研社版（主编：陈琳）,义务教育教科书·英语八年级上册,output\教材封面\b6\b61e269f-eba5-41d4-b658-da1d1f8e4a82.jpg,True
202ec724-8567-4880-9b2f-3d31d04c5c40,初中,英语,八年级,下册,外研社版（主编：陈琳）,义务教育教科书·英语八年级下册,output\教材封面\20\202ec724-8567-4880-9b2f-3d31d04c5c40.jpg,True
26a88d4b-120c-4af4-acfc-c7a43892676d,初中,英语,九年级,上册,外研社版（主编：陈琳）,义务教育教科书·英语九年级上册,output\教材封面\26\26a88d4b-120c-4af4-acfc-c7a43892676d.jpg,True
51efd027-f034-4cba-a240-ccf066980ba6,初中,英语,九年级,下册,外研社版（主编：陈琳）,义务教育教科书·英语九年级下册,output\教材封面\51\51efd027-f034-4cba-a240-ccf066980ba6.jpg,True
4573420f-2680-44e2-8def-7e8c4fa71297,初中,英语,八年级,上册,译林版,（根据2022年版课程标准修订）义务教育教科书·英语八年级上册,output\教材封面\45\4573420f-2680-44e2-8def-7e8c4fa71297.jpg,True
b33b5100-d1f9-427e-a9d6-03336612895a,初中,英语,八年级,下册,译林版,（根据2022年版课程标准修订）义务教育教科书·英语八年级下册,output\教材封面\b3\b33b5100-d1f9-427e-a9d6-03336612895a.jpg,True
01b3ebf7-5e9a-471e-a5fe-beb76deb5207,初中,英语,九年级,上册,译林版,义务教育教科书·英语九年级上册,output\教材封面\01\01b3ebf7-5e9a-471e-a5fe-beb76deb5207.jpg,True
92286669-0bc5-423e-844c-06c4eddffd2e,初中,英语,九年级,下册,译林版,义务教育教科书·英语九年级下册,output\教材封面\92\92286669-0bc5-423e-844c-06c4eddffd2e.jpg,True
03cb4808-674d-422d-b813-4afa8130c6a0,初中,日语,八年级,全一册,人教版,（根据2022年版课程标准修订）义务教育教科书·日语八年级全一册,output\教材封面\03\03cb4808-674d-422d-b813-4afa8130c6a0.jpg,True
1021e4bc-163f-4d8a-ae00-465aeaa75825,初中,日语,九年级,全一册,人教版,义务教育教科书·日语九年级全一册,output\教材封面\10\1021e4bc-163f-4d8a-ae00-465aeaa75825.jpg,True
e818a7fc-1f30-4d2a-83f4-2d84c4f59f53,初中,俄语,八年级,全一册,人教版,义务教育教科书·俄语八年级全一册,output\教材封面\e8\e818a7fc-1f30-4d2a-83f4-2d84c4f59f53.jpg,True
27c2c8da-631f-4e7c-a082-f16332dea956,初中,俄语,九年级,全一册,人教版,义务教育教科书·俄语九年级全一册,output\教材封面\27\27c2c8da-631f-4e7c-a082-f16332dea956.jpg,True
ea329e60-759d-480e-a088-0a7bb20bb234,初中,体育与健康,九年级,全一册,地质社版,义务教育教科书·体育与健康九年级全一册,output\教材封面\ea\ea329e60-759d-480e-a088-0a7bb20bb234.jpg,True
00e1c09c-c8aa-49c4-8b27-838b4a02f455,初中,体育与健康,八年级,全一册,冀教版,（根据2022年版课程标准修订）义务教育教科书·体育与健康八年级全一册,output\教材封面\00\00e1c09c-c8aa-49c4-8b27-838b4a02f455.jpg,True
68fcb5f4-4143-41a0-9072-2d27f63b3d17,初中,体育与健康,九年级,全一册,冀教版,义务教育教科书·体育与健康九年级全一册,output\教材封面\68\68fcb5f4-4143-41a0-9072-2d27f63b3d17.jpg,True
13382452-80d9-4376-a7ee-d799113c0ba3,初中,体育与健康,九年级,全一册,华东师大版,义务教育教科书·体育与健康九年级全一册,output\教材封面\13\13382452-80d9-4376-a7ee-d799113c0ba3.jpg,True
c69f01a4-4ecb-4efa-beec-02cbf1fef9e7,初中,体育与健康,七年级,全一册,华中师大版,（根据2022年版课程标准修订）义务教育教科书·体育与健康七年级全一册,output\教材封面\c6\c69f01a4-4ecb-4efa-beec-02cbf1fef9e7.jpg,True
efbc9534-f1ec-4c16-82d5-523084db1606,初中,体育与健康,八年级,全一册,华中师大版,（根据2022年版课程标准修订）义务教育教科书·体育与健康八年级全一册,output\教材封面\ef\efbc9534-f1ec-4c16-82d5-523084db1606.jpg,True
9bcac874-1de4-4dd6-93e5-6d6a49ea1ed7,初中,体育与健康,九年级,全一册,华中师大版,义务教育教科书·体育与健康九年级全一册,output\教材封面\9b\9bcac874-1de4-4dd6-93e5-6d6a49ea1ed7.jpg,True
cd99ced1-4304-466a-aeea-6f40b98b5333,初中,体育与健康,九年级,全一册,教科版,义务教育教科书·体育与健康九年级全一册,output\教材封面\cd\cd99ced1-4304-466a-aeea-6f40b98b5333.jpg,True
1a30b6f7-1dbe-46ba-aae8-509fb22a61b2,初中,体育与健康,八年级,全一册,人教版,（根据2022年版课程标准修订）义务教育教科书·体育与健康 八年级（全一册）,output\教材封面\1a\1a30b6f7-1dbe-46ba-aae8-509fb22a61b2.jpg,True
792cd6dd-5d2c-4f77-9a8e-017e15fefa0b,初中,体育与健康,九年级,全一册,人教版,义务教育教科书·体育与健康九年级全一册,output\教材封面\79\792cd6dd-5d2c-4f77-9a8e-017e15fefa0b.jpg,True
dc9fac32-978e-44e1-87c6-1d33b7d45046,初中,艺术·音乐,七年级,上册,粤教花城版,（根据2022年版课程标准修订）义务教育教科书•艺术•音乐七年级上册,output\教材封面\dc\dc9fac32-978e-44e1-87c6-1d33b7d45046.jpg,True
b9f54e28-1eb7-4453-8924-ca1012b8536b,初中,艺术·音乐,七年级,下册,粤教花城版,（根据2022年版课程标准修订）义务教育教科书·音乐（简谱）七年级下册,output\教材封面\b9\b9f54e28-1eb7-4453-8924-ca1012b8536b.jpg,True
1b500542-5751-471b-99c6-1cc2476301f5,初中,艺术·音乐,八年级,上册,粤教花城版,（根据2022年版课程标准修订）义务教育教科书•艺术•音乐八年级上册,output\教材封面\1b\1b500542-5751-471b-99c6-1cc2476301f5.jpg,True
318efa7f-3cb9-422e-8952-73adf7ac6b23,初中,艺术·音乐,八年级,下册,粤教花城版,（根据2022年版课程标准修订）义务教育教科书·音乐（简谱）八年级下册,output\教材封面\31\318efa7f-3cb9-422e-8952-73adf7ac6b23.jpg,True
8ba7d1dd-d8e0-4cc9-ae48-d0155095ccd2,初中,艺术·音乐,九年级,上册,粤教花城版,义务教育教科书·音乐（简谱）九年级上册,output\教材封面\8b\8ba7d1dd-d8e0-4cc9-ae48-d0155095ccd2.jpg,True
2aca4c8b-8316-4d47-b591-cf9c810fc95a,初中,艺术·音乐,九年级,下册,粤教花城版,义务教育教科书·音乐（简谱）九年级下册,output\教材封面\2a\2aca4c8b-8316-4d47-b591-cf9c810fc95a.jpg,True
9de05692-74e4-4821-9e23-aaead40bffba,初中,艺术·音乐,七年级,上册,桂教版,（根据2022年版课程标准修订）义务教育教科书•艺术•音乐（简谱）七年级上册,output\教材封面\9d\9de05692-74e4-4821-9e23-aaead40bffba.jpg,True
f7375c8c-cc7b-4c7e-a356-2b2ff8c589d6,初中,艺术·音乐,七年级,下册,桂教版,（根据2022年版课程标准修订）义务教育教科书·音乐七年级下册,output\教材封面\f7\f7375c8c-cc7b-4c7e-a356-2b2ff8c589d6.jpg,True
4e5d81a9-00a0-4164-8bdc-f4b106e07252,初中,艺术·音乐,八年级,上册,桂教版,（根据2022年版课程标准修订）义务教育教科书•艺术•音乐（简谱）八年级上册,output\教材封面\4e\4e5d81a9-00a0-4164-8bdc-f4b106e07252.jpg,True
5d311cfc-2765-4c61-b974-18524a339d48,初中,艺术·音乐,八年级,下册,桂教版,（根据2022年版课程标准修订）义务教育教科书·音乐八年级下册,output\教材封面\5d\5d311cfc-2765-4c61-b974-18524a339d48.jpg,True
010b4f6e-43d8-4263-9377-44cfd1c7f22a,初中,艺术·音乐,九年级,上册,桂教版,义务教育教科书·音乐九年级上册,output\教材封面\01\010b4f6e-43d8-4263-9377-44cfd1c7f22a.jpg,True
1c151f9d-c193-4237-9810-f586697b693f,初中,艺术·音乐,九年级,下册,桂教版,义务教育教科书·音乐九年级下册,output\教材封面\1c\1c151f9d-c193-4237-9810-f586697b693f.jpg,True
f3c62031-6fac-48c6-81aa-c570965d1e6a,初中,艺术·音乐,七年级,上册,冀少版,（根据2022年版课程标准修订）义务教育教科书•艺术•音乐（简谱）七年级上册,output\教材封面\f3\f3c62031-6fac-48c6-81aa-c570965d1e6a.jpg,True
c39c5f47-032b-400e-9fe4-df1698e4c95e,初中,艺术·音乐,七年级,下册,冀少版,（根据2022年版课程标准修订）义务教育教科书·音乐（简谱）七年级下册,output\教材封面\c3\c39c5f47-032b-400e-9fe4-df1698e4c95e.jpg,True
d7627d18-db72-4d00-a87c-fa4507b3e369,初中,艺术·音乐,八年级,上册,冀少版,（根据2022年版课程标准修订）义务教育教科书•艺术•音乐（简谱）八年级上册,output\教材封面\d7\d7627d18-db72-4d00-a87c-fa4507b3e369.jpg,True
af2d6d70-2b23-4a80-a9e1-7c0992bd94e3,初中,艺术·音乐,八年级,下册,冀少版,（根据2022年版课程标准修订）义务教育教科书·音乐（简谱）八年级下册,output\教材封面\af\af2d6d70-2b23-4a80-a9e1-7c0992bd94e3.jpg,True
2bde84dd-2de9-496c-b3cf-37cdae9f3ff3,初中,艺术·音乐,九年级,上册,冀少版,义务教育教科书·音乐（简谱）九年级上册,output\教材封面\2b\2bde84dd-2de9-496c-b3cf-37cdae9f3ff3.jpg,True
6aa4b8b6-a6e2-4cee-a706-fa0e8dc5e538,初中,艺术·音乐,九年级,下册,冀少版,义务教育教科书·音乐（简谱）九年级下册,output\教材封面\6a\6aa4b8b6-a6e2-4cee-a706-fa0e8dc5e538.jpg,True
89a20f12-26fb-420e-87bc-aa46e0863920,初中,艺术·音乐,七年级,上册,湘文艺版,（根据2022年版课程标准修订）义务教育教科书•艺术•音乐七年级上册,output\教材封面\89\89a20f12-26fb-420e-87bc-aa46e0863920.jpg,True
ce5915aa-90cb-4174-bd7f-976b14b16b24,初中,艺术·音乐,七年级,下册,湘文艺版,（根据2022年版课程标准修订）义务教育教科书·音乐七年级下册,output\教材封面\ce\ce5915aa-90cb-4174-bd7f-976b14b16b24.jpg,True
e2d0db96-bf3c-4097-bda6-f681e903fcb7,初中,艺术·音乐,八年级,上册,湘文艺版,（根据2022年版课程标准修订）义务教育教科书•艺术•音乐八年级上册,output\教材封面\e2\e2d0db96-bf3c-4097-bda6-f681e903fcb7.jpg,True
1cd6ba3d-480f-4f1d-8ef8-e4791c5f63b6,初中,艺术·音乐,八年级,下册,湘文艺版,（根据2022年版课程标准修订）义务教育教科书·音乐八年级下册,output\教材封面\1c\1cd6ba3d-480f-4f1d-8ef8-e4791c5f63b6.jpg,True
ee6fafa5-1377-4051-b08a-5f72da1557de,初中,艺术·音乐,九年级,上册,湘文艺版,义务教育教科书·音乐九年级上册,output\教材封面\ee\ee6fafa5-1377-4051-b08a-5f72da1557de.jpg,True
be7671ec-f19d-43ec-9299-bd719d253318,初中,艺术·音乐,九年级,下册,湘文艺版,义务教育教科书·音乐九年级下册,output\教材封面\be\be7671ec-f19d-43ec-9299-bd719d253318.jpg,True
8c314449-5369-4ae0-90be-9b24c4cbd060,初中,艺术·音乐,七年级,上册,苏少版（五线谱）,（根据2022年版课程标准修订）义务教育教科书•艺术•音乐（五线谱）七年级上册,output\教材封面\8c\8c314449-5369-4ae0-90be-9b24c4cbd060.jpg,True
aa8c7fb6-e52f-4aa4-a073-eed31e1a0acb,初中,艺术·音乐,七年级,下册,苏少版（五线谱）,（根据2022年版课程标准修订）义务教育教科书·音乐（五线谱）七年级下册,output\教材封面\aa\aa8c7fb6-e52f-4aa4-a073-eed31e1a0acb.jpg,True
89817ac0-7b6d-4b02-9b34-a01e4c11d7b4,初中,艺术·音乐,八年级,上册,苏少版（五线谱）,（根据2022年版课程标准修订）义务教育教科书•艺术•音乐（五线谱）八年级上册,output\教材封面\89\89817ac0-7b6d-4b02-9b34-a01e4c11d7b4.jpg,True
5dcfa3ee-7f20-4f1c-a0f1-bfb4335c1812,初中,艺术·音乐,八年级,下册,苏少版（五线谱）,（根据2022年版课程标准修订）义务教育教科书·音乐（五线谱）八年级下册,output\教材封面\5d\5dcfa3ee-7f20-4f1c-a0f1-bfb4335c1812.jpg,True
a0fa99a2-774b-45ef-957e-a38999a7f597,初中,艺术·音乐,九年级,上册,苏少版（五线谱）,义务教育教科书·音乐（五线谱）九年级上册,output\教材封面\a0\a0fa99a2-774b-45ef-957e-a38999a7f597.jpg,True
9936fcc6-ede7-4f73-bbec-c0a9043ed094,初中,艺术·音乐,九年级,下册,苏少版（五线谱）,义务教育教科书·音乐（五线谱）九年级下册,output\教材封面\99\9936fcc6-ede7-4f73-bbec-c0a9043ed094.jpg,True
1fc361b2-3b90-46eb-8cff-b6e5b57943ed,初中,艺术·音乐,七年级,上册,苏少版（简谱）,（根据2022年版课程标准修订）义务教育教科书•艺术•音乐（简谱）七年级上册,output\教材封面\1f\1fc361b2-3b90-46eb-8cff-b6e5b57943ed.jpg,True
c371e144-1718-4330-8ce1-6e759c2cc6f8,初中,艺术·音乐,七年级,下册,苏少版（简谱）,（根据2022年版课程标准修订）义务教育教科书·音乐（简谱）七年级下册,output\教材封面\c3\c371e144-1718-4330-8ce1-6e759c2cc6f8.jpg,True
f795e98b-5c3b-47e0-8b88-79ef0866bb93,初中,艺术·音乐,八年级,上册,苏少版（简谱）,（根据2022年版课程标准修订）义务教育教科书·艺术•音乐（简谱）八年级上册,output\教材封面\f7\f795e98b-5c3b-47e0-8b88-79ef0866bb93.jpg,True
834097ee-0112-4092-931e-0678d143fac0,初中,艺术·音乐,八年级,下册,苏少版（简谱）,（根据2022年版课程标准修订）义务教育教科书·音乐（简谱）八年级下册,output\教材封面\83\834097ee-0112-4092-931e-0678d143fac0.jpg,True
11a55e1e-1627-4be2-986c-82467aebc886,初中,艺术·音乐,九年级,上册,苏少版（简谱）,义务教育教科书·音乐（简谱）九年级上册,output\教材封面\11\11a55e1e-1627-4be2-986c-82467aebc886.jpg,True
ec8050ef-1dac-4e58-a58b-20dfdda26737,初中,艺术·音乐,九年级,下册,苏少版（简谱）,义务教育教科书·音乐（简谱）九年级下册,output\教材封面\ec\ec8050ef-1dac-4e58-a58b-20dfdda26737.jpg,True
f7aa9577-f1dd-405d-ac58-ad2c908394d5,初中,艺术·音乐,七年级,上册,辽海版,（根据2022年版课程标准修订）义务教育教科书•艺术•音乐七年级上册,output\教材封面\f7\f7aa9577-f1dd-405d-ac58-ad2c908394d5.jpg,True
d70f22f7-4abf-4cbc-a9d0-20d1ab8523dd,初中,艺术·音乐,七年级,下册,辽海版,（根据2022年版课程标准修订）义务教育教科书·音乐七年级下册,output\教材封面\d7\d70f22f7-4abf-4cbc-a9d0-20d1ab8523dd.jpg,True
c163d4df-4e9b-4d63-9863-17a068d12786,初中,艺术·音乐,八年级,上册,辽海版,（根据2022年版课程标准修订）义务教育教科书•艺术•音乐八年级上册,output\教材封面\c1\c163d4df-4e9b-4d63-9863-17a068d12786.jpg,True
9aebb7cf-fbb8-42c4-acb1-12c1fa17e0b4,初中,艺术·音乐,八年级,下册,辽海版,（根据2022年版课程标准修订）义务教育教科书·音乐八年级下册,output\教材封面\9a\9aebb7cf-fbb8-42c4-acb1-12c1fa17e0b4.jpg,True
dfbe9891-f329-4d1f-89b8-f0c9e62a43f7,初中,艺术·音乐,九年级,上册,辽海版,义务教育教科书·音乐九年级上册,output\教材封面\df\dfbe9891-f329-4d1f-89b8-f0c9e62a43f7.jpg,True
38db5bb2-760c-4131-88a5-4fa1cf90adc8,初中,艺术·音乐,九年级,下册,辽海版,义务教育教科书·音乐九年级下册,output\教材封面\38\38db5bb2-760c-4131-88a5-4fa1cf90adc8.jpg,True
80918a4c-6e34-49d6-ad84-088b559fba36,初中,艺术·音乐,七年级,上册,人教版（五线谱）,（根据2022年版课程标准修订）义务教育教科书·音乐（五线谱）七年级上册,output\教材封面\80\80918a4c-6e34-49d6-ad84-088b559fba36.jpg,True
77acfa2f-71c0-4fb0-a294-38fd93381bb8,初中,艺术·音乐,七年级,下册,人教版（五线谱）,（根据2022年版课程标准修订）义务教育教科书·音乐（五线谱）七年级下册,output\教材封面\77\77acfa2f-71c0-4fb0-a294-38fd93381bb8.jpg,True
2932e972-ba8b-4d6e-aa41-5dbd1e757a0b,初中,艺术·音乐,八年级,上册,人教版（五线谱）,（根据2022年版课程标准修订）义务教育教科书·音乐（五线谱）八年级上册,output\教材封面\29\2932e972-ba8b-4d6e-aa41-5dbd1e757a0b.jpg,True
5e0cf2cb-6a44-429c-9149-b28e9dff6a8d,初中,艺术·音乐,八年级,下册,人教版（五线谱）,（根据2022年版课程标准修订）义务教育教科书·音乐（五线谱）八年级下册,output\教材封面\5e\5e0cf2cb-6a44-429c-9149-b28e9dff6a8d.jpg,True
ef1c3233-4968-410e-bca4-176a59864f81,初中,艺术·音乐,九年级,上册,人教版（五线谱）,义务教育教科书·音乐（五线谱）九年级上册,output\教材封面\ef\ef1c3233-4968-410e-bca4-176a59864f81.jpg,True
f88d5654-9868-45f1-9aa9-5d0db71be70a,初中,艺术·音乐,九年级,下册,人教版（五线谱）,义务教育教科书·音乐（五线谱）九年级下册,output\教材封面\f8\f88d5654-9868-45f1-9aa9-5d0db71be70a.jpg,True
705d021d-5379-4bc0-859d-cba9df7ff193,初中,艺术·音乐,七年级,上册,人教版（简谱）,（根据2022年版课程标准修订）义务教育教科书·音乐（简谱）七年级上册,output\教材封面\70\705d021d-5379-4bc0-859d-cba9df7ff193.jpg,True
895c9bcc-30f7-4752-9700-6f4edc850644,初中,艺术·音乐,七年级,下册,人教版（简谱）,（根据2022年版课程标准修订）义务教育教科书·音乐（简谱）七年级下册,output\教材封面\89\895c9bcc-30f7-4752-9700-6f4edc850644.jpg,True
15ddbbb6-0006-4b38-97c6-852b109a3e5b,初中,艺术·音乐,八年级,上册,人教版（简谱）,（根据2022年版课程标准修订）义务教育教科书·音乐（简谱）八年级上册,output\教材封面\15\15ddbbb6-0006-4b38-97c6-852b109a3e5b.jpg,True
ecf99aba-62b5-497b-bd96-77fd5fae34d4,初中,艺术·音乐,八年级,下册,人教版（简谱）,（根据2022年版课程标准修订）义务教育教科书·音乐（简谱）八年级下册,output\教材封面\ec\ecf99aba-62b5-497b-bd96-77fd5fae34d4.jpg,True
f1ef3033-541c-4058-a83d-33358478930a,初中,艺术·音乐,九年级,上册,人教版（简谱）,义务教育教科书·音乐（简谱）九年级上册,output\教材封面\f1\f1ef3033-541c-4058-a83d-33358478930a.jpg,True
2a70cae4-c6bb-47e8-966a-2631af61ba12,初中,艺术·音乐,九年级,下册,人教版（简谱）,义务教育教科书·音乐（简谱）九年级下册,output\教材封面\2a\2a70cae4-c6bb-47e8-966a-2631af61ba12.jpg,True
c7cc6ff7-f6d9-4b81-8046-620093135f76,初中,艺术·音乐,七年级,上册,人音版（五线谱）（主编：曹理）,义务教育教科书·音乐（五线谱）七年级上册（主编：曹理）,output\教材封面\c7\c7cc6ff7-f6d9-4b81-8046-620093135f76.jpg,True
0c5fc277-b52d-4949-85fc-c196f88965d9,初中,艺术·音乐,七年级,下册,人音版（五线谱）（主编：曹理）,义务教育教科书·音乐（五线谱）七年级下册（主编：曹理）,output\教材封面\0c\0c5fc277-b52d-4949-85fc-c196f88965d9.jpg,True
9caf0656-c30a-4e1c-a861-2c1ec979f9ec,初中,艺术·音乐,八年级,上册,人音版（五线谱）（主编：曹理）,义务教育教科书·音乐（五线谱）八年级上册（主编：曹理）,output\教材封面\9c\9caf0656-c30a-4e1c-a861-2c1ec979f9ec.jpg,True
6b4f04bb-5691-4ba4-8ddf-0d32e62f2fd5,初中,艺术·音乐,八年级,下册,人音版（五线谱）（主编：曹理）,义务教育教科书·音乐（五线谱）八年级下册（主编：曹理）,output\教材封面\6b\6b4f04bb-5691-4ba4-8ddf-0d32e62f2fd5.jpg,True
01d4bfe4-4380-48c7-bd9e-251be1126fe0,初中,艺术·音乐,九年级,上册,人音版（五线谱）（主编：曹理）,义务教育教科书·音乐（五线谱）九年级上册（主编：曹理）,output\教材封面\01\01d4bfe4-4380-48c7-bd9e-251be1126fe0.jpg,True
0be0623c-2392-44e1-8bd2-fb792da264a3,初中,艺术·音乐,九年级,下册,人音版（五线谱）（主编：曹理）,义务教育教科书·音乐（五线谱）九年级下册（主编：曹理）,output\教材封面\0b\0be0623c-2392-44e1-8bd2-fb792da264a3.jpg,True
2172626f-fa0e-4fec-aa24-ad76f560beac,初中,艺术·音乐,七年级,上册,人音版（简谱）（主编：曹理）,义务教育教科书·音乐（简谱）七年级上册（主编：曹理）,output\教材封面\21\2172626f-fa0e-4fec-aa24-ad76f560beac.jpg,True
96879428-7d93-4181-90d6-c4b0d8923434,初中,艺术·音乐,七年级,下册,人音版（简谱）（主编：曹理）,义务教育教科书·音乐（简谱）七年级下册（主编：曹理）,output\教材封面\96\96879428-7d93-4181-90d6-c4b0d8923434.jpg,True
d6411beb-a05f-4364-adb9-17e2f35e6f47,初中,艺术·音乐,八年级,上册,人音版（简谱）（主编：曹理）,义务教育教科书·音乐（简谱）八年级上册（主编：曹理）,output\教材封面\d6\d6411beb-a05f-4364-adb9-17e2f35e6f47.jpg,True
03bfdde0-0359-4bf6-b2b4-7312f2e9ac3c,初中,艺术·音乐,八年级,下册,人音版（简谱）（主编：曹理）,义务教育教科书·音乐（简谱）八年级下册（主编：曹理）,output\教材封面\03\03bfdde0-0359-4bf6-b2b4-7312f2e9ac3c.jpg,True
02c6f4fd-cda8-406f-b29b-198e950e2bdd,初中,艺术·音乐,九年级,上册,人音版（简谱）（主编：曹理）,义务教育教科书·音乐（简谱）九年级上册（主编：曹理）,output\教材封面\02\02c6f4fd-cda8-406f-b29b-198e950e2bdd.jpg,True
cce010f6-a621-4fc8-b0b9-c727c064fa5d,初中,艺术·音乐,九年级,下册,人音版（简谱）（主编：曹理）,义务教育教科书·音乐（简谱）九年级下册（主编：曹理）,output\教材封面\cc\cce010f6-a621-4fc8-b0b9-c727c064fa5d.jpg,True
ab4c8e98-ad76-4217-8130-ab37ab4f2f33,初中,艺术·音乐,七年级,上册,人音版（主编：敬谱）,义务教育教科书·音乐七年级上册（主编：敬谱）,output\教材封面\ab\ab4c8e98-ad76-4217-8130-ab37ab4f2f33.jpg,True
75bfe78e-ca0a-4f1f-b3f1-65b3c38b964f,初中,艺术·音乐,七年级,下册,人音版（主编：敬谱）,义务教育教科书·音乐七年级下册（主编：敬谱）,output\教材封面\75\75bfe78e-ca0a-4f1f-b3f1-65b3c38b964f.jpg,True
89fd1366-8fe6-4f62-a029-94c71e8bbd27,初中,艺术·音乐,八年级,上册,人音版（主编：敬谱）,义务教育教科书·音乐八年级上册（主编：敬谱）,output\教材封面\89\89fd1366-8fe6-4f62-a029-94c71e8bbd27.jpg,True
89d1c713-593f-4f48-844f-1c2d1a8eb9d2,初中,艺术·音乐,八年级,下册,人音版（主编：敬谱）,义务教育教科书·音乐八年级下册（主编：敬谱）,output\教材封面\89\89d1c713-593f-4f48-844f-1c2d1a8eb9d2.jpg,True
f332e5dc-81cc-4abb-922e-46477d3862dc,初中,艺术·音乐,九年级,上册,人音版（主编：敬谱）,义务教育教科书·音乐九年级上册（主编：敬谱）,output\教材封面\f3\f332e5dc-81cc-4abb-922e-46477d3862dc.jpg,True
e5887061-c122-4431-accc-311afe76f6c1,初中,艺术·音乐,九年级,下册,人音版（主编：敬谱）,义务教育教科书·音乐九年级下册（主编：敬谱）,output\教材封面\e5\e5887061-c122-4431-accc-311afe76f6c1.jpg,True
83e4947a-4d3b-4248-aaaf-3e6248cd1b98,初中,艺术·音乐,七年级,上册,沪教版,（根据2022年版课程标准修订）义务教育教科书•艺术）•音乐七年级上册,output\教材封面\83\83e4947a-4d3b-4248-aaaf-3e6248cd1b98.jpg,True
3f439ed9-c85d-49d7-baac-e47b4dd69d75,初中,艺术·音乐,七年级,下册,沪教版,（根据2022年版课程标准修订）义务教育教科书·音乐七年级下册,output\教材封面\3f\3f439ed9-c85d-49d7-baac-e47b4dd69d75.jpg,True
684c134f-4a2b-4145-b301-913eb6a14f76,初中,艺术·音乐,八年级,上册,沪教版,（根据2022年版课程标准修订）义务教育教科书·音乐八年级上册,output\教材封面\68\684c134f-4a2b-4145-b301-913eb6a14f76.jpg,True
21fb2b54-6da9-43e5-81e5-5ccef90150cb,初中,艺术·音乐,八年级,下册,沪教版,（根据2022年版课程标准修订）义务教育教科书·音乐八年级下册,output\教材封面\21\21fb2b54-6da9-43e5-81e5-5ccef90150cb.jpg,True
702d8210-3199-4e29-b249-010b291b5779,初中,艺术·音乐,九年级,上册,沪教版,义务教育教科书·音乐九年级上册,output\教材封面\70\702d8210-3199-4e29-b249-010b291b5779.jpg,True
584018a4-54a5-4c23-9cdc-5e531d1ee71e,初中,艺术·音乐,九年级,下册,沪教版,义务教育教科书·音乐九年级下册,output\教材封面\58\584018a4-54a5-4c23-9cdc-5e531d1ee71e.jpg,True
a9e16ac2-d171-43a9-bb83-ef53425c5daa,初中,艺术·音乐,七年级,上册,西南大学版,（根据2022年版课程标准修订）义务教育教科书•艺术•音乐七年级上册,output\教材封面\a9\a9e16ac2-d171-43a9-bb83-ef53425c5daa.jpg,True
ce6e353a-a6c7-4aa4-9fa2-d6050a4a6a0f,初中,艺术·音乐,七年级,下册,西南大学版,（根据2022年版课程标准修订）义务教育教科书·音乐七年级下册,output\教材封面\ce\ce6e353a-a6c7-4aa4-9fa2-d6050a4a6a0f.jpg,True
4c437213-7566-4054-bb27-82a32b7fc6cc,初中,艺术·音乐,八年级,上册,西南大学版,（根据2022年版课程标准修订）义务教育教科书·音乐八年级上册,output\教材封面\4c\4c437213-7566-4054-bb27-82a32b7fc6cc.jpg,True
ef007c8f-4800-4b33-ba6c-c8f90dbf0959,初中,艺术·音乐,八年级,下册,西南大学版,（根据2022年版课程标准修订）义务教育教科书·音乐八年级下册,output\教材封面\ef\ef007c8f-4800-4b33-ba6c-c8f90dbf0959.jpg,True
a6e33c2b-8e52-43af-b135-0b9b449f8ada,初中,艺术·音乐,九年级,上册,西南大学版,义务教育教科书·音乐九年级上册,output\教材封面\a6\a6e33c2b-8e52-43af-b135-0b9b449f8ada.jpg,True
273ef3f1-231a-48ef-a406-19b531c7c730,初中,艺术·音乐,九年级,下册,西南大学版,义务教育教科书·音乐九年级下册,output\教材封面\27\273ef3f1-231a-48ef-a406-19b531c7c730.jpg,True
4d873c28-ede2-4b07-b814-5ca2081c65d2,初中,艺术·美术,七年级,上册,桂美版,（根据2022年版课程标准修订）义务教育教科书•艺术•美术七年级上册,output\教材封面\4d\4d873c28-ede2-4b07-b814-5ca2081c65d2.jpg,True
e2c2853c-2c72-4b56-b674-6bfc6a9675da,初中,艺术·美术,七年级,下册,桂美版,（根据2022年版课程标准修订）义务教育教科书·美术七年级下册,output\教材封面\e2\e2c2853c-2c72-4b56-b674-6bfc6a9675da.jpg,True
be77eea9-b1a7-4394-a8db-3643b5b03ee0,初中,艺术·美术,八年级,上册,桂美版,（根据2022年版课程标准修订）义务教育教科书•艺术•美术八年级上册,output\教材封面\be\be77eea9-b1a7-4394-a8db-3643b5b03ee0.jpg,True
32ae2d88-71b0-4ab0-a528-0590a48270c7,初中,艺术·美术,八年级,下册,桂美版,（根据2022年版课程标准修订）义务教育教科书·美术八年级下册,output\教材封面\32\32ae2d88-71b0-4ab0-a528-0590a48270c7.jpg,True
6e18880b-d2ff-4783-89af-b5c277c42ac2,初中,艺术·美术,九年级,上册,桂美版,义务教育教科书·美术九年级上册,output\教材封面\6e\6e18880b-d2ff-4783-89af-b5c277c42ac2.jpg,True
6b765f69-5dbd-4781-8bff-49fd4c8a90b4,初中,艺术·美术,九年级,下册,桂美版,义务教育教科书·美术九年级下册,output\教材封面\6b\6b765f69-5dbd-4781-8bff-49fd4c8a90b4.jpg,True
48bd4fdf-4f01-4ba4-84b8-ca724b879c97,初中,艺术·美术,七年级,上册,冀美版,（根据2022年版课程标准修订）义务教育教科书•艺术•美术七年级上册,output\教材封面\48\48bd4fdf-4f01-4ba4-84b8-ca724b879c97.jpg,True
14d31e78-2d87-47a9-94b0-38b341f1b621,初中,艺术·美术,七年级,下册,冀美版,（根据2022年版课程标准修订）义务教育教科书·美术七年级下册,output\教材封面\14\14d31e78-2d87-47a9-94b0-38b341f1b621.jpg,True
4574ab15-fa29-4bd2-8b62-3ad4c41fe5de,初中,艺术·美术,八年级,上册,冀美版,（根据2022年版课程标准修订）义务教育教科书•艺术•美术八年级上册,output\教材封面\45\4574ab15-fa29-4bd2-8b62-3ad4c41fe5de.jpg,True
c4c40789-0460-4241-aab8-22fb0f18048b,初中,艺术·美术,八年级,下册,冀美版,（根据2022年版课程标准修订）义务教育教科书·美术八年级下册,output\教材封面\c4\c4c40789-0460-4241-aab8-22fb0f18048b.jpg,True
99b689e6-7713-46ae-9ead-12634f957d30,初中,艺术·美术,九年级,上册,冀美版,义务教育教科书·美术九年级上册,output\教材封面\99\99b689e6-7713-46ae-9ead-12634f957d30.jpg,True
81b92029-dc9f-4455-9609-c6e45c7a3f17,初中,艺术·美术,九年级,下册,冀美版,义务教育教科书·美术九年级下册,output\教材封面\81\81b92029-dc9f-4455-9609-c6e45c7a3f17.jpg,True
7c12ff2a-acb0-4963-9547-98677fe4cb41,初中,艺术·美术,七年级,上册,湘美版,（根据2022年版课程标准修订）义务教育教科书•艺术•美术七年级上册,output\教材封面\7c\7c12ff2a-acb0-4963-9547-98677fe4cb41.jpg,True
a6d8f086-14cc-403e-a7ee-7b2576beff55,初中,艺术·美术,七年级,下册,湘美版,（根据2022年版课程标准修订）义务教育教科书·美术七年级下册,output\教材封面\a6\a6d8f086-14cc-403e-a7ee-7b2576beff55.jpg,True
55acbeba-4e9c-440a-9f1b-30f45c65d833,初中,艺术·美术,八年级,上册,湘美版,（根据2022年版课程标准修订）义务教育教科书•艺术•美术八年级上册,output\教材封面\55\55acbeba-4e9c-440a-9f1b-30f45c65d833.jpg,True
413d8803-496b-41e4-b012-4d162608661b,初中,艺术·美术,八年级,下册,湘美版,（根据2022年版课程标准修订）义务教育教科书·美术八年级下册,output\教材封面\41\413d8803-496b-41e4-b012-4d162608661b.jpg,True
5a74348d-b863-44bb-95ec-5b24c55c4eff,初中,艺术·美术,九年级,上册,湘美版,义务教育教科书·美术九年级上册,output\教材封面\5a\5a74348d-b863-44bb-95ec-5b24c55c4eff.jpg,True
f3643cdb-a1ce-404f-b4aa-54942dd77a70,初中,艺术·美术,九年级,下册,湘美版,义务教育教科书·美术九年级下册,output\教材封面\f3\f3643cdb-a1ce-404f-b4aa-54942dd77a70.jpg,True
754560ff-4152-4a8c-85a5-9d1ebd180c08,初中,艺术·美术,七年级,上册,苏少版,（根据2022年版课程标准修订）义务教育教科书•艺术•美术七年级上册,output\教材封面\75\754560ff-4152-4a8c-85a5-9d1ebd180c08.jpg,True
5b607be1-3d53-4c6b-854f-5f76f7216b8b,初中,艺术·美术,七年级,下册,苏少版,（根据2022年版课程标准修订）义务教育教科书·美术七年级下册,output\教材封面\5b\5b607be1-3d53-4c6b-854f-5f76f7216b8b.jpg,True
5ba6dc62-4044-48e5-8ed5-6c8aca713bab,初中,艺术·美术,八年级,上册,苏少版,（根据2022年版课程标准修订）义务教育教科书·美术八年级上册,output\教材封面\5b\5ba6dc62-4044-48e5-8ed5-6c8aca713bab.jpg,True
b0012fd9-6874-4f0e-838a-6415f76f7627,初中,艺术·美术,八年级,下册,苏少版,（根据2022年版课程标准修订）义务教育教科书·美术八年级下册,output\教材封面\b0\b0012fd9-6874-4f0e-838a-6415f76f7627.jpg,True
375081ab-6df3-4229-9aa1-ba9d5256c35f,初中,艺术·美术,九年级,上册,苏少版,义务教育教科书·美术九年级上册,output\教材封面\37\375081ab-6df3-4229-9aa1-ba9d5256c35f.jpg,True
69d9bedd-61ce-43e8-b29d-3accdcf66161,初中,艺术·美术,九年级,下册,苏少版,义务教育教科书·美术九年级下册,output\教材封面\69\69d9bedd-61ce-43e8-b29d-3accdcf66161.jpg,True
c3e00d74-c670-4dd1-858c-c1fa1d5daa9f,初中,艺术·美术,七年级,上册,赣美版,（根据2022年版课程标准修订）义务教育教科书•艺术•美术七年级上册,output\教材封面\c3\c3e00d74-c670-4dd1-858c-c1fa1d5daa9f.jpg,True
e8c76f43-0af1-404c-a619-9e94c01ff042,初中,艺术·美术,七年级,下册,赣美版,（根据2022年版课程标准修订）义务教育教科书·美术七年级下册,output\教材封面\e8\e8c76f43-0af1-404c-a619-9e94c01ff042.jpg,True
04e636fd-85af-4b54-a8ff-96cfb3439f9e,初中,艺术·美术,八年级,上册,赣美版,（根据2022年版课程标准修订）义务教育教科书•艺术•美术八年级上册,output\教材封面\04\04e636fd-85af-4b54-a8ff-96cfb3439f9e.jpg,True
cbcd08ab-076c-4b47-8912-8adc80b8f3db,初中,艺术·美术,八年级,下册,赣美版,（根据2022年版课程标准修订）义务教育教科书·美术八年级下册,output\教材封面\cb\cbcd08ab-076c-4b47-8912-8adc80b8f3db.jpg,True
5997022d-b273-4e0e-ab62-f7ad4ef48c6c,初中,艺术·美术,九年级,上册,赣美版,义务教育教科书·美术九年级上册,output\教材封面\59\5997022d-b273-4e0e-ab62-f7ad4ef48c6c.jpg,True
8e04ac2b-d22a-4d7d-b700-511376b8713d,初中,艺术·美术,九年级,下册,赣美版,义务教育教科书·美术九年级下册,output\教材封面\8e\8e04ac2b-d22a-4d7d-b700-511376b8713d.jpg,True
7e1899ae-4d42-4f5e-8294-c166e88d9fc1,初中,艺术·美术,七年级,上册,辽海版,（根据2022年版课程标准修订）义务教育教科书•艺术•美术七年级上册,output\教材封面\7e\7e1899ae-4d42-4f5e-8294-c166e88d9fc1.jpg,True
08e4e232-9a89-4208-906f-b7f9e7f289d3,初中,艺术·美术,七年级,下册,辽海版,（根据2022年版课程标准修订）义务教育教科书·美术七年级下册,output\教材封面\08\08e4e232-9a89-4208-906f-b7f9e7f289d3.jpg,True
71b183ab-869b-482a-8da4-1523d1b019a6,初中,艺术·美术,八年级,上册,辽海版,（根据2022年版课程标准修订）义务教育教科书•艺术•美术八年级上册,output\教材封面\71\71b183ab-869b-482a-8da4-1523d1b019a6.jpg,True
18be756b-167d-4577-80d8-fb4e6104b5f8,初中,艺术·美术,八年级,下册,辽海版,（根据2022年版课程标准修订）义务教育教科书·美术八年级下册,output\教材封面\18\18be756b-167d-4577-80d8-fb4e6104b5f8.jpg,True
ed476e01-6cfb-4bbc-8319-ce2f80cc437f,初中,艺术·美术,九年级,上册,辽海版,义务教育教科书·美术九年级上册,output\教材封面\ed\ed476e01-6cfb-4bbc-8319-ce2f80cc437f.jpg,True
b3221828-d757-4b27-b23e-037551ef22cc,初中,艺术·美术,九年级,下册,辽海版,义务教育教科书·美术九年级下册,output\教材封面\b3\b3221828-d757-4b27-b23e-037551ef22cc.jpg,True
2e629d7f-a976-4179-8096-484224120e71,初中,艺术·美术,七年级,上册,岭南美版,（根据2022年版课程标准修订）义务教育教科书•艺术•美术七年级上册,output\教材封面\2e\2e629d7f-a976-4179-8096-484224120e71.jpg,True
a5f1e182-2205-4b4b-aeba-8a3eb1f695db,初中,艺术·美术,七年级,下册,岭南美版,（根据2022年版课程标准修订）义务教育教科书·美术七年级下册,output\教材封面\a5\a5f1e182-2205-4b4b-aeba-8a3eb1f695db.jpg,True
a9e8acd1-a33d-4e60-b36f-b1cdd9963831,初中,艺术·美术,八年级,上册,岭南美版,（根据2022年版课程标准修订）义务教育教科书•艺术•美术八年级上册,output\教材封面\a9\a9e8acd1-a33d-4e60-b36f-b1cdd9963831.jpg,True
396b55d4-b67d-4728-9b83-e7b638c5ca30,初中,艺术·美术,八年级,下册,岭南美版,（根据2022年版课程标准修订）义务教育教科书·美术八年级下册,output\教材封面\39\396b55d4-b67d-4728-9b83-e7b638c5ca30.jpg,True
20bdc5b3-51cf-4456-b0a9-d569bc092ab9,初中,艺术·美术,九年级,上册,岭南美版,义务教育教科书·美术九年级上册,output\教材封面\20\20bdc5b3-51cf-4456-b0a9-d569bc092ab9.jpg,True
18be16c6-c118-4dcd-a2a0-6bbe41dfddaa,初中,艺术·美术,九年级,下册,岭南美版,义务教育教科书·美术九年级下册,output\教材封面\18\18be16c6-c118-4dcd-a2a0-6bbe41dfddaa.jpg,True
551641d0-6e78-470b-a058-4f02cab569a5,初中,艺术·美术,七年级,上册,人教版,（根据2022年版课程标准修订）义务教育教科书·美术七年级上册,output\教材封面\55\551641d0-6e78-470b-a058-4f02cab569a5.jpg,True
4361bd38-16c5-482a-9b6c-ef94149de136,初中,艺术·美术,七年级,下册,人教版,（根据2022年版课程标准修订）义务教育教科书·美术七年级下册,output\教材封面\43\4361bd38-16c5-482a-9b6c-ef94149de136.jpg,True
a1c1fa74-bf77-4796-9d55-def7bbeaf3d9,初中,艺术·美术,八年级,上册,人教版,（根据2022年版课程标准修订）义务教育教科书·美术八年级上册,output\教材封面\a1\a1c1fa74-bf77-4796-9d55-def7bbeaf3d9.jpg,True
05b1ffee-869d-4d87-a0dd-851ad97c9c92,初中,艺术·美术,八年级,下册,人教版,（根据2022年版课程标准修订）义务教育教科书·美术八年级下册,output\教材封面\05\05b1ffee-869d-4d87-a0dd-851ad97c9c92.jpg,True
e2f60023-4d6b-4dc3-a06f-16802ffafc65,初中,艺术·美术,九年级,上册,人教版,义务教育教科书·美术九年级上册,output\教材封面\e2\e2f60023-4d6b-4dc3-a06f-16802ffafc65.jpg,True
83e15ad7-18f5-43af-8658-3a2466f484d4,初中,艺术·美术,九年级,下册,人教版,义务教育教科书·美术九年级下册,output\教材封面\83\83e15ad7-18f5-43af-8658-3a2466f484d4.jpg,True
8ef186ce-f900-462b-8842-379b7b670ac7,初中,艺术·美术,八年级,上册,人美版（主编：常锐伦&欧京海）,义务教育教科书·美术八年级上册,output\教材封面\8e\8ef186ce-f900-462b-8842-379b7b670ac7.jpg,True
5dc1a7aa-b51d-44e1-87de-c0a6a50f9e80,初中,艺术·美术,八年级,下册,人美版（主编：常锐伦&欧京海）,义务教育教科书·美术八年级下册,output\教材封面\5d\5dc1a7aa-b51d-44e1-87de-c0a6a50f9e80.jpg,True
97230a22-f6ae-4589-b381-a49e319ed649,初中,艺术·美术,九年级,上册,人美版（主编：常锐伦&欧京海）,义务教育教科书·美术九年级上册,output\教材封面\97\97230a22-f6ae-4589-b381-a49e319ed649.jpg,True
ceba6a73-c46c-4742-a5f4-fa418120159a,初中,艺术·美术,九年级,下册,人美版（主编：常锐伦&欧京海）,义务教育教科书·美术九年级下册,output\教材封面\ce\ceba6a73-c46c-4742-a5f4-fa418120159a.jpg,True
07dd6372-a33f-43c5-a9eb-9def1052269e,初中,艺术·美术,八年级,上册,人美版（主编：杨力）,义务教育教科书·美术八年级上册,output\教材封面\07\07dd6372-a33f-43c5-a9eb-9def1052269e.jpg,True
a5ed35de-b173-42c8-9439-a77b6d532774,初中,艺术·美术,八年级,下册,人美版（主编：杨力）,义务教育教科书·美术八年级下册,output\教材封面\a5\a5ed35de-b173-42c8-9439-a77b6d532774.jpg,True
2aa23aee-8d1e-43b8-bee1-7f09c8335bcf,初中,艺术·美术,九年级,上册,人美版（主编：杨力）,义务教育教科书·美术九年级上册,output\教材封面\2a\2aa23aee-8d1e-43b8-bee1-7f09c8335bcf.jpg,True
9bf67295-0bfd-471e-b8cd-1497ee2c3d1a,初中,艺术·美术,九年级,下册,人美版（主编：杨力）,义务教育教科书·美术九年级下册,output\教材封面\9b\9bf67295-0bfd-471e-b8cd-1497ee2c3d1a.jpg,True
0b78648c-9416-4426-9cb7-6d083d7015de,初中,艺术·美术,七年级,上册,沪教版,（根据2022年版课程标准修订）义务教育教科书•艺术•美术七年级上册,output\教材封面\0b\0b78648c-9416-4426-9cb7-6d083d7015de.jpg,True
87268995-4d77-4f9e-8cc4-d5a6bcdf3702,初中,艺术·美术,七年级,下册,沪教版,（根据2022年版课程标准修订）义务教育教科书·美术七年级下册,output\教材封面\87\87268995-4d77-4f9e-8cc4-d5a6bcdf3702.jpg,True
50fc3484-61ee-49fb-bdeb-70c7c8fc1161,初中,艺术·美术,八年级,上册,沪教版,（根据2022年版课程标准修订）义务教育教科书·美术八年级上册,output\教材封面\50\50fc3484-61ee-49fb-bdeb-70c7c8fc1161.jpg,True
4d90edcb-821d-4d50-a1bc-ccdb8f120cb9,初中,艺术·美术,八年级,下册,沪教版,（根据2022年版课程标准修订）义务教育教科书·美术八年级下册,output\教材封面\4d\4d90edcb-821d-4d50-a1bc-ccdb8f120cb9.jpg,True
eb12ee25-f997-40d9-b044-58e367e69e0c,初中,艺术·美术,九年级,上册,沪教版,义务教育教科书·美术九年级上册,output\教材封面\eb\eb12ee25-f997-40d9-b044-58e367e69e0c.jpg,True
763b00ad-1f3e-4784-82ef-d4c861014543,初中,艺术·美术,九年级,下册,沪教版,义务教育教科书·美术九年级下册,output\教材封面\76\763b00ad-1f3e-4784-82ef-d4c861014543.jpg,True
7a893e9c-7c46-491a-9ca7-71cac00e4300,初中,艺术·美术,七年级,上册,浙人美版,（根据2022年版课程标准修订）义务教育教科书•艺术•美术七年级上册,output\教材封面\7a\7a893e9c-7c46-491a-9ca7-71cac00e4300.jpg,True
d8f07161-5036-4bd7-98f2-899a3bd0c883,初中,艺术·美术,七年级,下册,浙人美版,（根据2022年版课程标准修订）义务教育教科书·美术七年级下册,output\教材封面\d8\d8f07161-5036-4bd7-98f2-899a3bd0c883.jpg,True
30528ace-06ed-443f-95ae-d9bcff731645,初中,艺术·美术,八年级,上册,浙人美版,（根据2022年版课程标准修订）义务教育教科书•艺术•美术八年级上册,output\教材封面\30\30528ace-06ed-443f-95ae-d9bcff731645.jpg,True
4b0733f5-9de4-4242-85eb-3b87d1b04dbb,初中,艺术·美术,八年级,下册,浙人美版,（根据2022年版课程标准修订）义务教育教科书·美术八年级下册,output\教材封面\4b\4b0733f5-9de4-4242-85eb-3b87d1b04dbb.jpg,True
682b60d1-be9c-4a68-b27f-95bf6eb55355,初中,艺术·美术,九年级,上册,浙人美版,义务教育教科书·美术九年级上册,output\教材封面\68\682b60d1-be9c-4a68-b27f-95bf6eb55355.jpg,True
311248c4-5267-4ebf-b72f-f638399b304a,初中,艺术·美术,九年级,下册,浙人美版,义务教育教科书·美术九年级下册,output\教材封面\31\311248c4-5267-4ebf-b72f-f638399b304a.jpg,True
78a2ae52-e070-4730-a571-854ffaf81510,初中,艺术·舞蹈/影视/戏剧,七年级,上册,鄂教版,义务教育教科书·艺术七年级上册,output\教材封面\78\78a2ae52-e070-4730-a571-854ffaf81510.jpg,True
1f7f3ce9-c489-40d8-a87d-3fa0644d2e82,初中,艺术·舞蹈/影视/戏剧,七年级,下册,鄂教版,义务教育教科书·艺术七年级下册,output\教材封面\1f\1f7f3ce9-c489-40d8-a87d-3fa0644d2e82.jpg,True
8e0089ae-8849-4a59-8c67-c1d13f43728b,初中,艺术·舞蹈/影视/戏剧,八年级,上册,鄂教版,义务教育教科书·艺术八年级上册,output\教材封面\8e\8e0089ae-8849-4a59-8c67-c1d13f43728b.jpg,True
0d096ef2-6069-4149-bfea-84b8a7c57536,初中,艺术·舞蹈/影视/戏剧,八年级,下册,鄂教版,义务教育教科书·艺术八年级下册,output\教材封面\0d\0d096ef2-6069-4149-bfea-84b8a7c57536.jpg,True
edc44702-150b-4808-84ae-a6f722081d32,初中,艺术·舞蹈/影视/戏剧,九年级,上册,鄂教版,义务教育教科书·艺术九年级上册,output\教材封面\ed\edc44702-150b-4808-84ae-a6f722081d32.jpg,True
3a2d5ae6-cdd9-46cf-864e-1471160c848e,初中,艺术·舞蹈/影视/戏剧,九年级,下册,鄂教版,义务教育教科书·艺术九年级下册,output\教材封面\3a\3a2d5ae6-cdd9-46cf-864e-1471160c848e.jpg,True
a2104ad1-c8f3-433e-a397-a077fe3e2b57,初中,艺术·舞蹈/影视/戏剧,七年级,上册,教科版,义务教育教科书·艺术七年级上册,output\教材封面\a2\a2104ad1-c8f3-433e-a397-a077fe3e2b57.jpg,True
0637b54d-5d43-42d1-a1fd-0201f5631789,初中,艺术·舞蹈/影视/戏剧,七年级,下册,教科版,义务教育教科书·艺术七年级下册,output\教材封面\06\0637b54d-5d43-42d1-a1fd-0201f5631789.jpg,True
3194fbe7-9e41-4851-a300-2047d1585563,初中,艺术·舞蹈/影视/戏剧,八年级,上册,教科版,义务教育教科书·艺术八年级上册,output\教材封面\31\3194fbe7-9e41-4851-a300-2047d1585563.jpg,True
3b126f99-b9cf-485b-81b5-578011c65ced,初中,艺术·舞蹈/影视/戏剧,八年级,下册,教科版,义务教育教科书·艺术八年级下册,output\教材封面\3b\3b126f99-b9cf-485b-81b5-578011c65ced.jpg,True
a4e9aff7-bbc9-48e2-b7c7-ad8119121714,初中,艺术·舞蹈/影视/戏剧,九年级,上册,教科版,义务教育教科书·艺术九年级上册,output\教材封面\a4\a4e9aff7-bbc9-48e2-b7c7-ad8119121714.jpg,True
5bfc21d8-821f-4a56-b604-25658c2ad02f,初中,艺术·舞蹈/影视/戏剧,九年级,下册,教科版,义务教育教科书·艺术九年级下册,output\教材封面\5b\5bfc21d8-821f-4a56-b604-25658c2ad02f.jpg,True
b72dd80e-7a03-47f9-89be-d858559cf6da,初中,科学,七年级,上册,华东师大版,（根据2022年版课程标准修订）义务教育教科书•科学七年级上册,output\教材封面\b7\b72dd80e-7a03-47f9-89be-d858559cf6da.jpg,True
48fcaecd-0239-4f26-86e9-9c12572878e9,初中,科学,七年级,下册,华东师大版,（根据2022年版课程标准修订）义务教育教科书·科学七年级下册,output\教材封面\48\48fcaecd-0239-4f26-86e9-9c12572878e9.jpg,True
6137bdaf-e4ac-4580-bbcb-035b44492996,初中,科学,八年级,上册,华东师大版,（根据2022年版课程标准修订）义务教育教科书•科学八年级上册,output\教材封面\61\6137bdaf-e4ac-4580-bbcb-035b44492996.jpg,True
caf9c7f3-ffac-47f9-ae7c-0712714352dc,初中,科学,八年级,下册,华东师大版,义务教育教科书·科学八年级下册,output\教材封面\ca\caf9c7f3-ffac-47f9-ae7c-0712714352dc.jpg,True
cf9bb0e2-e5a6-433b-940c-050d70f4f614,初中,科学,九年级,上册,华东师大版,义务教育教科书·科学九年级上册,output\教材封面\cf\cf9bb0e2-e5a6-433b-940c-050d70f4f614.jpg,True
6f75bbfc-79b1-455d-af9a-cae9dd977656,初中,科学,九年级,下册,华东师大版,义务教育教科书·科学九年级下册,output\教材封面\6f\6f75bbfc-79b1-455d-af9a-cae9dd977656.jpg,True
7a8acd38-9e6d-40e0-8f81-1242ce7f4227,初中,科学,七年级,上册,沪教版,义务教育教科书·科学七年级上册,output\教材封面\7a\7a8acd38-9e6d-40e0-8f81-1242ce7f4227.jpg,True
050d9d37-6d49-4c1d-810f-33b81c69353a,初中,科学,七年级,下册,沪教版,义务教育教科书·科学七年级下册,output\教材封面\05\050d9d37-6d49-4c1d-810f-33b81c69353a.jpg,True
d610189a-3496-4f8c-8edb-d0239b812b1d,初中,科学,八年级,上册,沪教版,义务教育教科书·科学八年级上册,output\教材封面\d6\d610189a-3496-4f8c-8edb-d0239b812b1d.jpg,True
8842f4e2-af15-4c52-92ea-fe43bbfcc76c,初中,科学,八年级,下册,沪教版,义务教育教科书·科学八年级下册,output\教材封面\88\8842f4e2-af15-4c52-92ea-fe43bbfcc76c.jpg,True
a35ac202-011b-4d44-8dae-5ed0df04767d,初中,科学,九年级,上册,沪教版,义务教育教科书·科学九年级上册,output\教材封面\a3\a35ac202-011b-4d44-8dae-5ed0df04767d.jpg,True
ad91518b-f755-4f65-8f95-0f308dd785cf,初中,科学,九年级,下册,沪教版,义务教育教科书·科学九年级下册,output\教材封面\ad\ad91518b-f755-4f65-8f95-0f308dd785cf.jpg,True
840934f9-c803-480e-a774-05feb7af3a07,初中,科学,七年级,上册,武汉社版,（根据2022年版课程标准修订）义务教育教科书•科学七年级上册,output\教材封面\84\840934f9-c803-480e-a774-05feb7af3a07.jpg,True
5207ced9-7649-47b0-ac6f-75339de54ede,初中,科学,七年级,下册,武汉社版,（根据2022年版课程标准修订）义务教育教科书·科学七年级下册,output\教材封面\52\5207ced9-7649-47b0-ac6f-75339de54ede.jpg,True
2742517e-d91d-460e-bf8b-9a0acb5ce746,初中,科学,八年级,上册,武汉社版,（根据2022年版课程标准修订）义务教育教科书·科学八年级上册,output\教材封面\27\2742517e-d91d-460e-bf8b-9a0acb5ce746.jpg,True
750548ab-df89-4eba-889d-c7900607a4df,初中,科学,八年级,下册,武汉社版,（根据2022年版课程标准修订）义务教育教科书·科学八年级下册,output\教材封面\75\750548ab-df89-4eba-889d-c7900607a4df.jpg,True
86a5a42f-bdcd-40d0-a329-fd3657a70b16,初中,科学,九年级,上册,武汉社版,义务教育教科书·科学九年级上册,output\教材封面\86\86a5a42f-bdcd-40d0-a329-fd3657a70b16.jpg,True
b3f456c2-7bb5-4f63-b6b8-5647a7b1e805,初中,科学,九年级,下册,武汉社版,义务教育教科书·科学九年级下册,output\教材封面\b3\b3f456c2-7bb5-4f63-b6b8-5647a7b1e805.jpg,True
80cb1569-1416-41d9-99b7-4be3adc6a1b9,初中,科学,七年级,上册,浙教版,（根据2022年版课程标准修订）义务教育教科书•科学七年级上册,output\教材封面\80\80cb1569-1416-41d9-99b7-4be3adc6a1b9.jpg,True
b96b7c9c-62ef-450e-8366-1a62f8a0d1ad,初中,科学,七年级,下册,浙教版,（根据2022年版课程标准修订）义务教育教科书·科学七年级下册,output\教材封面\b9\b96b7c9c-62ef-450e-8366-1a62f8a0d1ad.jpg,True
20964819-8af6-4b8e-9442-3403ded4c277,初中,科学,八年级,上册,浙教版,（根据2022年版课程标准修订）义务教育教科书·科学八年级上册,output\教材封面\20\20964819-8af6-4b8e-9442-3403ded4c277.jpg,True
3ab11e4b-e3eb-400f-997d-a21acfd15d40,初中,科学,八年级,下册,浙教版,（根据2022年版课程标准修订）义务教育教科书·科学八年级下册,output\教材封面\3a\3ab11e4b-e3eb-400f-997d-a21acfd15d40.jpg,True
938d733b-8948-4e76-9712-9b5ad873e11a,初中,科学,九年级,上册,浙教版,义务教育教科书·科学九年级上册,output\教材封面\93\938d733b-8948-4e76-9712-9b5ad873e11a.jpg,True
5fe17634-e26d-4371-8623-1be94f492350,初中,科学,九年级,下册,浙教版,义务教育教科书·科学九年级下册,output\教材封面\5f\5fe17634-e26d-4371-8623-1be94f492350.jpg,True
63886adb-feb1-406b-9460-c4b8d89d0f08,初中,物理,八年级,下册,北师大版（主编：郭玉英）,（根据2022年版课程标准修订）义务教育教科书•物理八年级下册（主编：郭玉英）,output\教材封面\63\63886adb-feb1-406b-9460-c4b8d89d0f08.jpg,True
4ec9242d-af24-4907-bb8c-750f8a03e9cd,初中,物理,八年级,上册,北师大版（主编：郭玉英）,（根据2022年版课程标准修订）义务教育教科书•物理八年级上册（主编：郭玉英）,output\教材封面\4e\4ec9242d-af24-4907-bb8c-750f8a03e9cd.jpg,True
e1cffe42-452f-4b12-9b48-11ac0b983068,初中,物理,九年级,全一册,北师大版（主编：郭玉英）,（根据2022年版课程标准修订）义务教育教科书•物理九年级全一册（主编：郭玉英）,output\教材封面\e1\e1cffe42-452f-4b12-9b48-11ac0b983068.jpg,True
6a9ba25f-3f1d-47e0-b578-c4bb7f3caab6,初中,物理,八年级,上册,苏科版,（根据2022年版课程标准修订）义务教育教科书•物理八年级上册,output\教材封面\6a\6a9ba25f-3f1d-47e0-b578-c4bb7f3caab6.jpg,True
fb4f5034-b963-4c7b-82ff-391b93b8bcd3,初中,物理,八年级,下册,苏科版,（根据2022年版课程标准修订）义务教育教科书·物理八年级下册,output\教材封面\fb\fb4f5034-b963-4c7b-82ff-391b93b8bcd3.jpg,True
90a0ff0c-3329-4162-b62f-73220688e0d7,初中,物理,九年级,上册,苏科版,（根据2022年版课程标准修订）义务教育教科书•物理九年级上册,output\教材封面\90\90a0ff0c-3329-4162-b62f-73220688e0d7.jpg,True
7ba92096-4a2b-4f7c-84df-ca7fb62fab84,初中,物理,九年级,下册,苏科版,（根据2022年版课程标准修订）义务教育教科书·物理九年级下册,output\教材封面\7b\7ba92096-4a2b-4f7c-84df-ca7fb62fab84.jpg,True
8cafb75b-cc59-44b5-ae2f-42892c2413a3,初中,物理,八年级,上册,教科版,（根据2022年版课程标准修订）义务教育教科书•物理八年级上册,output\教材封面\8c\8cafb75b-cc59-44b5-ae2f-42892c2413a3.jpg,True
db713444-7126-4f63-ae46-026c63a7dc9e,初中,物理,九年级,上册,教科版,（根据2022年版课程标准修订）义务教育教科书•物理九年级上册,output\教材封面\db\db713444-7126-4f63-ae46-026c63a7dc9e.jpg,True
d64fa52e-4eb4-4ebf-8387-924faa20e7e0,初中,物理,八年级,全一册,沪科技版,（根据2022年版课程标准修订）义务教育教科书•物理八年级全一册,output\教材封面\d6\d64fa52e-4eb4-4ebf-8387-924faa20e7e0.jpg,True
2d14b2f0-5a5c-48e7-8c1b-9928e63fd975,初中,物理,九年级,全一册,沪科技版,（根据2022年版课程标准修订）义务教育教科书·物理九年级全一册,output\教材封面\2d\2d14b2f0-5a5c-48e7-8c1b-9928e63fd975.jpg,True
3bd13b9e-89fd-4bd1-b718-ac501dae2f59,初中,物理,八年级,下册,沪科技粤教版,（根据2022年版课程标准修订）义务教育教科书·物理八年级下册,output\教材封面\3b\3bd13b9e-89fd-4bd1-b718-ac501dae2f59.jpg,True
86f78b0e-a02c-4230-9638-2e913512cbd7,初中,物理,九年级,上册,沪科技粤教版,（根据2022年版课程标准修订）义务教育教科书·物理九年级上册,output\教材封面\86\86f78b0e-a02c-4230-9638-2e913512cbd7.jpg,True
861080ae-1bb2-42a8-9725-b5a11b6ae2e9,初中,物理,九年级,下册,沪科技粤教版,（根据2022年版课程标准修订）义务教育教科书·物理九年级下册,output\教材封面\86\861080ae-1bb2-42a8-9725-b5a11b6ae2e9.jpg,True
e5618f17-c06e-4c4c-944e-0ee8ced25391,初中,物理,八年级,上册,人教版,（根据2022年版课程标准修订）义务教育教科书·物理八年级上册,output\教材封面\e5\e5618f17-c06e-4c4c-944e-0ee8ced25391.jpg,True
aec6de38-33d2-417a-bbdb-e39154a046a9,初中,物理,八年级,下册,人教版,（根据2022年版课程标准修订）义务教育教科书·物理八年级下册,output\教材封面\ae\aec6de38-33d2-417a-bbdb-e39154a046a9.jpg,True
ed5f6a59-0cc5-47e9-adc3-0033711700ea,初中,物理,九年级,全一册,人教版,（根据2022年版课程标准修订）义务教育教科书·物理九年级全一册,output\教材封面\ed\ed5f6a59-0cc5-47e9-adc3-0033711700ea.jpg,True
4269fa54-94c7-443d-b39a-22fc53db8432,初中,化学,九年级,上册,北京版,（根据2022年版课程标准修订）义务教育教科书•化学九年级上册,output\教材封面\42\4269fa54-94c7-443d-b39a-22fc53db8432.jpg,True
d22a4ce9-3357-44fd-abce-788b996793c7,初中,化学,九年级,下册,北京版,（根据2022年版课程标准修订）义务教育教科书·化学九年级下册,output\教材封面\d2\d22a4ce9-3357-44fd-abce-788b996793c7.jpg,True
7885d781-1fae-4142-9beb-2ad67aa9fd38,初中,化学,九年级,上册,科学粤教版,（根据2022年版课程标准修订）义务教育教科书•化学九年级上册,output\教材封面\78\7885d781-1fae-4142-9beb-2ad67aa9fd38.jpg,True
efd6d2c8-841a-4da7-ae47-fca6849858dd,初中,化学,九年级,下册,科学粤教版,（根据2022年版课程标准修订）义务教育教科书·化学九年级下册,output\教材封面\ef\efd6d2c8-841a-4da7-ae47-fca6849858dd.jpg,True
ea8574c1-8b6a-4879-91ab-3fbdbd398beb,初中,化学,九年级,上册,科普版,（根据2022年版课程标准修订）义务教育教科书•化学九年级上册,output\教材封面\ea\ea8574c1-8b6a-4879-91ab-3fbdbd398beb.jpg,True
41eed83e-130d-4580-93ad-8c122eb27bd7,初中,化学,九年级,下册,科普版,（根据2022年版课程标准修订）义务教育教科书·化学九年级下册,output\教材封面\41\41eed83e-130d-4580-93ad-8c122eb27bd7.jpg,True
8c419b19-b3a9-4dbf-a8b4-546b7d337528,初中,化学,九年级,上册,人教版,（根据2022年版课程标准修订）义务教育教科书·化学九年级上册,output\教材封面\8c\8c419b19-b3a9-4dbf-a8b4-546b7d337528.jpg,True
1998204c-f017-4f49-9000-0ba0b93d2a4d,初中,化学,九年级,下册,人教版,(根据2022年版课程标准修订)义务教育教科书·化学九年级下册,output\教材封面\19\1998204c-f017-4f49-9000-0ba0b93d2a4d.jpg,True
0f455d8d-f1dd-455d-a1b9-6f83d75a5ad4,初中,化学,九年级,上册,鲁教版,（根据2022年版课程标准修订）义务教育教科书•化学九年级上册,output\教材封面\0f\0f455d8d-f1dd-455d-a1b9-6f83d75a5ad4.jpg,True
1e64b651-1eb5-42f9-9156-b92ba1d1b2cc,初中,化学,九年级,下册,鲁教版,（根据2022年版课程标准修订）义务教育教科书·化学九年级下册,output\教材封面\1e\1e64b651-1eb5-42f9-9156-b92ba1d1b2cc.jpg,True
9b5f1f01-f928-4f5e-bc43-d5269d106e1d,初中,化学,九年级,上册,沪教版,（根据2022年版课程标准修订）义务教育教科书•化学九年级上册,output\教材封面\9b\9b5f1f01-f928-4f5e-bc43-d5269d106e1d.jpg,True
9de79cbd-e8e0-454d-a318-a5db99f2dcbe,初中,化学,九年级,下册,沪教版,（根据2022年版课程标准修订）义务教育教科书·化学九年级下册,output\教材封面\9d\9de79cbd-e8e0-454d-a318-a5db99f2dcbe.jpg,True
60add6f1-e920-4c03-993d-cb18eceee02e,初中,生物学,七年级,上册,北京版,（根据2022年版课程标准修订）义务教育教科书•生物学七年级上册,output\教材封面\60\60add6f1-e920-4c03-993d-cb18eceee02e.jpg,True
7d59abaf-9182-4a91-adc3-7a003deac8b1,初中,生物学,七年级,下册,北京版,（根据2022年版课程标准修订）义务教育教科书·生物学七年级下册,output\教材封面\7d\7d59abaf-9182-4a91-adc3-7a003deac8b1.jpg,True
57a4e3a2-eb2b-4eea-bd7d-04f541842b8e,初中,生物学,八年级,上册,北京版,（根据2022年版课程标准修订）义务教育教科书•生物学八年级上册,output\教材封面\57\57a4e3a2-eb2b-4eea-bd7d-04f541842b8e.jpg,True
3fcba359-3c86-4f86-89a0-9294fd348bfa,初中,生物学,八年级,下册,北京版,（根据2022年版课程标准修订）义务教育教科书·生物学八年级下册,output\教材封面\3f\3fcba359-3c86-4f86-89a0-9294fd348bfa.jpg,True
3a38c6a2-e024-46b4-add6-e3c05528798e,初中,生物学,七年级,上册,北师大版,（根据2022年版课程标准修订）义务教育教科书•生物学七年级上册,output\教材封面\3a\3a38c6a2-e024-46b4-add6-e3c05528798e.jpg,True
5c739025-042b-43f5-99ff-090692708527,初中,生物学,七年级,下册,北师大版,（根据2022年版课程标准修订）义务教育教科书·生物学七年级下册,output\教材封面\5c\5c739025-042b-43f5-99ff-090692708527.jpg,True
4ed36fa7-9b13-4d7c-bb68-fcb5cb02a98c,初中,生物学,八年级,上册,北师大版,（根据2022年版课程标准修订）义务教育教科书•生物学八年级上册,output\教材封面\4e\4ed36fa7-9b13-4d7c-bb68-fcb5cb02a98c.jpg,True
a6f48c49-5655-4938-b905-299c7f26ecc4,初中,生物学,八年级,下册,北师大版,（根据2022年版课程标准修订）义务教育教科书·生物学八年级下册,output\教材封面\a6\a6f48c49-5655-4938-b905-299c7f26ecc4.jpg,True
71f7ad57-fa7a-45ad-a105-77e1a8396bbc,初中,生物学,七年级,上册,冀少版,（根据2022年版课程标准修订）义务教育教科书•生物学七年级上册,output\教材封面\71\71f7ad57-fa7a-45ad-a105-77e1a8396bbc.jpg,True
06aeb432-8312-4966-bd00-a09f05f894ce,初中,生物学,七年级,下册,冀少版,（根据2022年版课程标准修订）义务教育教科书·生物学七年级下册,output\教材封面\06\06aeb432-8312-4966-bd00-a09f05f894ce.jpg,True
686c9ea6-8af1-4356-811b-35a7aa5004f4,初中,生物学,八年级,上册,冀少版,（根据2022年版课程标准修订）义务教育教科书•生物学八年级上册,output\教材封面\68\686c9ea6-8af1-4356-811b-35a7aa5004f4.jpg,True
eeef66bc-07bd-4a35-b81a-81169510e65d,初中,生物学,八年级,下册,冀少版,（根据2022年版课程标准修订）义务教育教科书·生物学八年级下册,output\教材封面\ee\eeef66bc-07bd-4a35-b81a-81169510e65d.jpg,True
c909e650-e732-4b6b-b741-7711d97b032f,初中,生物学,七年级,上册,济南版,（根据2022年版课程标准修订）义务教育教科书•生物学七年级上册,output\教材封面\c9\c909e650-e732-4b6b-b741-7711d97b032f.jpg,True
f00cc135-870e-4331-9909-645e1ac39388,初中,生物学,七年级,下册,济南版,（根据2022年版课程标准修订）义务教育教科书·生物学七年级下册,output\教材封面\f0\f00cc135-870e-4331-9909-645e1ac39388.jpg,True
3349a703-9e17-4331-83d0-6d8e73b8dd1f,初中,生物学,八年级,上册,济南版,（根据2022年版课程标准修订）义务教育教科书•生物学八年级上册,output\教材封面\33\3349a703-9e17-4331-83d0-6d8e73b8dd1f.jpg,True
419f1199-3dfc-48fd-816f-76c465725d09,初中,生物学,八年级,下册,济南版,（根据2022年版课程标准修订）义务教育教科书·生物学八年级下册,output\教材封面\41\419f1199-3dfc-48fd-816f-76c465725d09.jpg,True
d3af85b8-5cf2-41d7-a6ad-3a622f04cb67,初中,生物学,七年级,上册,苏教版,（根据2022年版课程标准修订）义务教育教科书•生物学七年级上册,output\教材封面\d3\d3af85b8-5cf2-41d7-a6ad-3a622f04cb67.jpg,True
f0c9a086-931f-48d2-9f8f-a3b0e1c81e77,初中,生物学,七年级,下册,苏教版,（根据2022年版课程标准修订）义务教育教科书·生物学七年级下册,output\教材封面\f0\f0c9a086-931f-48d2-9f8f-a3b0e1c81e77.jpg,True
3bf1f5ed-152e-4f5e-9ca9-e08562b94f21,初中,生物学,八年级,上册,苏教版,（根据2022年版课程标准修订）义务教育教科书•生物学八年级上册,output\教材封面\3b\3bf1f5ed-152e-4f5e-9ca9-e08562b94f21.jpg,True
b6278637-eb86-47c0-a715-0fa19962aa86,初中,生物学,八年级,下册,苏教版,（根据2022年版课程标准修订）义务教育教科书·生物学八年级下册,output\教材封面\b6\b6278637-eb86-47c0-a715-0fa19962aa86.jpg,True
a2696c5a-4dd1-49dc-8248-6bf3c5789cba,初中,生物学,七年级,上册,苏科版,（根据2022年版课程标准修订）义务教育教科书•生物学七年级上册,output\教材封面\a2\a2696c5a-4dd1-49dc-8248-6bf3c5789cba.jpg,True
19b2c1d4-5c44-4c03-9beb-779bc2dd5f4e,初中,生物学,七年级,下册,苏科版,（根据2022年版课程标准修订）义务教育教科书·生物学七年级下册,output\教材封面\19\19b2c1d4-5c44-4c03-9beb-779bc2dd5f4e.jpg,True
d6640bd0-cc2c-4deb-a2c5-5203dd72e04d,初中,生物学,八年级,上册,苏科版,（根据2022年版课程标准修订）义务教育教科书•生物学八年级上册,output\教材封面\d6\d6640bd0-cc2c-4deb-a2c5-5203dd72e04d.jpg,True
b9417eff-2d0f-4590-ada8-1ec279c73e5e,初中,生物学,八年级,下册,苏科版,（根据2022年版课程标准修订）义务教育教科书·生物学八年级下册,output\教材封面\b9\b9417eff-2d0f-4590-ada8-1ec279c73e5e.jpg,True
405270eb-9f00-4bba-b0f6-da863340625f,初中,生物学,七年级,上册,人教版,（根据2022年版课程标准修订）义务教育教科书·生物学七年级上册,output\教材封面\40\405270eb-9f00-4bba-b0f6-da863340625f.jpg,True
75de4cf4-9cd3-4e70-8844-cb40ad7c318e,初中,生物学,七年级,下册,人教版,（根据2022年版课程标准修订）义务教育教科书·生物学七年级下册,output\教材封面\75\75de4cf4-9cd3-4e70-8844-cb40ad7c318e.jpg,True
5a29010d-b2f0-4bf0-9e05-e311168cd929,初中,生物学,八年级,上册,人教版,（根据2022年版课程标准修订）义务教育教科书·生物学八年级上册,output\教材封面\5a\5a29010d-b2f0-4bf0-9e05-e311168cd929.jpg,True
f4e7eb1c-2a75-4bc5-8fb9-404a108e1b84,初中,生物学,八年级,下册,人教版,（根据2022年版课程标准修订）义务教育教科书·生物学八年级下册,output\教材封面\f4\f4e7eb1c-2a75-4bc5-8fb9-404a108e1b84.jpg,True
8fc851b4-28df-4eaa-8e55-08d63dc1fe38,初中,历史,七年级,上册,统编版,（根据2022年版课程标准修订）义务教育教科书·中国历史七年级上册,output\教材封面\8f\8fc851b4-28df-4eaa-8e55-08d63dc1fe38.jpg,True
d5b610a4-f7ff-4212-9749-6bebac05ee0f,初中,历史,七年级,下册,统编版,（根据2022年版课程标准修订）义务教育教科书·中国历史七年级下册,output\教材封面\d5\d5b610a4-f7ff-4212-9749-6bebac05ee0f.jpg,True
c1becbb7-300c-4ded-9310-f4444788b998,初中,历史,八年级,上册,统编版,（根据2022年版课程标准修订）义务教育教科书·中国历史八年级上册,output\教材封面\c1\c1becbb7-300c-4ded-9310-f4444788b998.jpg,True
c91cf483-b7ca-4ab5-a9c8-7e64a90158ac,初中,历史,八年级,下册,统编版,（根据2022年版课程标准修订）义务教育教科书·中国历史八年级下册,output\教材封面\c9\c91cf483-b7ca-4ab5-a9c8-7e64a90158ac.jpg,True
61a4f9ac-8bc0-437b-bbc2-f2f86d0ae65c,初中,历史,九年级,上册,统编版,义务教育教科书·世界历史九年级上册,output\教材封面\61\61a4f9ac-8bc0-437b-bbc2-f2f86d0ae65c.jpg,True
b21d337a-5bd5-4753-a515-013eb789656c,初中,历史,九年级,下册,统编版,义务教育教科书·世界历史九年级下册,output\教材封面\b2\b21d337a-5bd5-4753-a515-013eb789656c.jpg,True
5aa9a6f3-6400-49bd-bea0-70ff73979cec,初中,地理,七年级,上册,粤教粤人版,（根据2022年版课程标准修订）义务教育教科书•地理七年级上册,output\教材封面\5a\5aa9a6f3-6400-49bd-bea0-70ff73979cec.jpg,True
84d7d931-06e4-4569-988a-5f287166f234,初中,地理,七年级,下册,粤教粤人版,（根据2022年版课程标准修订）义务教育教科书·地理七年级下册,output\教材封面\84\84d7d931-06e4-4569-988a-5f287166f234.jpg,True
0774ccc8-403e-4ee1-9711-8725cb882db4,初中,地理,八年级,上册,粤教粤人版,（根据2022年版课程标准修订）义务教育教科书•地理八年级上册,output\教材封面\07\0774ccc8-403e-4ee1-9711-8725cb882db4.jpg,True
4774870a-5473-4fb3-af3e-97325637f03a,初中,地理,八年级,下册,粤教粤人版,（根据2022年版课程标准修订）义务教育教科书·地理八年级下册,output\教材封面\47\4774870a-5473-4fb3-af3e-97325637f03a.jpg,True
d12dd595-2e94-4f79-a0f3-443bef0285fc,初中,地理,七年级,上册,湘教版,（根据2022年版课程标准修订）义务教育教科书•地理七年级上册,output\教材封面\d1\d12dd595-2e94-4f79-a0f3-443bef0285fc.jpg,True
1b4deb32-19c1-4b39-b132-caaf343710e5,初中,地理,七年级,下册,湘教版,（根据2022年版课程标准修订）义务教育教科书·地理七年级下册,output\教材封面\1b\1b4deb32-19c1-4b39-b132-caaf343710e5.jpg,True
8149a882-4108-4888-892a-e1d0ce64d770,初中,地理,八年级,上册,湘教版,（根据2022年版课程标准修订）义务教育教科书•地理八年级上册,output\教材封面\81\8149a882-4108-4888-892a-e1d0ce64d770.jpg,True
661e0653-99ef-4673-b512-a6625fed5ea6,初中,地理,八年级,下册,湘教版,（根据2022年版课程标准修订）义务教育教科书·地理八年级下册,output\教材封面\66\661e0653-99ef-4673-b512-a6625fed5ea6.jpg,True
5795760f-3ee9-41df-bc66-e899cafbf352,初中,地理,七年级,上册,科普版,（根据2022年版课程标准修订）义务教育教科书•地理七年级上册,output\教材封面\57\5795760f-3ee9-41df-bc66-e899cafbf352.jpg,True
b211ef02-c737-449f-a951-067ae36dfc2b,初中,地理,七年级,下册,科普版,（根据2022年版课程标准修订）义务教育教科书·地理七年级下册,output\教材封面\b2\b211ef02-c737-449f-a951-067ae36dfc2b.jpg,True
e5567b13-64a5-438a-b76f-62ee587d107b,初中,地理,八年级,上册,科普版,（根据2022年版课程标准修订）义务教育教科书•地理八年级上册,output\教材封面\e5\e5567b13-64a5-438a-b76f-62ee587d107b.jpg,True
41ed6167-1e98-4ee5-bffc-a15630760749,初中,地理,八年级,下册,科普版,（根据2022年版课程标准修订）义务教育教科书·地理八年级下册,output\教材封面\41\41ed6167-1e98-4ee5-bffc-a15630760749.jpg,True
4d045a6b-46f3-42de-9c91-89bc443cbeff,初中,地理,七年级,上册,人教版,（根据2022年版课程标准修订）义务教育教科书·地理七年级上册,output\教材封面\4d\4d045a6b-46f3-42de-9c91-89bc443cbeff.jpg,True
8bc3c0a8-5f4b-4d80-8427-e5d35a8669ac,初中,地理,七年级,下册,人教版,（根据2022年版课程标准修订）义务教育教科书·地理七年级下册,output\教材封面\8b\8bc3c0a8-5f4b-4d80-8427-e5d35a8669ac.jpg,True
4e916d49-8495-4606-9a97-672ba6489eb8,初中,地理,八年级,上册,人教版,（根据2022年版课程标准修订）义务教育教科书·地理八年级上册,output\教材封面\4e\4e916d49-8495-4606-9a97-672ba6489eb8.jpg,True
f02521c3-69db-4125-ab18-16e2232863ea,初中,地理,八年级,下册,人教版,（根据2022年版课程标准修订）义务教育教科书·地理八年级下册,output\教材封面\f0\f02521c3-69db-4125-ab18-16e2232863ea.jpg,True
adb52ab8-efae-481e-9f9d-b7808c9e5f19,初中,地理,七年级,上册,晋教版,（根据2022年版课程标准修订）义务教育教科书•地理七年级上册,output\教材封面\ad\adb52ab8-efae-481e-9f9d-b7808c9e5f19.jpg,True
08935c2e-1b5d-4838-9ebf-56ef94a119df,初中,地理,七年级,下册,晋教版,（根据2022年版课程标准修订）义务教育教科书·地理七年级下册,output\教材封面\08\08935c2e-1b5d-4838-9ebf-56ef94a119df.jpg,True
1a27180c-f282-4d45-b3ce-138c72905df4,初中,地理,八年级,上册,晋教版,（根据2022年版课程标准修订）义务教育教科书·地理八年级上册,output\教材封面\1a\1a27180c-f282-4d45-b3ce-138c72905df4.jpg,True
394b0611-f41e-46ef-b414-bae26371d158,初中,地理,八年级,下册,晋教版,（根据2022年版课程标准修订）义务教育教科书·地理八年级下册,output\教材封面\39\394b0611-f41e-46ef-b414-bae26371d158.jpg,True
cb28dcba-9fdf-489f-b934-a6f491b846b1,初中,地理,七年级,上册,商务星球版,（根据2022年版课程标准修订）义务教育教科书•地理七年级上册,output\教材封面\cb\cb28dcba-9fdf-489f-b934-a6f491b846b1.jpg,True
2c9959eb-df07-4263-9a9d-65125cffef82,初中,地理,七年级,下册,商务星球版,（根据2022年版课程标准修订）义务教育教科书•地理七年级下册,output\教材封面\2c\2c9959eb-df07-4263-9a9d-65125cffef82.jpg,True
a510889e-f30a-4bf3-86e3-47811454a3d8,初中,地理,八年级,上册,商务星球版,（根据2022年版课程标准修订）义务教育教科书·地理八年级上册,output\教材封面\a5\a510889e-f30a-4bf3-86e3-47811454a3d8.jpg,True
d6ca2316-1aa4-4a3f-99b6-56ae8f3e3bac,初中,地理,八年级,下册,商务星球版,（根据2022年版课程标准修订）义务教育教科书·地理八年级下册,output\教材封面\d6\d6ca2316-1aa4-4a3f-99b6-56ae8f3e3bac.jpg,True
808cddb1-7e8d-4902-8440-3331fb7b04ba,初中,地理,七年级,上册,中图版（主编：王民）,（根据2022年版课程标准修订）义务教育教科书•地理七年级上册（主编：王民）,output\教材封面\80\808cddb1-7e8d-4902-8440-3331fb7b04ba.jpg,True
64907d79-e35a-4a15-addb-1644c760c7aa,初中,地理,七年级,下册,中图版（主编：王民）,（根据2022年版课程标准修订）义务教育教科书•地理七年级下册（主编：王民）,output\教材封面\64\64907d79-e35a-4a15-addb-1644c760c7aa.jpg,True
e3a54154-50f1-43d6-8783-94302f453175,初中,地理,八年级,上册,中图版（主编：王民）,（根据2022年版课程标准修订）义务教育教科书·地理八年级上册（主编：王民）,output\教材封面\e3\e3a54154-50f1-43d6-8783-94302f453175.jpg,True
18e6796c-fd83-4da5-b1c3-29f0d6f721df,初中,地理,八年级,下册,中图版（主编：王民）,（根据2022年版课程标准修订）义务教育教科书·地理八年级下册（主编：王民）,output\教材封面\18\18e6796c-fd83-4da5-b1c3-29f0d6f721df.jpg,True
7b63faa4-c6d8-4c9d-b18b-21394da1c56e,初中,地理,七年级,上册,中图版（主编：钟作慈）,（根据2022年版课程标准修订）义务教育教科书•地理七年级上册（主编：钟作慈）,output\教材封面\7b\7b63faa4-c6d8-4c9d-b18b-21394da1c56e.jpg,True
67970690-c47b-49e2-9246-c137bacd82fe,初中,地理,七年级,下册,中图版（主编：钟作慈）,（根据2022年版课程标准修订）义务教育教科书•地理七年级下册（主编：钟作慈）,output\教材封面\67\67970690-c47b-49e2-9246-c137bacd82fe.jpg,True
0f612d26-b797-4ac4-8de3-0f9eaf8ef27e,初中,地理,八年级,上册,中图版（主编：钟作慈）,（根据2022年版课程标准修订）义务教育教科书·地理八年级上册（主编：钟作慈）,output\教材封面\0f\0f612d26-b797-4ac4-8de3-0f9eaf8ef27e.jpg,True
96effd81-fc72-4521-888f-07ea6866a4c9,初中,地理,八年级,下册,中图版（主编：钟作慈）,（根据2022年版课程标准修订）义务教育教科书·地理八年级下册（主编：钟作慈）,output\教材封面\96\96effd81-fc72-4521-888f-07ea6866a4c9.jpg,True
14648649-237b-42fa-82c3-c1cba28856a1,初中,地理图册,七年级,上册,配套科普版,（根据2022年版课程标准修订）义务教育教科书•地理图册七年级上册,output\教材封面\14\14648649-237b-42fa-82c3-c1cba28856a1.jpg,True
e589c535-d91d-43c3-8753-bbec288b928e,初中,地理图册,七年级,下册,配套科普版,（根据2022年版课程标准修订）义务教育教科书·地理图册七年级下册,output\教材封面\e5\e589c535-d91d-43c3-8753-bbec288b928e.jpg,True
60964ecd-38df-4d86-9181-90bd21621c5e,初中,地理图册,八年级,上册,配套科普版,（根据2022年版课程标准修订）义务教育教科书·地理图册八年级上册,output\教材封面\60\60964ecd-38df-4d86-9181-90bd21621c5e.jpg,True
ccc8ebc4-f6c1-4209-a14f-3d41f1586c18,初中,地理图册,八年级,下册,配套科普版,（根据2022年版课程标准修订）义务教育教科书·地理图册八年级下册,output\教材封面\cc\ccc8ebc4-f6c1-4209-a14f-3d41f1586c18.jpg,True
306d3456-5368-415a-91e4-60269afa94dd,初中,地理图册,七年级,上册,配套商务星球版,（根据2022年版课程标准修订）义务教育教科书•地理图册（蔡运龙）七年级上册,output\教材封面\30\306d3456-5368-415a-91e4-60269afa94dd.jpg,True
503c6936-203e-4e89-b0d3-ceedff0beeb3,初中,地理图册,七年级,下册,配套商务星球版,（根据2022年版课程标准修订）义务教育教科书·地理图册七年级下册,output\教材封面\50\503c6936-203e-4e89-b0d3-ceedff0beeb3.jpg,True
0cde163c-b90f-4a22-9dc0-d7ad65cac7d4,初中,地理图册,八年级,上册,配套商务星球版,（根据2022年版课程标准修订）义务教育教科书•地理图册（蔡运龙）八年级上册,output\教材封面\0c\0cde163c-b90f-4a22-9dc0-d7ad65cac7d4.jpg,True
9487460d-bb58-475a-8a2b-c02881d5aefd,初中,地理图册,八年级,下册,配套商务星球版,（根据2022年版课程标准修订）义务教育教科书·地理图册八年级下册,output\教材封面\94\9487460d-bb58-475a-8a2b-c02881d5aefd.jpg,True
1f268a48-b06d-4a1e-ab77-851ccf0e86d0,初中,地理图册,七年级,上册,配套湘教版,（根据2022年版课程标准修订）义务教育教科书•地理图册（朱翔，周瑞祥）七年级上册,output\教材封面\1f\1f268a48-b06d-4a1e-ab77-851ccf0e86d0.jpg,True
ede2e91b-aac6-43a7-a6bc-b9525f4b77d5,初中,地理图册,七年级,下册,配套湘教版,（根据2022年版课程标准修订）义务教育教科书·地理图册七年级下册（主编：朱翔&周瑞祥&刘新民）,output\教材封面\ed\ede2e91b-aac6-43a7-a6bc-b9525f4b77d5.jpg,True
387abac6-f873-4bcc-9179-29c3961aaacf,初中,地理图册,八年级,上册,配套粤教粤人版,（根据2022年版课程标准修订）义务教育教科书•地理图册（李亚平）八年级上册,output\教材封面\38\387abac6-f873-4bcc-9179-29c3961aaacf.jpg,True
6f944bbd-8d12-42db-918e-73bf2dc326dc,初中,地理图册,八年级,下册,配套湘教版,（根据2022年版课程标准修订）义务教育教科书·地理图册八年级下册（主编：朱翔&周瑞祥&刘新民）,output\教材封面\6f\6f944bbd-8d12-42db-918e-73bf2dc326dc.jpg,True
1a365ec1-8757-4350-950f-ba4dc681fe20,初中,地理图册,七年级,上册,配套晋教版,（根据2022年版课程标准修订）义务教育教科书•地理图册（骆建军）七年级上册,output\教材封面\1a\1a365ec1-8757-4350-950f-ba4dc681fe20.jpg,True
0b3c7b99-ec86-4d74-983b-44819b8fa37e,初中,地理图册,七年级,下册,配套晋教版,（根据2022年版课程标准修订）义务教育教科书·地理图册七年级下册（主编：骆建军）,output\教材封面\0b\0b3c7b99-ec86-4d74-983b-44819b8fa37e.jpg,True
10979b9f-96ea-452d-8bda-e070c8a23105,初中,地理图册,八年级,上册,配套晋教版,（根据2022年版课程标准修订）义务教育教科书•地理图册（骆建军）八年级上册,output\教材封面\10\10979b9f-96ea-452d-8bda-e070c8a23105.jpg,True
b6ecee11-59f3-4c08-b2d5-a8b014b178fd,初中,地理图册,八年级,下册,配套晋教版,（根据2022年版课程标准修订）义务教育教科书·地理图册八年级下册（主编：骆建军）,output\教材封面\b6\b6ecee11-59f3-4c08-b2d5-a8b014b178fd.jpg,True
d71ec9cc-a61f-4e5e-9133-6b0804a3df89,初中,地理图册,七年级,上册,配套粤教粤人版,（根据2022年版课程标准修订）义务教育教科书•地理图册（李亚平）七年级上册,output\教材封面\d7\d71ec9cc-a61f-4e5e-9133-6b0804a3df89.jpg,True
cbd1e906-73d1-4bc3-8a51-4fda289e22fb,初中,地理图册,七年级,下册,配套粤教粤人版,（根据2022年版课程标准修订）义务教育教科书·地理图册七年级下册,output\教材封面\cb\cbd1e906-73d1-4bc3-8a51-4fda289e22fb.jpg,True
a8b3d0aa-8d44-4d81-b5d5-e4d6cd85e33e,初中,地理图册,八年级,上册,配套湘教版,（根据2022年版课程标准修订）义务教育教科书•地理图册（朱翔，周瑞祥）八年级上册,output\教材封面\a8\a8b3d0aa-8d44-4d81-b5d5-e4d6cd85e33e.jpg,True
00c06417-f829-4d09-9ff1-2a0e87ab07c5,初中,地理图册,八年级,下册,配套粤教粤人版,（根据2022年版课程标准修订）义务教育教科书·地理图册八年级下册,output\教材封面\00\00c06417-f829-4d09-9ff1-2a0e87ab07c5.jpg,True
68e5cd23-7427-4bed-bfb7-45618b97daf6,初中,地理图册,七年级,上册,配套人教版,（根据2022年版课程标准修订）义务教育教科书•地理图册（高俊昌，田忠）七年级上册,output\教材封面\68\68e5cd23-7427-4bed-bfb7-45618b97daf6.jpg,True
61c1149a-6738-4331-a818-c4d9ef686534,初中,地理图册,七年级,下册,配套人教版,（根据2022年版课程标准修订）义务教育教科书·地理图册七年级下册（主编：高俊昌&田忠）,output\教材封面\61\61c1149a-6738-4331-a818-c4d9ef686534.jpg,True
989565fb-e481-437f-8f35-8a08b23bd785,初中,地理图册,八年级,上册,配套人教版,（根据2022年版课程标准修订）义务教育教科书·地理图册八年级上册（主编：高俊昌&田忠）,output\教材封面\98\989565fb-e481-437f-8f35-8a08b23bd785.jpg,True
60936e40-35d0-457c-8787-291c97b4d0e6,初中,地理图册,八年级,下册,配套人教版,（根据2022年版课程标准修订）义务教育教科书·地理图册八年级下册（主编：高俊昌&田忠）,output\教材封面\60\60936e40-35d0-457c-8787-291c97b4d0e6.jpg,True
b242b637-8393-4bf4-af95-eacbf4cdfd51,初中,地理图册,七年级,上册,配套中图版（主编：王民&田忠）,（根据2022年版课程标准修订）义务教育教科书•地理图册（王民）七年级上册,output\教材封面\b2\b242b637-8393-4bf4-af95-eacbf4cdfd51.jpg,True
629da2f8-31ff-4523-8d59-31888d3a7b9b,初中,地理图册,七年级,下册,配套中图版（主编：王民&田忠）,（根据2022年版课程标准修订）义务教育教科书·地理图册七年级下册（主编：王民&田忠）,output\教材封面\62\629da2f8-31ff-4523-8d59-31888d3a7b9b.jpg,True
0529f557-d803-43f2-9464-c7b5bae4c81d,初中,地理图册,八年级,上册,配套中图版（主编：王民&田忠）,（根据2022年版课程标准修订）义务教育教科书·地理图册八年级上册（主编：王民&田忠）,output\教材封面\05\0529f557-d803-43f2-9464-c7b5bae4c81d.jpg,True
a4bea2ce-bfd5-42d0-92a3-e066850809ab,初中,地理图册,八年级,下册,配套中图版（主编：王民&田忠）,（根据2022年版课程标准修订）义务教育教科书·地理图册八年级下册（主编：王民&田忠）,output\教材封面\a4\a4bea2ce-bfd5-42d0-92a3-e066850809ab.jpg,True
10518785-a03c-49be-a6c6-335fc96ed4b3,初中,地理图册,七年级,上册,配套中图版（主编：高振奋）,（根据2022年版课程标准修订）义务教育教科书•地理图册(高振奋）七年级上册,output\教材封面\10\10518785-a03c-49be-a6c6-335fc96ed4b3.jpg,True
e5f8eafc-2e3d-4271-8afb-474b9edbc0de,初中,地理图册,七年级,下册,配套中图版（主编：高振奋）,（根据2022年版课程标准修订）义务教育教科书·地理图册七年级下册（主编：高振奋）,output\教材封面\e5\e5f8eafc-2e3d-4271-8afb-474b9edbc0de.jpg,True
bfd4cd69-f17f-414e-a374-475f1122e18b,初中,地理图册,八年级,上册,配套中图版（主编：高振奋）,（根据2022年版课程标准修订）义务教育教科书•地理图册(高振奋）八年级上册,output\教材封面\bf\bfd4cd69-f17f-414e-a374-475f1122e18b.jpg,True
3c45a0c6-419a-4c2a-bf33-7dfc7f468821,初中,地理图册,八年级,下册,配套中图版（主编：高振奋）,（根据2022年版课程标准修订）义务教育教科书·地理图册八年级下册（主编：高振奋）,output\教材封面\3c\3c45a0c6-419a-4c2a-bf33-7dfc7f468821.jpg,True
00e1144b-daab-4ed8-a178-0f75bce58dd6,小学（五•四学制）,语文·书法练习指导,三年级,上册,青岛版,义务教育三至五年级（五•四学制）·书法练习指导（实验）三年级上册,output\教材封面\00\00e1144b-daab-4ed8-a178-0f75bce58dd6.jpg,True
e9d7dc4e-b227-430f-8618-3c2dddc3bd53,小学（五•四学制）,语文·书法练习指导,三年级,下册,青岛版,义务教育三至五年级（五•四学制）·书法练习指导（实验）三年级下册,output\教材封面\e9\e9d7dc4e-b227-430f-8618-3c2dddc3bd53.jpg,True
4c20b809-f669-40ae-a2df-958048ab4a14,小学（五•四学制）,语文·书法练习指导,四年级,上册,青岛版,义务教育三至五年级（五•四学制）·书法练习指导（实验）四年级上册,output\教材封面\4c\4c20b809-f669-40ae-a2df-958048ab4a14.jpg,True
3471c0fe-3077-4336-9b35-2109d2cba90e,小学（五•四学制）,语文·书法练习指导,四年级,下册,青岛版,义务教育三至五年级（五•四学制）·书法练习指导（实验）四年级下册,output\教材封面\34\3471c0fe-3077-4336-9b35-2109d2cba90e.jpg,True
e7a7fd71-272f-4ad0-83a7-43f85476cefe,小学（五•四学制）,语文·书法练习指导,五年级,上册,青岛版,义务教育三至五年级（五•四学制）·书法练习指导（实验）五年级上册,output\教材封面\e7\e7a7fd71-272f-4ad0-83a7-43f85476cefe.jpg,True
737dbe85-f3b7-4fbb-a749-e02edb77cb4d,小学（五•四学制）,语文·书法练习指导,五年级,下册,青岛版,义务教育三至五年级（五•四学制）·书法练习指导（实验）五年级下册,output\教材封面\73\737dbe85-f3b7-4fbb-a749-e02edb77cb4d.jpg,True
1553984b-b9c5-4687-80c2-6dc8333c55f2,小学（五•四学制）,数学,一年级,上册,青岛版,（根据2022年版课程标准修订）义务教育教科书（五•四学制）·数学一年级上册,output\教材封面\15\1553984b-b9c5-4687-80c2-6dc8333c55f2.jpg,True
d533bf7d-cf73-40b3-a1f6-67cb7136a669,小学（五•四学制）,数学,一年级,下册,青岛版,（根据2022年版课程标准修订）义务教育教科书（五•四学制）·数学一年级下册,output\教材封面\d5\d533bf7d-cf73-40b3-a1f6-67cb7136a669.jpg,True
4ef2ab71-a2e2-4856-9876-d1bd9b7ce213,小学（五•四学制）,数学,二年级,上册,青岛版,（根据2022年版课程标准修订）义务教育教科书（五•四学制）·数学二年级上册,output\教材封面\4e\4ef2ab71-a2e2-4856-9876-d1bd9b7ce213.jpg,True
b0a3e541-c0a9-42a8-8aaf-438ca91daaa5,小学（五•四学制）,数学,二年级,下册,青岛版,（根据2022年版课程标准修订）义务教育教科书（五•四学制）·数学二年级下册,output\教材封面\b0\b0a3e541-c0a9-42a8-8aaf-438ca91daaa5.jpg,True
2f1b301f-60c9-443f-9f04-5f21f4e3b9ea,小学（五•四学制）,数学,三年级,上册,青岛版,（根据2022年版课程标准修订）义务教育教科书（五•四学制）·数学三年级上册,output\教材封面\2f\2f1b301f-60c9-443f-9f04-5f21f4e3b9ea.jpg,True
01f92c05-efcf-4f90-acf3-daafeece14f5,小学（五•四学制）,数学,三年级,下册,青岛版,（根据2022年版课程标准修订）义务教育教科书（五•四学制）·数学三年级下册,output\教材封面\01\01f92c05-efcf-4f90-acf3-daafeece14f5.jpg,True
51f5d4ab-fe7b-4c25-a6a3-d987730d5dcc,小学（五•四学制）,数学,四年级,上册,青岛版,义务教育教科书（五•四学制）·数学四年级上册,output\教材封面\51\51f5d4ab-fe7b-4c25-a6a3-d987730d5dcc.jpg,True
6fc612f4-b014-4d5c-8b0e-4e54633b0763,小学（五•四学制）,数学,四年级,下册,青岛版,义务教育教科书（五•四学制）·数学四年级下册,output\教材封面\6f\6fc612f4-b014-4d5c-8b0e-4e54633b0763.jpg,True
0b155b26-7765-47fa-ab6a-2b4652f2f669,小学（五•四学制）,数学,五年级,上册,青岛版,义务教育教科书（五•四学制）·数学五年级上册,output\教材封面\0b\0b155b26-7765-47fa-ab6a-2b4652f2f669.jpg,True
c385cb0b-767f-415c-acba-fa6b7902ef97,小学（五•四学制）,数学,五年级,下册,青岛版,义务教育教科书（五•四学制）·数学五年级下册,output\教材封面\c3\c385cb0b-767f-415c-acba-fa6b7902ef97.jpg,True
83730547-1ce4-4d7d-a638-0dba1ef9bc87,小学（五•四学制）,艺术·美术,一年级,上册,鲁教版,（根据2022年版课程标准修订）义务教育教科书（五•四学制）•艺术•美术一年级上册,output\教材封面\83\83730547-1ce4-4d7d-a638-0dba1ef9bc87.jpg,True
5afced66-44a7-4c2d-bee6-4c24a3532173,小学（五•四学制）,艺术·美术,一年级,下册,鲁教版,（根据2022年版课程标准修订）义务教育教科书（五•四学制）•艺术•美术一年级下册,output\教材封面\5a\5afced66-44a7-4c2d-bee6-4c24a3532173.jpg,True
2afd9a15-63a0-4b72-9db4-ddbbaef33c41,小学（五•四学制）,艺术·美术,二年级,上册,鲁教版,（根据2022年版课程标准修订）义务教育教科书（五•四学制）•艺术•美术二年级上册,output\教材封面\2a\2afd9a15-63a0-4b72-9db4-ddbbaef33c41.jpg,True
1323f4e0-17dd-4bb9-aab0-32215620eb3a,小学（五•四学制）,艺术·美术,二年级,下册,鲁教版,（根据2022年版课程标准修订）义务教育教科书（五•四学制）•艺术•美术二年级下册,output\教材封面\13\1323f4e0-17dd-4bb9-aab0-32215620eb3a.jpg,True
ceb90ad0-a5e1-4ea0-bd4d-d4f9b597c434,小学（五•四学制）,艺术·美术,三年级,上册,鲁教版,（根据2022年版课程标准修订）义务教育教科书（五•四学制）•艺术•美术三年级上册,output\教材封面\ce\ceb90ad0-a5e1-4ea0-bd4d-d4f9b597c434.jpg,True
7bb69e36-2708-481a-b2a1-b662380485de,小学（五•四学制）,艺术·美术,三年级,下册,鲁教版,（根据2022年版课程标准修订）义务教育教科书（五•四学制）•艺术•美术三年级下册,output\教材封面\7b\7bb69e36-2708-481a-b2a1-b662380485de.jpg,True
118b2938-3d25-48bf-ba03-a36f94a67dd7,小学（五•四学制）,艺术·美术,四年级,上册,鲁教版,义务教育教科书（五•四学制）·美术四年级上册,output\教材封面\11\118b2938-3d25-48bf-ba03-a36f94a67dd7.jpg,True
0ad38705-13f7-44fa-983d-c7631ace58cc,小学（五•四学制）,艺术·美术,四年级,下册,鲁教版,义务教育教科书（五•四学制）·美术四年级下册,output\教材封面\0a\0ad38705-13f7-44fa-983d-c7631ace58cc.jpg,True
138ac92f-e713-4cbb-ac0b-f6a2d66374a2,小学（五•四学制）,艺术·美术,五年级,上册,鲁教版,义务教育教科书（五•四学制）·美术五年级上册,output\教材封面\13\138ac92f-e713-4cbb-ac0b-f6a2d66374a2.jpg,True
c3f5de1e-555c-41cd-9ecb-f840757f3b58,小学（五•四学制）,艺术·美术,五年级,下册,鲁教版,义务教育教科书（五•四学制）·美术五年级下册,output\教材封面\c3\c3f5de1e-555c-41cd-9ecb-f840757f3b58.jpg,True
b31f8fe3-34f5-4f75-85c1-624cb1571f89,小学（五•四学制）,艺术·音乐,一年级,上册,鲁教版,（根据2022年版课程标准修订）义务教育教科书（五•四学制）•艺术•音乐（简谱）一年级上册,output\教材封面\b3\b31f8fe3-34f5-4f75-85c1-624cb1571f89.jpg,True
d925681a-3fc3-4220-a893-53f50a1a0b74,小学（五•四学制）,艺术·音乐,一年级,下册,鲁教版,（根据2022年版课程标准修订）义务教育教科书（五•四学制）•艺术•音乐（简谱）一年级下册,output\教材封面\d9\d925681a-3fc3-4220-a893-53f50a1a0b74.jpg,True
50275f1f-9f75-423f-be2c-a39efa945b0f,小学（五•四学制）,艺术·音乐,二年级,上册,鲁教版,（根据2022年版课程标准修订）义务教育教科书（五•四学制）•艺术•音乐（简谱）二年级上册,output\教材封面\50\50275f1f-9f75-423f-be2c-a39efa945b0f.jpg,True
0adfe3ae-c214-45db-b458-b23127d131a9,小学（五•四学制）,艺术·音乐,二年级,下册,鲁教版,（根据2022年版课程标准修订）义务教育教科书（五•四学制）•艺术•音乐（简谱）二年级下册,output\教材封面\0a\0adfe3ae-c214-45db-b458-b23127d131a9.jpg,True
8945ba71-b053-4ef1-b2fe-2cbf159fb491,小学（五•四学制）,艺术·音乐,三年级,上册,鲁教版,（根据2022年版课程标准修订）义务教育教科书（五•四学制）•艺术•音乐（简谱）三年级上册,output\教材封面\89\8945ba71-b053-4ef1-b2fe-2cbf159fb491.jpg,True
9d624eea-d2cc-440b-bb51-3d7984596d15,小学（五•四学制）,艺术·音乐,三年级,下册,鲁教版,（根据2022年版课程标准修订）义务教育教科书（五•四学制）•艺术•音乐（简谱）三年级下册,output\教材封面\9d\9d624eea-d2cc-440b-bb51-3d7984596d15.jpg,True
3be9cee4-4f6c-4bf2-90ed-9a31468792e0,小学（五•四学制）,艺术·音乐,四年级,上册,鲁教版,义务教育教科书（五•四学制）·音乐四年级上册,output\教材封面\3b\3be9cee4-4f6c-4bf2-90ed-9a31468792e0.jpg,True
91b2ae4d-f241-4fe6-9a5c-d8d214cf7daa,小学（五•四学制）,艺术·音乐,四年级,下册,鲁教版,义务教育教科书（五•四学制）·音乐四年级下册,output\教材封面\91\91b2ae4d-f241-4fe6-9a5c-d8d214cf7daa.jpg,True
6c1cf463-8b57-44b3-b7e5-9d7b7d3dcd07,小学（五•四学制）,艺术·音乐,五年级,上册,鲁教版,义务教育教科书（五•四学制）·音乐五年级上册,output\教材封面\6c\6c1cf463-8b57-44b3-b7e5-9d7b7d3dcd07.jpg,True
b25f7108-f909-4d10-a6f7-6cc12cd67f9b,小学（五•四学制）,艺术·音乐,五年级,下册,鲁教版,义务教育教科书（五•四学制）·音乐五年级下册,output\教材封面\b2\b25f7108-f909-4d10-a6f7-6cc12cd67f9b.jpg,True
ddd8b05c-38ec-4fdb-8759-62c3a0f7b457,小学（五•四学制）,英语,三年级,下册,鲁科版,（根据2022年版课程标准修订）义务教育教科书（五•四学制）·英语三年级下册,output\教材封面\dd\ddd8b05c-38ec-4fdb-8759-62c3a0f7b457.jpg,True
47e3b1ab-f8f2-4ee1-9067-fc480c55b7bc,小学（五•四学制）,英语,四年级,上册,鲁科版,（根据2022年版课程标准修订）义务教育教科书（五•四学制）·英语四年级上册,output\教材封面\47\47e3b1ab-f8f2-4ee1-9067-fc480c55b7bc.jpg,True
65ab4fe2-acb4-4001-b510-4e5e15022987,小学（五•四学制）,英语,四年级,下册,鲁科版,（根据2022年版课程标准修订）义务教育教科书（五•四学制）·英语四年级下册,output\教材封面\65\65ab4fe2-acb4-4001-b510-4e5e15022987.jpg,True
7d5fdeb6-e29e-4965-899c-cade3144ae9c,小学（五•四学制）,英语,五年级,上册,鲁科版,义务教育教科书（五•四学制）·英语五年级上册,output\教材封面\7d\7d5fdeb6-e29e-4965-899c-cade3144ae9c.jpg,True
1391ae53-2733-4d84-b178-a3b8def79ffd,小学（五•四学制）,英语,五年级,下册,鲁科版,义务教育教科书（五•四学制）·英语五年级下册,output\教材封面\13\1391ae53-2733-4d84-b178-a3b8def79ffd.jpg,True
337cbaba-fd13-40a4-bbea-336a5499f830,小学（五•四学制）,科学,一年级,上册,青岛版,（根据2022年版课程标准修订）义务教育教科书（五•四学制）·科学·学生活动手册一年级上册,output\教材封面\33\337cbaba-fd13-40a4-bbea-336a5499f830.jpg,True
0ae67859-14d5-4240-9f9f-053250bf27d1,小学（五•四学制）,科学,一年级,上册,青岛版,（根据2022年版课程标准修订）义务教育教科书（五•四学制）·科学一年级上册,output\教材封面\0a\0ae67859-14d5-4240-9f9f-053250bf27d1.jpg,True
01118ff4-e890-44be-be2e-c707ce83ed4e,小学（五•四学制）,科学,一年级,下册,青岛版,（根据2022年版课程标准修订）义务教育教科书（五•四学制）·科学·一年级下册,output\教材封面\01\01118ff4-e890-44be-be2e-c707ce83ed4e.jpg,True
31950cfc-3d63-42bc-ad37-db2ccfddb3dc,小学（五•四学制）,科学,二年级,上册,青岛版,义务教育教科书（五•四学制）·科学·学生活动手册二年级上册,output\教材封面\31\31950cfc-3d63-42bc-ad37-db2ccfddb3dc.jpg,True
81670678-edc0-4fe2-9613-c1a29e911c8c,小学（五•四学制）,科学,二年级,上册,青岛版,（根据2022年版课程标准修订）义务教育教科书（五•四学制）·科学二年级上册,output\教材封面\81\81670678-edc0-4fe2-9613-c1a29e911c8c.jpg,True
a68029c3-14b5-4762-b365-e22d0ce5c07a,小学（五•四学制）,科学,二年级,下册,青岛版,义务教育教科书（五•四学制）·科学·学生活动手册二年级下册,output\教材封面\a6\a68029c3-14b5-4762-b365-e22d0ce5c07a.jpg,True
4bce023f-5a65-4303-a229-e7eb9f39ebf7,小学（五•四学制）,科学,二年级,下册,青岛版,（根据2022年版课程标准修订）义务教育教科书（五•四学制）·科学二年级下册,output\教材封面\4b\4bce023f-5a65-4303-a229-e7eb9f39ebf7.jpg,True
0d39602c-2a51-4d42-a2ff-6290372b5c9a,小学（五•四学制）,科学,三年级,上册,青岛版,义务教育教科书（五•四学制）·科学·学生活动手册三年级上册,output\教材封面\0d\0d39602c-2a51-4d42-a2ff-6290372b5c9a.jpg,True
dfa5b3f3-7fe6-4ac2-9fe8-da2094388328,小学（五•四学制）,科学,三年级,上册,青岛版,（根据2022年版课程标准修订）义务教育教科书（五•四学制）·科学三年级上册,output\教材封面\df\dfa5b3f3-7fe6-4ac2-9fe8-da2094388328.jpg,True
fb445db8-5b26-4db9-bf1e-958f0b98aa38,小学（五•四学制）,科学,三年级,下册,青岛版,义务教育教科书（五•四学制）·科学·学生活动手册三年级下册,output\教材封面\fb\fb445db8-5b26-4db9-bf1e-958f0b98aa38.jpg,True
2320fd9d-6cc5-4c90-a758-bd860ee4ca39,小学（五•四学制）,科学,三年级,下册,青岛版,（根据2022年版课程标准修订）义务教育教科书（五•四学制）·科学三年级下册,output\教材封面\23\2320fd9d-6cc5-4c90-a758-bd860ee4ca39.jpg,True
feb832d5-b4f1-4970-8eec-7414634b69ac,小学（五•四学制）,科学,四年级,上册,青岛版,义务教育教科书（五•四学制）·科学·学生活动手册四年级上册,output\教材封面\fe\feb832d5-b4f1-4970-8eec-7414634b69ac.jpg,True
dd6c7ecd-91df-41e3-b7d7-7c542666fc62,小学（五•四学制）,科学,四年级,上册,青岛版,义务教育教科书（五•四学制）·科学四年级上册,output\教材封面\dd\dd6c7ecd-91df-41e3-b7d7-7c542666fc62.jpg,True
ed226d95-156e-4f9e-966d-62d052609ebc,小学（五•四学制）,科学,四年级,下册,青岛版,义务教育教科书（五•四学制）·科学·学生活动手册四年级下册,output\教材封面\ed\ed226d95-156e-4f9e-966d-62d052609ebc.jpg,True
81cbf67e-6878-4920-8dfa-8ff97a1b2792,小学（五•四学制）,科学,四年级,下册,青岛版,义务教育教科书（五•四学制）·科学四年级下册,output\教材封面\81\81cbf67e-6878-4920-8dfa-8ff97a1b2792.jpg,True
daf04e99-52bf-4381-a98b-f4e5f285d8e9,小学（五•四学制）,科学,五年级,上册,青岛版,义务教育教科书（五•四学制）·科学·学生活动手册五年级上册,output\教材封面\da\daf04e99-52bf-4381-a98b-f4e5f285d8e9.jpg,True
c7166428-68a2-4512-9bde-f9f9cc38cb7d,小学（五•四学制）,科学,五年级,上册,青岛版,义务教育教科书（五•四学制）·科学五年级上册,output\教材封面\c7\c7166428-68a2-4512-9bde-f9f9cc38cb7d.jpg,True
d91065d1-8e4b-4ab7-a4c5-c2a7a1a95f4f,小学（五•四学制）,科学,五年级,下册,青岛版,义务教育教科书（五•四学制）·科学·学生活动手册五年级下册,output\教材封面\d9\d91065d1-8e4b-4ab7-a4c5-c2a7a1a95f4f.jpg,True
df3dd214-2019-4b16-8399-64ba44b9c10a,小学（五•四学制）,科学,五年级,下册,青岛版,义务教育教科书（五•四学制）·科学五年级下册,output\教材封面\df\df3dd214-2019-4b16-8399-64ba44b9c10a.jpg,True
437cc71c-b382-467e-b3d4-256222913fe7,初中（五•四学制）,数学,六年级,上册,人教版,（根据2022年版课程标准修订）义务教育教科书（五•四学制）·数学六年级上册,output\教材封面\43\437cc71c-b382-467e-b3d4-256222913fe7.jpg,True
aaaa7072-973a-4779-b934-f33e29a74146,初中（五•四学制）,数学,六年级,下册,人教版,（根据2022年版课程标准修订）义务教育教科书（五•四学制）·数学六年级下册,output\教材封面\aa\aaaa7072-973a-4779-b934-f33e29a74146.jpg,True
3bb14797-dc29-416f-ae7c-b6cd2f6b12d8,初中（五•四学制）,数学,七年级,上册,人教版,（根据2022年版课程标准修订）义务教育教科书（五•四学制）·数学七年级上册,output\教材封面\3b\3bb14797-dc29-416f-ae7c-b6cd2f6b12d8.jpg,True
bc6aee88-218e-40aa-bd88-636a085b5157,初中（五•四学制）,数学,七年级,下册,人教版,（根据2022年版课程标准修订）义务教育教科书（五•四学制）·数学七年级下册,output\教材封面\bc\bc6aee88-218e-40aa-bd88-636a085b5157.jpg,True
75dc3278-6e09-4a7a-8e2c-80495b953207,初中（五•四学制）,数学,八年级,上册,人教版,义务教育教科书（五•四学制）·数学八年级上册,output\教材封面\75\75dc3278-6e09-4a7a-8e2c-80495b953207.jpg,True
bd5c6963-09b0-4903-9e3f-7df3866e5768,初中（五•四学制）,数学,八年级,下册,人教版,义务教育教科书（五•四学制）·数学八年级下册,output\教材封面\bd\bd5c6963-09b0-4903-9e3f-7df3866e5768.jpg,True
b706ee72-78f5-4828-a376-f7ab4048787b,初中（五•四学制）,数学,九年级,上册,人教版,义务教育教科书（五•四学制）·数学九年级上册,output\教材封面\b7\b706ee72-78f5-4828-a376-f7ab4048787b.jpg,True
33b13c25-6a92-476f-a7dd-929f78c9e2d5,初中（五•四学制）,数学,九年级,下册,人教版,义务教育教科书（五•四学制）·数学九年级下册,output\教材封面\33\33b13c25-6a92-476f-a7dd-929f78c9e2d5.jpg,True
1f51a3db-2364-4187-be51-fa8d65377ecb,初中（五•四学制）,数学,六年级,上册,鲁教版,（根据2022年版课程标准修订）义务教育教科书（五•四学制）•数学六年级上册,output\教材封面\1f\1f51a3db-2364-4187-be51-fa8d65377ecb.jpg,True
7babfb85-3808-4789-8b6c-0ddd66feb85b,初中（五•四学制）,数学,六年级,下册,鲁教版,（根据2022年版课程标准修订）义务教育教科书（五•四学制）·数学六年级下册,output\教材封面\7b\7babfb85-3808-4789-8b6c-0ddd66feb85b.jpg,True
5b9ea73f-308c-4157-849d-beaa6bb48a6d,初中（五•四学制）,数学,七年级,上册,鲁教版,（根据2022年版课程标准修订）义务教育教科书（五•四学制）•数学七年级上册,output\教材封面\5b\5b9ea73f-308c-4157-849d-beaa6bb48a6d.jpg,True
5c7b6d21-643f-43ec-afa2-e6ee007d1c3b,初中（五•四学制）,数学,七年级,下册,鲁教版,（根据2022年版课程标准修订）义务教育教科书（五•四学制）·数学七年级下册,output\教材封面\5c\5c7b6d21-643f-43ec-afa2-e6ee007d1c3b.jpg,True
bdbfa861-90e9-4206-93ce-93d3b6e13c68,初中（五•四学制）,数学,八年级,上册,鲁教版,义务教育教科书（五•四学制）·数学八年级上册,output\教材封面\bd\bdbfa861-90e9-4206-93ce-93d3b6e13c68.jpg,True
cfcad318-999c-4332-bccc-b2bde9cf9861,初中（五•四学制）,数学,八年级,下册,鲁教版,义务教育教科书（五•四学制）·数学八年级下册,output\教材封面\cf\cfcad318-999c-4332-bccc-b2bde9cf9861.jpg,True
e44ca345-a4f5-48b7-b5c5-28e4e740afc0,初中（五•四学制）,数学,九年级,上册,鲁教版,义务教育教科书（五•四学制）·数学九年级上册,output\教材封面\e4\e44ca345-a4f5-48b7-b5c5-28e4e740afc0.jpg,True
ecae8feb-5133-4e90-844a-99b0148e4e80,初中（五•四学制）,数学,九年级,下册,鲁教版,义务教育教科书（五•四学制）·数学九年级下册,output\教材封面\ec\ecae8feb-5133-4e90-844a-99b0148e4e80.jpg,True
f25db5d1-0353-4bc7-9f1d-7e1fe00adbb1,初中（五•四学制）,艺术·美术,六年级,上册,鲁教版,（根据2022年版课程标准修订）义务教育教科书（五•四学制）•美术六年级上册,output\教材封面\f2\f25db5d1-0353-4bc7-9f1d-7e1fe00adbb1.jpg,True
fe7a8637-76b6-4d94-811d-b4b472a13c4b,初中（五•四学制）,艺术·美术,六年级,下册,鲁教版,（根据2022年版课程标准修订）义务教育教科书（五•四学制）·美术六年级下册,output\教材封面\fe\fe7a8637-76b6-4d94-811d-b4b472a13c4b.jpg,True
520c1ced-5df9-41f5-92b7-55aee517913d,初中（五•四学制）,艺术·美术,七年级,上册,鲁教版,（根据2022年版课程标准修订）义务教育教科书（五•四学制）·美术七年级上册,output\教材封面\52\520c1ced-5df9-41f5-92b7-55aee517913d.jpg,True
c1c1092b-022a-4b31-9189-21d3559a857d,初中（五•四学制）,艺术·美术,七年级,下册,鲁教版,（根据2022年版课程标准修订）义务教育教科书（五•四学制）·美术七年级下册,output\教材封面\c1\c1c1092b-022a-4b31-9189-21d3559a857d.jpg,True
a3255ddc-f367-4914-bec9-6ff188e78fe1,初中（五•四学制）,艺术·美术,八年级,上册,鲁教版,义务教育教科书（五•四学制）·美术八年级上册,output\教材封面\a3\a3255ddc-f367-4914-bec9-6ff188e78fe1.jpg,True
cfc33d80-cb5a-48a6-9d17-68a6a62e34f3,初中（五•四学制）,艺术·美术,八年级,下册,鲁教版,义务教育教科书（五•四学制）·美术八年级下册,output\教材封面\cf\cfc33d80-cb5a-48a6-9d17-68a6a62e34f3.jpg,True
bf5ab95d-d94c-46ff-b5dd-0a260e74c9f4,初中（五•四学制）,艺术·美术,九年级,上册,鲁教版,义务教育教科书（五•四学制）·美术九年级上册,output\教材封面\bf\bf5ab95d-d94c-46ff-b5dd-0a260e74c9f4.jpg,True
5eabc716-91c7-49c7-905c-32a89d0c9129,初中（五•四学制）,艺术·美术,九年级,下册,鲁教版,义务教育教科书（五•四学制）·美术九年级下册,output\教材封面\5e\5eabc716-91c7-49c7-905c-32a89d0c9129.jpg,True
69ac1a5a-770f-40bc-b941-fa98d0a0541b,初中（五•四学制）,艺术·音乐,六年级,上册,鲁教版,（根据2022年版课程标准修订）义务教育教科书（五•四学制）•艺术•音乐（简谱）六年级上册,output\教材封面\69\69ac1a5a-770f-40bc-b941-fa98d0a0541b.jpg,True
4f89ce26-e1c9-45f0-8a14-010c202f98b8,初中（五•四学制）,艺术·音乐,六年级,下册,鲁教版,（根据2022年版课程标准修订）义务教育教科书（五•四学制）·音乐六年级下册,output\教材封面\4f\4f89ce26-e1c9-45f0-8a14-010c202f98b8.jpg,True
7ea88531-ad4d-4e41-9820-f83f49f04f04,初中（五•四学制）,艺术·音乐,七年级,上册,鲁教版,（根据2022年版课程标准修订）义务教育教科书（五•四学制）•艺术•音乐（简谱）七年级上册,output\教材封面\7e\7ea88531-ad4d-4e41-9820-f83f49f04f04.jpg,True
5bd52c33-b0c6-4498-a767-2216477b17eb,初中（五•四学制）,艺术·音乐,七年级,下册,鲁教版,（根据2022年版课程标准修订）义务教育教科书（五•四学制）·音乐七年级下册,output\教材封面\5b\5bd52c33-b0c6-4498-a767-2216477b17eb.jpg,True
26790587-77c3-4aa6-99e8-6b617efdbe4e,初中（五•四学制）,艺术·音乐,八年级,上册,鲁教版,义务教育教科书（五•四学制）·音乐八年级上册,output\教材封面\26\26790587-77c3-4aa6-99e8-6b617efdbe4e.jpg,True
e23f7d60-52f3-4644-8c7a-78eac7654023,初中（五•四学制）,艺术·音乐,八年级,下册,鲁教版,义务教育教科书（五•四学制）·音乐八年级下册,output\教材封面\e2\e23f7d60-52f3-4644-8c7a-78eac7654023.jpg,True
b3c3bd9e-d10f-4d20-826c-2a3e6ea113c0,初中（五•四学制）,艺术·音乐,九年级,上册,鲁教版,义务教育教科书（五•四学制）·音乐九年级上册,output\教材封面\b3\b3c3bd9e-d10f-4d20-826c-2a3e6ea113c0.jpg,True
11933a47-43ef-47ae-a584-ba78a64b2490,初中（五•四学制）,艺术·音乐,九年级,下册,鲁教版,义务教育教科书（五•四学制）·音乐九年级下册,output\教材封面\11\11933a47-43ef-47ae-a584-ba78a64b2490.jpg,True
3ccf9708-fbd0-48a0-931f-4f7cadacd504,初中（五•四学制）,英语,六年级,上册,教科版,（根据2022年版课程标准修订）义务教育教科书（五•四学制）•英语六年级上册,output\教材封面\3c\3ccf9708-fbd0-48a0-931f-4f7cadacd504.jpg,True
3baf3343-a329-4a75-bace-cf012ff6d13e,初中（五•四学制）,英语,六年级,下册,教科版,（根据2022年版课程标准修订）义务教育教科书（五•四学制）·英语六年级下册,output\教材封面\3b\3baf3343-a329-4a75-bace-cf012ff6d13e.jpg,True
05ca4b0d-230a-42de-974a-0f33464b8301,初中（五•四学制）,英语,七年级,上册,教科版,（根据2022年版课程标准修订）义务教育教科书·英语（五四学制）七年级上册,output\教材封面\05\05ca4b0d-230a-42de-974a-0f33464b8301.jpg,True
8a8de067-2f77-4e91-98e3-318239db470e,初中（五•四学制）,英语,七年级,下册,教科版,（根据2022年版课程标准修订）义务教育教科书（五•四学制）·英语七年级下册,output\教材封面\8a\8a8de067-2f77-4e91-98e3-318239db470e.jpg,True
9bfa9181-ca0d-4fa2-b185-e8951a5f05cf,初中（五•四学制）,英语,八年级,上册,教科版,义务教育教科书（五•四学制）·英语八年级上册,output\教材封面\9b\9bfa9181-ca0d-4fa2-b185-e8951a5f05cf.jpg,True
a5cd58b0-f965-44fa-8858-eacd8f15fe23,初中（五•四学制）,英语,八年级,下册,教科版,义务教育教科书（五•四学制）·英语八年级下册,output\教材封面\a5\a5cd58b0-f965-44fa-8858-eacd8f15fe23.jpg,True
d4d80d24-7eb9-4f46-bc73-0e70553b3400,初中（五•四学制）,英语,九年级,上册,教科版,义务教育教科书（五•四学制）·英语九年级上册,output\教材封面\d4\d4d80d24-7eb9-4f46-bc73-0e70553b3400.jpg,True
6710272b-c226-4cbd-8e50-d9bb1a343961,初中（五•四学制）,英语,九年级,下册,教科版,义务教育教科书（五•四学制）·英语九年级下册,output\教材封面\67\6710272b-c226-4cbd-8e50-d9bb1a343961.jpg,True
713c659a-6ee5-4dc0-a6e4-4f92ce2503b5,初中（五•四学制）,英语,六年级,下册,鲁教版,（根据2022年版课程标准修订）义务教育教科书（五•四学制）·英语六年级下册,output\教材封面\71\713c659a-6ee5-4dc0-a6e4-4f92ce2503b5.jpg,True
14068cd3-4615-45db-9e21-ecdd28306a3b,初中（五•四学制）,英语,七年级,上册,鲁教版,（根据2022年版课程标准修订）义务教育教科书（五•四学制）·英语七年级上册,output\教材封面\14\14068cd3-4615-45db-9e21-ecdd28306a3b.jpg,True
3aa28c0b-c2df-4662-b474-055e5e2f7689,初中（五•四学制）,英语,七年级,下册,鲁教版,（根据2022年版课程标准修订）义务教育教科书（五•四学制）·英语七年级下册,output\教材封面\3a\3aa28c0b-c2df-4662-b474-055e5e2f7689.jpg,True
68bbb81e-75e7-4fb4-a266-07607fc9a6a6,初中（五•四学制）,英语,八年级,上册,鲁教版,义务教育教科书（五•四学制）·英语八年级上册,output\教材封面\68\68bbb81e-75e7-4fb4-a266-07607fc9a6a6.jpg,True
4e9dbc63-e230-4aea-84e4-b8a295079303,初中（五•四学制）,英语,八年级,下册,鲁教版,义务教育教科书（五•四学制）·英语八年级下册,output\教材封面\4e\4e9dbc63-e230-4aea-84e4-b8a295079303.jpg,True
830ebaf5-86d4-417d-b4f0-c17e757d733d,初中（五•四学制）,英语,九年级,全一册,鲁教版,义务教育教科书（五•四学制）·英语九年级全一册,output\教材封面\83\830ebaf5-86d4-417d-b4f0-c17e757d733d.jpg,True
70a2429e-df65-4407-a76a-e55955c69c66,初中（五•四学制）,生物学,六年级,上册,鲁科版,（根据2022年版课程标准修订）义务教育教科书（五•四学制）•生物学六年级上册,output\教材封面\70\70a2429e-df65-4407-a76a-e55955c69c66.jpg,True
719353c8-c2f3-4c7d-b112-4c26995017ed,初中（五•四学制）,生物学,六年级,下册,鲁科版,（根据2022年版课程标准修订）义务教育教科书（五•四学制）·生物学六年级下册,output\教材封面\71\719353c8-c2f3-4c7d-b112-4c26995017ed.jpg,True
76bbe6b4-1e7f-4a77-a143-efc8a8c2a8b3,初中（五•四学制）,生物学,七年级,上册,鲁科版,（根据2022年版课程标准修订）义务教育教科书（五•四学制）·生物学七年级上册,output\教材封面\76\76bbe6b4-1e7f-4a77-a143-efc8a8c2a8b3.jpg,True
3c2b99bf-fd7d-449c-aa04-83057544e9ee,初中（五•四学制）,生物学,七年级,下册,鲁科版,（根据2022年版课程标准修订）义务教育教科书（五•四学制）·生物学七年级下册,output\教材封面\3c\3c2b99bf-fd7d-449c-aa04-83057544e9ee.jpg,True
c16a6b6d-3566-4d66-8b28-6fe72a0a6fc8,初中（五•四学制）,生物学,八年级,上册,鲁科版,义务教育教科书（五•四学制）·生物学八年级上册,output\教材封面\c1\c16a6b6d-3566-4d66-8b28-6fe72a0a6fc8.jpg,True
e2e8e6a0-5cfc-4875-90fe-fcba87540f0c,初中（五•四学制）,生物学,八年级,下册,鲁科版,义务教育教科书（五•四学制）·生物学八年级下册,output\教材封面\e2\e2e8e6a0-5cfc-4875-90fe-fcba87540f0c.jpg,True
6c51008a-0590-4f88-952f-e3b5fc635111,初中（五•四学制）,地理,六年级,上册,鲁教版,（根据2022年版课程标准修订）义务教育教科书（五•四学制）•地理六年级上册,output\教材封面\6c\6c51008a-0590-4f88-952f-e3b5fc635111.jpg,True
396b3846-1aa9-4c12-af71-e7718606ae09,初中（五•四学制）,地理,六年级,下册,鲁教版,（根据2022年版课程标准修订）义务教育教科书（五•四学制）·地理六年级下册,output\教材封面\39\396b3846-1aa9-4c12-af71-e7718606ae09.jpg,True
1fa68bc8-3031-4b7a-9e2f-31937372dee0,初中（五•四学制）,地理,七年级,上册,鲁教版,（根据2022年版课程标准修订）义务教育教科书（五•四学制）•地理七年级上册,output\教材封面\1f\1fa68bc8-3031-4b7a-9e2f-31937372dee0.jpg,True
a289d7ec-70af-4299-921e-ea0f4161c376,初中（五•四学制）,地理,七年级,下册,鲁教版,（根据2022年版课程标准修订）义务教育教科书（五•四学制）·地理七年级下册,output\教材封面\a2\a289d7ec-70af-4299-921e-ea0f4161c376.jpg,True
7d279671-e0d6-4bd7-8ccd-51ee34c5d147,初中（五•四学制）,物理,八年级,上册,鲁科版,（根据2022年版课程标准修订）义务教育教科书（五•四学制）•物理八年级上册,output\教材封面\7d\7d279671-e0d6-4bd7-8ccd-51ee34c5d147.jpg,True
3702d886-3f57-47ec-9f2d-c963ccb901ac,初中（五•四学制）,物理,八年级,下册,鲁科版,（根据2022年版课程标准修订）义务教育教科书（五•四学制）·物理八年级下册,output\教材封面\37\3702d886-3f57-47ec-9f2d-c963ccb901ac.jpg,True
1569fd57-173c-4a65-9184-eac9efe13c22,初中（五•四学制）,物理,九年级,上册,鲁科版,（根据2022年版课程标准修订）义务教育教科书（五•四学制）·物理九年级上册,output\教材封面\15\1569fd57-173c-4a65-9184-eac9efe13c22.jpg,True
8937fb8a-2f52-4d02-9341-65c3797a1e45,初中（五•四学制）,物理,九年级,下册,鲁科版,（根据2022年版课程标准修订）义务教育教科书（五•四学制）·物理九年级下册,output\教材封面\89\8937fb8a-2f52-4d02-9341-65c3797a1e45.jpg,True
29d7ea64-d588-4594-b06c-21412e8c0597,初中（五•四学制）,化学,八年级,全一册,人教版,（根据2022年版课程标准修订）义务教育教科书（五•四学制）·化学八年级全一册,output\教材封面\29\29d7ea64-d588-4594-b06c-21412e8c0597.jpg,True
85fcce9b-ed0c-44cd-aa3a-e46ab38d5dab,初中（五•四学制）,化学,九年级,全一册,人教版,（根据2022年版课程标准修订）义务教育教科书（五•四学制）·化学九年级全一册,output\教材封面\85\85fcce9b-ed0c-44cd-aa3a-e46ab38d5dab.jpg,True
f21039d7-8d9e-4fd8-9c47-d420c3017231,初中（五•四学制）,化学,八年级,全一册,鲁教版,（根据2022年版课程标准修订）义务教育教科书（五•四学制）•化学八年级全一册,output\教材封面\f2\f21039d7-8d9e-4fd8-9c47-d420c3017231.jpg,True
032996c5-8ba6-4690-8172-7db84f860310,初中（五•四学制）,化学,九年级,全一册,鲁教版,（根据2022年版课程标准修订）义务教育教科书（五•四学制）•化学九年级全一册,output\教材封面\03\032996c5-8ba6-4690-8172-7db84f860310.jpg,True
b8e9a3fe-dae7-49c0-86cb-d146f883fd8e,高中,语文,高中年级,必修 上册,统编版,普通高中教科书·语文必修 上册,output\教材封面\b8\b8e9a3fe-dae7-49c0-86cb-d146f883fd8e.jpg,True
9085151a-b698-4b28-8c00-2c4aaf0c91ad,高中,语文,高中年级,必修 下册,统编版,普通高中教科书·语文必修 下册,output\教材封面\90\9085151a-b698-4b28-8c00-2c4aaf0c91ad.jpg,True
3b7a3baf-4e1e-4380-b2cc-3bf330d00cc3,高中,语文,高中年级,选择性必修 上册,统编版,普通高中教科书·语文选择性必修 上册,output\教材封面\3b\3b7a3baf-4e1e-4380-b2cc-3bf330d00cc3.jpg,True
da694670-f25b-46a0-9c3f-a31f5a2f131a,高中,语文,高中年级,选择性必修 中册,统编版,普通高中教科书·语文选择性必修 中册,output\教材封面\da\da694670-f25b-46a0-9c3f-a31f5a2f131a.jpg,True
2de54e6d-1f82-4fdc-9f26-c94dfed9c5af,高中,语文,高中年级,选择性必修 下册,统编版,普通高中教科书·语文选择性必修 下册,output\教材封面\2d\2de54e6d-1f82-4fdc-9f26-c94dfed9c5af.jpg,True
6e764703-6e5e-4ea3-9462-34652c2678ef,高中,数学,高中年级,必修 第一册,人教A版,普通高中教科书·数学（A版）必修 第一册,output\教材封面\6e\6e764703-6e5e-4ea3-9462-34652c2678ef.jpg,True
d296fc79-8d47-4b18-862c-6df49adc2ce0,高中,数学,高中年级,必修 第二册,人教A版,普通高中教科书·数学（A版）必修 第二册,output\教材封面\d2\d296fc79-8d47-4b18-862c-6df49adc2ce0.jpg,True
d0fd2c1f-6b4f-43f0-8229-de0a53b197df,高中,数学,高中年级,选择性必修 第一册,人教A版,普通高中教科书·数学（A版）选择性必修 第一册,output\教材封面\d0\d0fd2c1f-6b4f-43f0-8229-de0a53b197df.jpg,True
99c1fb5b-d1e0-4238-90b9-a573ab84bf08,高中,数学,高中年级,选择性必修 第二册,人教A版,普通高中教科书·数学（A版）选择性必修 第二册,output\教材封面\99\99c1fb5b-d1e0-4238-90b9-a573ab84bf08.jpg,True
ffaba6c3-497d-47b0-b91a-784f43625507,高中,数学,高中年级,选择性必修 第三册,人教A版,普通高中教科书·数学（A版）选择性必修 第三册,output\教材封面\ff\ffaba6c3-497d-47b0-b91a-784f43625507.jpg,True
adb974b6-7312-4ad5-9adc-6e8d135eddbc,高中,数学,高中年级,必修 第一册,人教版（B版）（主编：高存明）,普通高中教科书·数学（B版）必修 第一册,output\教材封面\ad\adb974b6-7312-4ad5-9adc-6e8d135eddbc.jpg,True
02011dad-8881-4a85-8476-8aeb69e6eb54,高中,数学,高中年级,必修 第二册,人教版（B版）（主编：高存明）,普通高中教科书·数学（B版）必修 第二册,output\教材封面\02\02011dad-8881-4a85-8476-8aeb69e6eb54.jpg,True
b1c260b8-c917-4751-b095-9863f69c8f77,高中,数学,高中年级,必修 第三册,人教版（B版）（主编：高存明）,普通高中教科书·数学（B版）必修 第三册,output\教材封面\b1\b1c260b8-c917-4751-b095-9863f69c8f77.jpg,True
350da632-7888-42fb-afc5-a022adaa28ac,高中,数学,高中年级,必修 第四册,人教版（B版）（主编：高存明）,普通高中教科书·数学（B版）必修 第四册,output\教材封面\35\350da632-7888-42fb-afc5-a022adaa28ac.jpg,True
47306eac-960e-4799-b600-1c23212779a8,高中,数学,高中年级,选择性必修 第一册,人教版（B版）（主编：高存明）,普通高中教科书·数学（B版）选择性必修 第一册,output\教材封面\47\47306eac-960e-4799-b600-1c23212779a8.jpg,True
89dcdee0-a094-433f-ba9f-f7a5a2dd7c24,高中,数学,高中年级,选择性必修 第二册,人教版（B版）（主编：高存明）,普通高中教科书·数学（B版）选择性必修 第二册,output\教材封面\89\89dcdee0-a094-433f-ba9f-f7a5a2dd7c24.jpg,True
92c2948c-2c0c-410b-bae0-22e9d592759b,高中,数学,高中年级,选择性必修 第三册,人教版（B版）（主编：高存明）,普通高中教科书·数学（B版）选择性必修 第三册,output\教材封面\92\92c2948c-2c0c-410b-bae0-22e9d592759b.jpg,True
b9b57499-3594-4ae3-a33b-4c440739c28a,高中,数学,高中年级,必修 第一册,北师大版,普通高中教科书·数学必修 第一册,output\教材封面\b9\b9b57499-3594-4ae3-a33b-4c440739c28a.jpg,True
4dbbf35b-31dc-4fde-88ba-8369a8999874,高中,数学,高中年级,必修 第二册,北师大版,普通高中教科书·数学必修 第二册,output\教材封面\4d\4dbbf35b-31dc-4fde-88ba-8369a8999874.jpg,True
6fd52efc-6395-4a42-b810-8810064d075e,高中,数学,高中年级,选择性必修 第一册,北师大版,普通高中教科书·数学选择性必修 第一册,output\教材封面\6f\6fd52efc-6395-4a42-b810-8810064d075e.jpg,True
2767a985-949c-416c-83b6-cce0bca67b03,高中,数学,高中年级,选择性必修 第二册,北师大版,普通高中教科书·数学选择性必修 第二册,output\教材封面\27\2767a985-949c-416c-83b6-cce0bca67b03.jpg,True
5136d0eb-69b1-43cb-81e2-9f5f52ed06ca,高中,数学,高中年级,必修 第一册,苏教版,普通高中教科书·数学必修 第一册,output\教材封面\51\5136d0eb-69b1-43cb-81e2-9f5f52ed06ca.jpg,True
066ef32a-2360-49b1-a862-680b40b0ab2a,高中,数学,高中年级,必修 第二册,苏教版,普通高中教科书·数学必修 第二册,output\教材封面\06\066ef32a-2360-49b1-a862-680b40b0ab2a.jpg,True
55265e13-60fd-4b6e-8eb3-c4ce84dfdbe7,高中,数学,高中年级,选择性必修 第一册,苏教版,普通高中教科书·数学选择性必修 第一册,output\教材封面\55\55265e13-60fd-4b6e-8eb3-c4ce84dfdbe7.jpg,True
833cae74-4d4d-4472-8f56-a99fa306af96,高中,数学,高中年级,选择性必修 第二册,苏教版,普通高中教科书·数学选择性必修 第二册,output\教材封面\83\833cae74-4d4d-4472-8f56-a99fa306af96.jpg,True
1cc53b27-108b-4d61-8948-ff135daadf77,高中,数学,高中年级,必修 第一册,鄂教版,普通高中教科书·数学必修 第一册,output\教材封面\1c\1cc53b27-108b-4d61-8948-ff135daadf77.jpg,True
807d9aac-53ac-4b3e-b254-e37f5298be6e,高中,数学,高中年级,必修 第二册,鄂教版,普通高中教科书·数学必修 第二册,output\教材封面\80\807d9aac-53ac-4b3e-b254-e37f5298be6e.jpg,True
9ce0ef2b-139f-496a-8e55-02a599826648,高中,数学,高中年级,必修 第三册,鄂教版,普通高中教科书·数学必修 第三册,output\教材封面\9c\9ce0ef2b-139f-496a-8e55-02a599826648.jpg,True
59292625-06b0-4cfd-a6af-4f3039e6ad80,高中,数学,高中年级,必修 第四册,鄂教版,普通高中教科书·数学必修 第四册,output\教材封面\59\59292625-06b0-4cfd-a6af-4f3039e6ad80.jpg,True
745e8f68-1a78-4f83-b0f5-e22df893c390,高中,数学,高中年级,选择性必修 第一册,鄂教版,普通高中教科书·数学选择性必修 第一册,output\教材封面\74\745e8f68-1a78-4f83-b0f5-e22df893c390.jpg,True
fa94efb7-3958-48d2-b4e3-0092464a97eb,高中,数学,高中年级,选择性必修 第二册,鄂教版,普通高中教科书·数学选择性必修 第二册,output\教材封面\fa\fa94efb7-3958-48d2-b4e3-0092464a97eb.jpg,True
5d704eba-eb45-4cae-9f13-07a943d25b9d,高中,数学,高中年级,选择性必修 第三册,鄂教版,普通高中教科书·数学选择性必修 第三册,output\教材封面\5d\5d704eba-eb45-4cae-9f13-07a943d25b9d.jpg,True
71ede6e4-951d-43a5-ae62-58bd9ec0a2a0,高中,数学,高中年级,必修 第一册,沪教版,普通高中教科书·数学必修 第一册,output\教材封面\71\71ede6e4-951d-43a5-ae62-58bd9ec0a2a0.jpg,True
5ac46cdf-5972-454f-b799-216329b8c2bc,高中,数学,高中年级,必修 第二册,沪教版,普通高中教科书·数学必修 第二册,output\教材封面\5a\5ac46cdf-5972-454f-b799-216329b8c2bc.jpg,True
dfa0f514-a260-4d5c-a00f-7e717ac1e63a,高中,数学,高中年级,必修 第三册,沪教版,普通高中教科书·数学必修 第三册,output\教材封面\df\dfa0f514-a260-4d5c-a00f-7e717ac1e63a.jpg,True
71b9d50c-aa99-4c34-859b-7aea35c0b11a,高中,数学,高中年级,必修 第四册,沪教版,普通高中教科书·数学必修 第四册,output\教材封面\71\71b9d50c-aa99-4c34-859b-7aea35c0b11a.jpg,True
c142386a-85de-4c44-bb42-29a70b50056e,高中,数学,高中年级,选择性必修 第一册,沪教版,普通高中教科书·数学选择性必修 第一册,output\教材封面\c1\c142386a-85de-4c44-bb42-29a70b50056e.jpg,True
24ca7cd7-8add-4661-85ac-5823dadf28e1,高中,数学,高中年级,选择性必修 第三册,沪教版,普通高中教科书·数学选择性必修 第三册,output\教材封面\24\24ca7cd7-8add-4661-85ac-5823dadf28e1.jpg,True
8e62f140-1990-411e-8831-59a69bb53c1d,高中,英语,高中年级,必修 第一册,人教版,普通高中教科书·英语必修 第一册,output\教材封面\8e\8e62f140-1990-411e-8831-59a69bb53c1d.jpg,True
144425f4-87a0-4a3a-82b7-ea7be112856c,高中,英语,高中年级,必修 第二册,人教版,普通高中教科书·英语必修 第二册,output\教材封面\14\144425f4-87a0-4a3a-82b7-ea7be112856c.jpg,True
bf54b36f-4c75-4c91-8b9c-53ce15e4f903,高中,英语,高中年级,必修 第三册,人教版,普通高中教科书·英语必修 第三册,output\教材封面\bf\bf54b36f-4c75-4c91-8b9c-53ce15e4f903.jpg,True
ec1adf40-7bf0-48a4-9902-89162f59277d,高中,英语,高中年级,选择性必修 第一册,人教版,普通高中教科书·英语选择性必修 第一册,output\教材封面\ec\ec1adf40-7bf0-48a4-9902-89162f59277d.jpg,True
0d537335-d02c-4774-85e2-7554c86fea7e,高中,英语,高中年级,选择性必修 第二册,人教版,普通高中教科书·英语选择性必修 第二册,output\教材封面\0d\0d537335-d02c-4774-85e2-7554c86fea7e.jpg,True
671e59b0-608f-49c6-8f23-e076decf27e2,高中,英语,高中年级,选择性必修 第三册,人教版,普通高中教科书·英语选择性必修 第三册,output\教材封面\67\671e59b0-608f-49c6-8f23-e076decf27e2.jpg,True
5f0829b2-fc05-479b-a51e-47f871598eba,高中,英语,高中年级,选择性必修 第四册,人教版,普通高中教科书·英语选择性必修 第四册,output\教材封面\5f\5f0829b2-fc05-479b-a51e-47f871598eba.jpg,True
e37af837-2671-4018-af45-c82356546822,高中,英语,高中年级,必修 第一册,北师大版,普通高中教科书·英语必修 第一册,output\教材封面\e3\e37af837-2671-4018-af45-c82356546822.jpg,True
f8c5c17e-8444-4b76-ba3a-5d6a9fce30e1,高中,英语,高中年级,必修 第二册,北师大版,普通高中教科书·英语必修 第二册,output\教材封面\f8\f8c5c17e-8444-4b76-ba3a-5d6a9fce30e1.jpg,True
1e2e7507-0db6-4505-af12-87baac887bc1,高中,英语,高中年级,必修 第三册,北师大版,普通高中教科书·英语必修 第三册,output\教材封面\1e\1e2e7507-0db6-4505-af12-87baac887bc1.jpg,True
f875a73c-bc44-4759-914c-6ee190f37360,高中,英语,高中年级,选择性必修 第一册,北师大版,普通高中教科书·英语选择性必修 第一册,output\教材封面\f8\f875a73c-bc44-4759-914c-6ee190f37360.jpg,True
1cf7d948-dffd-4707-bef6-d044c63797ee,高中,英语,高中年级,选择性必修 第二册,北师大版,普通高中教科书·英语选择性必修 第二册,output\教材封面\1c\1cf7d948-dffd-4707-bef6-d044c63797ee.jpg,True
e6a806b5-71b8-41f3-9ea6-ac31d07b23bd,高中,英语,高中年级,选择性必修 第三册,北师大版,普通高中教科书·英语选择性必修 第三册,output\教材封面\e6\e6a806b5-71b8-41f3-9ea6-ac31d07b23bd.jpg,True
c8ffa10a-2847-477b-9cbb-31b1cac42a20,高中,英语,高中年级,选择性必修 第四册,北师大版,普通高中教科书·英语选择性必修 第四册,output\教材封面\c8\c8ffa10a-2847-477b-9cbb-31b1cac42a20.jpg,True
d33e4538-ed9b-413f-813d-63929d3135d6,高中,英语,高中年级,必修 第一册,外研社版,普通高中教科书·英语必修 第一册,output\教材封面\d3\d33e4538-ed9b-413f-813d-63929d3135d6.jpg,True
4c0aa9c6-dac6-4907-af0a-576dba1074d4,高中,英语,高中年级,必修 第二册,外研社版,普通高中教科书·英语必修 第二册,output\教材封面\4c\4c0aa9c6-dac6-4907-af0a-576dba1074d4.jpg,True
889eca45-d327-4e23-9b7d-81ab9ec5eb5d,高中,英语,高中年级,必修 第三册,外研社版,普通高中教科书·英语必修 第三册,output\教材封面\88\889eca45-d327-4e23-9b7d-81ab9ec5eb5d.jpg,True
c3d289ec-97ba-40f4-b068-1bd6a2405b11,高中,英语,高中年级,选择性必修 第一册,外研社版,普通高中教科书·英语选择性必修 第一册,output\教材封面\c3\c3d289ec-97ba-40f4-b068-1bd6a2405b11.jpg,True
e1d9499b-2d8e-49c0-986a-8434ec95c8b7,高中,英语,高中年级,选择性必修 第二册,外研社版,普通高中教科书·英语选择性必修 第二册,output\教材封面\e1\e1d9499b-2d8e-49c0-986a-8434ec95c8b7.jpg,True
3833818d-30c5-4e08-a9b3-2da808a9e6d3,高中,英语,高中年级,选择性必修 第三册,外研社版,普通高中教科书·英语选择性必修 第三册,output\教材封面\38\3833818d-30c5-4e08-a9b3-2da808a9e6d3.jpg,True
ec94b647-8ff5-427f-a1a1-8e8bae07013f,高中,英语,高中年级,选择性必修 第四册,外研社版,普通高中教科书·英语选择性必修 第四册,output\教材封面\ec\ec94b647-8ff5-427f-a1a1-8e8bae07013f.jpg,True
cd1feeb4-b1db-4a44-9694-9d8c35ab02f5,高中,英语,高中年级,必修 第一册,译林版,普通高中教科书·英语必修 第一册,output\教材封面\cd\cd1feeb4-b1db-4a44-9694-9d8c35ab02f5.jpg,True
0cbeba0b-b97b-4289-9b4e-f3a96f1e5b85,高中,英语,高中年级,必修 第二册,译林版,普通高中教科书·英语必修 第二册,output\教材封面\0c\0cbeba0b-b97b-4289-9b4e-f3a96f1e5b85.jpg,True
35590078-42c3-4778-aa6b-5330fe4b8b5c,高中,英语,高中年级,必修 第三册,译林版,普通高中教科书·英语必修 第三册,output\教材封面\35\35590078-42c3-4778-aa6b-5330fe4b8b5c.jpg,True
2c7b457b-b325-4fe5-8a98-777bc9a43a3b,高中,英语,高中年级,选择性必修 第一册,译林版,普通高中教科书·英语选择性必修 第一册,output\教材封面\2c\2c7b457b-b325-4fe5-8a98-777bc9a43a3b.jpg,True
f5cf58a2-7084-4961-9b85-188262aee41b,高中,英语,高中年级,选择性必修 第二册,译林版,普通高中教科书·英语选择性必修 第二册,output\教材封面\f5\f5cf58a2-7084-4961-9b85-188262aee41b.jpg,True
d6da38b7-c9c4-49c9-8a30-53339903376a,高中,英语,高中年级,选择性必修 第三册,译林版,普通高中教科书·英语选择性必修 第三册,output\教材封面\d6\d6da38b7-c9c4-49c9-8a30-53339903376a.jpg,True
1a758899-7438-4f8b-9c2a-eb19ffb71b11,高中,英语,高中年级,选择性必修 第四册,译林版,普通高中教科书·英语选择性必修 第四册,output\教材封面\1a\1a758899-7438-4f8b-9c2a-eb19ffb71b11.jpg,True
b5e3de75-30a9-43e3-84e7-3d434be4fc26,高中,英语,高中年级,必修 第一册,冀教版,普通高中教科书·英语必修 第一册,output\教材封面\b5\b5e3de75-30a9-43e3-84e7-3d434be4fc26.jpg,True
7937d429-6eb5-488a-bb34-012a18e2dff9,高中,英语,高中年级,必修 第二册,冀教版,普通高中教科书·英语必修 第二册,output\教材封面\79\7937d429-6eb5-488a-bb34-012a18e2dff9.jpg,True
03f1440b-972d-4200-95d9-be54c5a45291,高中,英语,高中年级,必修 第三册,冀教版,普通高中教科书·英语必修 第三册,output\教材封面\03\03f1440b-972d-4200-95d9-be54c5a45291.jpg,True
896fab67-95a4-4dea-8352-674712beae14,高中,英语,高中年级,选择性必修 第一册,冀教版,普通高中教科书·英语选择性必修 第一册,output\教材封面\89\896fab67-95a4-4dea-8352-674712beae14.jpg,True
bfb3f0ef-ef21-460a-81dc-aef708da1976,高中,英语,高中年级,选择性必修 第二册,冀教版,普通高中教科书·英语选择性必修 第二册,output\教材封面\bf\bfb3f0ef-ef21-460a-81dc-aef708da1976.jpg,True
3027e9a6-73f4-4d2d-a183-26db604d37b8,高中,英语,高中年级,选择性必修 第三册,冀教版,普通高中教科书·英语选择性必修 第三册,output\教材封面\30\3027e9a6-73f4-4d2d-a183-26db604d37b8.jpg,True
0d275d16-4907-4596-8a98-345322326a74,高中,英语,高中年级,选择性必修 第四册,冀教版,普通高中教科书·英语选择性必修 第四册,output\教材封面\0d\0d275d16-4907-4596-8a98-345322326a74.jpg,True
2242421b-b3c6-4539-80f4-1c97547c77bf,高中,英语,高中年级,必修 第一册,重庆大学版,普通高中教科书·英语必修 第一册,output\教材封面\22\2242421b-b3c6-4539-80f4-1c97547c77bf.jpg,True
706b6a73-a09b-41f3-a8da-e78a5c0c10d1,高中,英语,高中年级,必修 第二册,重庆大学版,普通高中教科书·英语必修 第二册,output\教材封面\70\706b6a73-a09b-41f3-a8da-e78a5c0c10d1.jpg,True
7d9dda0a-fe3f-43d8-ab01-eb5e32b268b3,高中,英语,高中年级,必修 第三册,重庆大学版,普通高中教科书·英语必修 第三册,output\教材封面\7d\7d9dda0a-fe3f-43d8-ab01-eb5e32b268b3.jpg,True
b5e7a127-e926-4527-8d36-aedf32e720bc,高中,英语,高中年级,选择性必修 第一册,重庆大学版,普通高中教科书·英语选择性必修 第一册,output\教材封面\b5\b5e7a127-e926-4527-8d36-aedf32e720bc.jpg,True
4e2589f7-d5c8-4c4f-a5e3-9f7c9c98dc2b,高中,英语,高中年级,选择性必修 第二册,重庆大学版,普通高中教科书·英语选择性必修 第二册,output\教材封面\4e\4e2589f7-d5c8-4c4f-a5e3-9f7c9c98dc2b.jpg,True
df61a71e-a0cf-4280-9939-d96457babdc6,高中,英语,高中年级,选择性必修 第三册,重庆大学版,普通高中教科书·英语选择性必修 第三册,output\教材封面\df\df61a71e-a0cf-4280-9939-d96457babdc6.jpg,True
508e4bfd-eb17-4fd1-b558-d983701c85de,高中,英语,高中年级,选择性必修 第四册,重庆大学版,普通高中教科书·英语选择性必修 第四册,output\教材封面\50\508e4bfd-eb17-4fd1-b558-d983701c85de.jpg,True
307302c5-ca49-4be1-9b45-6ffe702c3cc5,高中,英语,高中年级,必修 第一册,沪教版,普通高中教科书·英语必修 第一册,output\教材封面\30\307302c5-ca49-4be1-9b45-6ffe702c3cc5.jpg,True
3d4ef8c1-f511-4723-9358-db926373495c,高中,英语,高中年级,必修 第二册,沪教版,普通高中教科书·英语必修 第二册,output\教材封面\3d\3d4ef8c1-f511-4723-9358-db926373495c.jpg,True
e5a7d2a5-12fa-425a-87e0-2678ea9bbe33,高中,英语,高中年级,必修 第三册,沪教版,普通高中教科书·英语必修 第三册,output\教材封面\e5\e5a7d2a5-12fa-425a-87e0-2678ea9bbe33.jpg,True
a7e5c3d3-10f3-43b9-af25-40866cfe2eca,高中,英语,高中年级,选择性必修 第一册,沪教版,普通高中教科书·英语选择性必修 第一册,output\教材封面\a7\a7e5c3d3-10f3-43b9-af25-40866cfe2eca.jpg,True
fbd6f377-5c21-4ff4-905a-90e3fdddfe3b,高中,英语,高中年级,选择性必修 第二册,沪教版,普通高中教科书·英语选择性必修 第二册,output\教材封面\fb\fbd6f377-5c21-4ff4-905a-90e3fdddfe3b.jpg,True
601a9768-27ca-4630-9d33-ecb1abd7977e,高中,英语,高中年级,选择性必修 第三册,沪教版,普通高中教科书·英语选择性必修 第三册,output\教材封面\60\601a9768-27ca-4630-9d33-ecb1abd7977e.jpg,True
1dd3661a-77ff-49cc-acff-bc608fcdd9cf,高中,英语,高中年级,必修 第一册,沪外教版,普通高中教科书·英语必修 第一册,output\教材封面\1d\1dd3661a-77ff-49cc-acff-bc608fcdd9cf.jpg,True
57f5a752-fa5f-44ad-aa8e-c5ae558a5502,高中,英语,高中年级,必修 第二册,沪外教版,普通高中教科书·英语必修 第二册,output\教材封面\57\57f5a752-fa5f-44ad-aa8e-c5ae558a5502.jpg,True
9d185c8c-7411-4966-b02f-906b712d1c73,高中,英语,高中年级,必修 第三册,沪外教版,普通高中教科书·英语必修 第三册,output\教材封面\9d\9d185c8c-7411-4966-b02f-906b712d1c73.jpg,True
895724af-5bd3-4725-b731-5c488844ebdd,高中,英语,高中年级,选择性必修 第一册,沪外教版,普通高中教科书·英语选择性必修 第一册,output\教材封面\89\895724af-5bd3-4725-b731-5c488844ebdd.jpg,True
7b50fabf-45ad-4389-bcb4-17b788554fb6,高中,英语,高中年级,选择性必修 第二册,沪外教版,普通高中教科书·英语选择性必修 第二册,output\教材封面\7b\7b50fabf-45ad-4389-bcb4-17b788554fb6.jpg,True
458394bd-4a13-4d5f-8441-4be3217b8ba5,高中,英语,高中年级,选择性必修 第三册,沪外教版,普通高中教科书·英语选择性必修 第三册,output\教材封面\45\458394bd-4a13-4d5f-8441-4be3217b8ba5.jpg,True
d438086a-ae1c-4cff-ac74-bba45d4e0caa,高中,英语,高中年级,选择性必修 第四册,沪外教版,普通高中教科书·英语选择性必修 第四册,output\教材封面\d4\d438086a-ae1c-4cff-ac74-bba45d4e0caa.jpg,True
c71014f5-3bf1-47e2-b9db-d70b79f2b33d,高中,日语,高中年级,必修 第一册,人教版,普通高中教科书·日语必修 第一册,output\教材封面\c7\c71014f5-3bf1-47e2-b9db-d70b79f2b33d.jpg,True
4e1aa546-1a1c-4ec5-81be-7c293ea0f1cf,高中,日语,高中年级,必修 第二册,人教版,普通高中教科书·日语必修 第二册,output\教材封面\4e\4e1aa546-1a1c-4ec5-81be-7c293ea0f1cf.jpg,True
c0bdc3f4-f189-4491-8f0a-2bdc1a067be7,高中,日语,高中年级,必修 第三册,人教版,普通高中教科书·日语必修 第三册,output\教材封面\c0\c0bdc3f4-f189-4491-8f0a-2bdc1a067be7.jpg,True
f63149dd-0d2b-462f-b23d-fa6f9ec68b55,高中,日语,高中年级,选择性必修 第一册,人教版,普通高中教科书·日语选择性必修 第一册,output\教材封面\f6\f63149dd-0d2b-462f-b23d-fa6f9ec68b55.jpg,True
2c9f3a96-3ece-49f7-a2c4-b389337a1deb,高中,日语,高中年级,选择性必修 第二册,人教版,普通高中教科书·日语选择性必修 第二册,output\教材封面\2c\2c9f3a96-3ece-49f7-a2c4-b389337a1deb.jpg,True
f22034fd-b3be-4daa-bfdd-8a9e688e0dd6,高中,俄语,高中年级,必修 第一册,人教版,普通高中教科书·俄语必修 第一册,output\教材封面\f2\f22034fd-b3be-4daa-bfdd-8a9e688e0dd6.jpg,True
904ead74-41d3-4aa6-867f-5c401b0bb52d,高中,俄语,高中年级,必修 第二册,人教版,普通高中教科书·俄语必修 第二册,output\教材封面\90\904ead74-41d3-4aa6-867f-5c401b0bb52d.jpg,True
3d3ad398-f5e8-4344-a2de-ee7b2e496973,高中,俄语,高中年级,必修 第三册,人教版,普通高中教科书·俄语必修 第三册,output\教材封面\3d\3d3ad398-f5e8-4344-a2de-ee7b2e496973.jpg,True
b9f9e380-dc25-4acc-b9ff-5ebfdb53afaf,高中,俄语,高中年级,选择性必修 第一册,人教版,普通高中教科书·俄语选择性必修 第一册,output\教材封面\b9\b9f9e380-dc25-4acc-b9ff-5ebfdb53afaf.jpg,True
142b7616-8980-4d9a-be75-e5284faf9ebb,高中,俄语,高中年级,选择性必修 第二册,人教版,普通高中教科书·俄语选择性必修 第二册,output\教材封面\14\142b7616-8980-4d9a-be75-e5284faf9ebb.jpg,True
3f36bcf6-c849-4b36-83c3-c2c538a78e80,高中,俄语,高中年级,选择性必修 第三册,人教版,普通高中教科书·俄语选择性必修 第三册,output\教材封面\3f\3f36bcf6-c849-4b36-83c3-c2c538a78e80.jpg,True
843d88cb-5137-4498-b9d9-b3bb3e8a1b07,高中,俄语,高中年级,选择性必修 第四册,人教版,普通高中教科书·俄语选择性必修 第四册,output\教材封面\84\843d88cb-5137-4498-b9d9-b3bb3e8a1b07.jpg,True
c7c07640-970b-4def-814a-0f77eba4a2d9,高中,思想政治,高中年级,必修1 中国特色社会主义,统编版,普通高中教科书·思想政治必修1 中国特色社会主义,output\教材封面\c7\c7c07640-970b-4def-814a-0f77eba4a2d9.jpg,True
e36cf7c0-c787-4b34-ba7a-84a78baac331,高中,思想政治,高中年级,必修2 经济与社会,统编版,普通高中教科书·思想政治必修2 经济与社会,output\教材封面\e3\e36cf7c0-c787-4b34-ba7a-84a78baac331.jpg,True
507cf8b4-327e-41ad-9f6d-babb59f5eef1,高中,思想政治,高中年级,必修3 政治与法治,统编版,普通高中教科书·思想政治必修3 政治与法治,output\教材封面\50\507cf8b4-327e-41ad-9f6d-babb59f5eef1.jpg,True
561cdda2-8f90-4b13-b987-8d8c3bb9e554,高中,思想政治,高中年级,必修4 哲学与文化,统编版,普通高中教科书·思想政治必修4 哲学与文化,output\教材封面\56\561cdda2-8f90-4b13-b987-8d8c3bb9e554.jpg,True
9cee6cbd-4ce9-43a2-b884-895dafd832af,高中,思想政治,高中年级,选择性必修1 当代国际政治与经济,统编版,普通高中教科书·思想政治选择性必修1 当代国际政治与经济,output\教材封面\9c\9cee6cbd-4ce9-43a2-b884-895dafd832af.jpg,True
acc5bf16-92b5-47c7-b57b-b7f4eb5f2199,高中,思想政治,高中年级,选择性必修2 法律与生活,统编版,普通高中教科书·思想政治选择性必修2 法律与生活,output\教材封面\ac\acc5bf16-92b5-47c7-b57b-b7f4eb5f2199.jpg,True
33a1cf09-b3e4-4874-95f4-25d38a5847c3,高中,思想政治,高中年级,选择性必修3 逻辑与思维,统编版,普通高中教科书·思想政治选择性必修3 逻辑与思维,output\教材封面\33\33a1cf09-b3e4-4874-95f4-25d38a5847c3.jpg,True
ac2acabd-ec0a-47be-bf73-b7e64a9cf856,高中,思想政治,高中年级,学生读本一册,统编版,习近平新时代中国特色社会主义思想学生读本·高中,output\教材封面\ac\ac2acabd-ec0a-47be-bf73-b7e64a9cf856.jpg,True
aadd94cd-2d05-4716-aa25-dab70c9fc7a4,高中,历史,高中年级,必修 中外历史纲要（上）,统编版,普通高中教科书·历史必修 中外历史纲要（上）,output\教材封面\aa\aadd94cd-2d05-4716-aa25-dab70c9fc7a4.jpg,True
ec47ff37-71bf-4a88-b4da-f934d0cc40ea,高中,历史,高中年级,必修 中外历史纲要（下）,统编版,普通高中教科书·历史必修 中外历史纲要（下）,output\教材封面\ec\ec47ff37-71bf-4a88-b4da-f934d0cc40ea.jpg,True
7786158e-01d7-4544-a358-5759664c78ea,高中,历史,高中年级,选择性必修1 国家制度与社会治理,统编版,普通高中教科书·历史选择性必修1 国家制度与社会治理,output\教材封面\77\7786158e-01d7-4544-a358-5759664c78ea.jpg,True
183e709c-5a7f-44b9-a633-51eb0cd81f0b,高中,历史,高中年级,选择性必修2 经济与社会生活,统编版,普通高中教科书·历史选择性必修2 经济与社会生活,output\教材封面\18\183e709c-5a7f-44b9-a633-51eb0cd81f0b.jpg,True
f2442c65-9148-47ee-9d57-37e6f801fdb4,高中,历史,高中年级,选择性必修3 文化交流与传播,统编版,普通高中教科书·历史选择性必修3 文化交流与传播,output\教材封面\f2\f2442c65-9148-47ee-9d57-37e6f801fdb4.jpg,True
e2c5fb9c-9a73-4f1a-8fb5-10b1299c7f5c,高中,地理,高中年级,必修 第一册,人教版,普通高中教科书·地理必修 第一册,output\教材封面\e2\e2c5fb9c-9a73-4f1a-8fb5-10b1299c7f5c.jpg,True
8452d2cf-1a23-4656-84b9-26616cbd2eff,高中,地理,高中年级,必修 第二册,人教版,普通高中教科书·地理必修 第二册,output\教材封面\84\8452d2cf-1a23-4656-84b9-26616cbd2eff.jpg,True
373d48bd-c1b4-4edd-b148-628713692ba3,高中,地理,高中年级,选择性必修1 自然地理基础,人教版,普通高中教科书·地理选择性必修1 自然地理基础,output\教材封面\37\373d48bd-c1b4-4edd-b148-628713692ba3.jpg,True
db7e6c9c-44b3-4818-96c6-ce81dabb3cc7,高中,地理,高中年级,选择性必修2 区域发展,人教版,普通高中教科书·地理选择性必修2 区域发展,output\教材封面\db\db7e6c9c-44b3-4818-96c6-ce81dabb3cc7.jpg,True
f07377f5-2ced-4d59-a59d-fe3b37800ead,高中,地理,高中年级,选择性必修3 资源、环境与国家安全,人教版,普通高中教科书·地理选择性必修3 资源、环境与国家安全,output\教材封面\f0\f07377f5-2ced-4d59-a59d-fe3b37800ead.jpg,True
8fdae729-505e-47b2-b351-fc9bb3bd02a4,高中,地理,高中年级,必修 第一册,鲁教版,普通高中教科书·地理必修 第一册,output\教材封面\8f\8fdae729-505e-47b2-b351-fc9bb3bd02a4.jpg,True
d5e54b3b-af1e-48d0-ad6e-a274c9cc3117,高中,地理,高中年级,必修 第二册,鲁教版,普通高中教科书·地理必修 第二册,output\教材封面\d5\d5e54b3b-af1e-48d0-ad6e-a274c9cc3117.jpg,True
4883514d-585b-45fa-8d59-60edc1606847,高中,地理,高中年级,选择性必修1 自然地理基础,鲁教版,普通高中教科书·地理选择性必修1 自然地理基础,output\教材封面\48\4883514d-585b-45fa-8d59-60edc1606847.jpg,True
b3a1593d-8033-4ed1-9e54-ccb07b8cfd36,高中,地理,高中年级,选择性必修2 区域发展,鲁教版,普通高中教科书·地理选择性必修2 区域发展,output\教材封面\b3\b3a1593d-8033-4ed1-9e54-ccb07b8cfd36.jpg,True
7a1e6be9-a4b6-4d5f-8039-a226b21b0040,高中,地理,高中年级,选择性必修3 资源、环境与国家安全,鲁教版,普通高中教科书·地理选择性必修3 资源、环境与国家安全,output\教材封面\7a\7a1e6be9-a4b6-4d5f-8039-a226b21b0040.jpg,True
ab77f3bd-5fb6-4061-a8f3-8d843ebd4d55,高中,地理,高中年级,必修 第一册,中图版,普通高中教科书·地理必修 第一册,output\教材封面\ab\ab77f3bd-5fb6-4061-a8f3-8d843ebd4d55.jpg,True
52e14ba5-4e60-4be6-b9ad-bd310b6c80d8,高中,地理,高中年级,必修 第二册,中图版,普通高中教科书·地理必修 第二册,output\教材封面\52\52e14ba5-4e60-4be6-b9ad-bd310b6c80d8.jpg,True
d68ab621-05bc-446b-a298-8b255d8e7fef,高中,地理,高中年级,选择性必修1 自然地理基础,中图版,普通高中教科书·地理选择性必修1 自然地理基础,output\教材封面\d6\d68ab621-05bc-446b-a298-8b255d8e7fef.jpg,True
1ae1e6d8-00ea-483b-90af-8719d2ffb826,高中,地理,高中年级,选择性必修2 区域发展,中图版,普通高中教科书·地理选择性必修2 区域发展,output\教材封面\1a\1ae1e6d8-00ea-483b-90af-8719d2ffb826.jpg,True
19e3274b-7671-43e6-8f0b-10881e8733ef,高中,地理,高中年级,选择性必修3 资源、环境与国家安全,中图版,普通高中教科书·地理选择性必修3 资源、环境与国家安全,output\教材封面\19\19e3274b-7671-43e6-8f0b-10881e8733ef.jpg,True
31bcd4b6-a640-4f86-8611-e2e42c9e5e5a,高中,地理,高中年级,必修 第一册,湘教版,普通高中教科书·地理必修 第一册,output\教材封面\31\31bcd4b6-a640-4f86-8611-e2e42c9e5e5a.jpg,True
79529883-0f83-41ff-879e-57c2420f8020,高中,地理,高中年级,必修 第二册,湘教版,普通高中教科书·地理必修 第二册,output\教材封面\79\79529883-0f83-41ff-879e-57c2420f8020.jpg,True
46b09a84-1e5d-41d9-8a3a-d2e8647fa3a7,高中,地理,高中年级,选择性必修1 自然地理基础,湘教版,普通高中教科书·地理选择性必修1 自然地理基础,output\教材封面\46\46b09a84-1e5d-41d9-8a3a-d2e8647fa3a7.jpg,True
96c46317-16ee-4a5d-bf24-41033203dc29,高中,地理,高中年级,选择性必修2 区域发展,湘教版,普通高中教科书·地理选择性必修2 区域发展,output\教材封面\96\96c46317-16ee-4a5d-bf24-41033203dc29.jpg,True
283ad3a1-55a2-4f2f-a3ac-029819a23d1f,高中,地理,高中年级,选择性必修3 资源、环境与国家安全,湘教版,普通高中教科书·地理选择性必修3 资源、环境与国家安全,output\教材封面\28\283ad3a1-55a2-4f2f-a3ac-029819a23d1f.jpg,True
7a8797ab-dcee-4bb8-88f8-c6b67f0ac667,高中,地理,高中年级,必修 第一册,中图中华地图版,普通高中教科书·地理必修 第一册,output\教材封面\7a\7a8797ab-dcee-4bb8-88f8-c6b67f0ac667.jpg,True
4561f44a-dd77-4f82-8c10-b280522e80b1,高中,地理,高中年级,必修 第二册,中图中华地图版,普通高中教科书·地理必修 第二册,output\教材封面\45\4561f44a-dd77-4f82-8c10-b280522e80b1.jpg,True
416cedfa-fac4-439e-a69c-e74404cf92f2,高中,地理,高中年级,选择性必修1 自然地理基础,中图中华地图版,普通高中教科书·地理选择性必修1 自然地理基础,output\教材封面\41\416cedfa-fac4-439e-a69c-e74404cf92f2.jpg,True
a4180ebe-60bd-4693-9e7c-0d59d772017f,高中,地理,高中年级,选择性必修2 区域发展,中图中华地图版,普通高中教科书·地理选择性必修2 区域发展,output\教材封面\a4\a4180ebe-60bd-4693-9e7c-0d59d772017f.jpg,True
e720c36c-0239-4785-b94f-7f268792065e,高中,地理,高中年级,选择性必修3 资源、环境与国家安全,中图中华地图版,普通高中教科书·地理选择性必修3 资源、环境与国家安全,output\教材封面\e7\e720c36c-0239-4785-b94f-7f268792065e.jpg,True
56a3b3f2-f5aa-4d98-ab31-c71d2e75cea4,高中,地理图册,高中年级,必修 第一册,配套鲁教版,普通高中教科书·地理图册必修 第一册,output\教材封面\56\56a3b3f2-f5aa-4d98-ab31-c71d2e75cea4.jpg,True
0a8cc816-f32a-48f0-96e5-06103f0f30fd,高中,地理图册,高中年级,必修 第二册,配套鲁教版,普通高中教科书·地理图册必修 第二册,output\教材封面\0a\0a8cc816-f32a-48f0-96e5-06103f0f30fd.jpg,True
9bea0763-c2b5-493d-8b47-d915a581429b,高中,地理图册,高中年级,选择性必修1 自然地理基础,配套鲁教版,普通高中教科书·地理图册选择性必修1 自然地理基础,output\教材封面\9b\9bea0763-c2b5-493d-8b47-d915a581429b.jpg,True
3809366b-8cda-4e08-9f01-cec45606f08e,高中,地理图册,高中年级,选择性必修2 区域发展,配套鲁教版,普通高中教科书·地理图册选择性必修2 区域发展,output\教材封面\38\3809366b-8cda-4e08-9f01-cec45606f08e.jpg,True
a5b1f2b8-2b48-45be-8907-230037f8074f,高中,地理图册,高中年级,选择性必修3 资源、环境与国家安全,配套鲁教版,普通高中教科书·地理图册选择性必修3 资源、环境与国家安全,output\教材封面\a5\a5b1f2b8-2b48-45be-8907-230037f8074f.jpg,True
eaf90d3b-7a81-4e4f-ac1a-8b3f591f6218,高中,地理图册,高中年级,必修 第一册,配套中图版,普通高中教科书·地理图册必修 第一册,output\教材封面\ea\eaf90d3b-7a81-4e4f-ac1a-8b3f591f6218.jpg,True
1f30bcf5-87de-4875-bc3f-b26a39dd42cd,高中,地理图册,高中年级,必修 第二册,配套中图版,普通高中教科书·地理图册必修 第二册,output\教材封面\1f\1f30bcf5-87de-4875-bc3f-b26a39dd42cd.jpg,True
737da01b-7e31-441d-befb-26ae010600ed,高中,地理图册,高中年级,选择性必修1 自然地理基础,配套中图版,普通高中教科书·地理图册选择性必修1 自然地理基础,output\教材封面\73\737da01b-7e31-441d-befb-26ae010600ed.jpg,True
f3d72573-96e9-4451-be3f-e026ca35684b,高中,地理图册,高中年级,选择性必修2 区域发展,配套中图版,普通高中教科书·地理图册选择性必修2 区域发展,output\教材封面\f3\f3d72573-96e9-4451-be3f-e026ca35684b.jpg,True
1eddb455-be81-468b-a35f-2f8041e11614,高中,地理图册,高中年级,选择性必修3 资源、环境与国家安全,配套中图版,普通高中教科书·地理图册选择性必修3 资源、环境与国家安全,output\教材封面\1e\1eddb455-be81-468b-a35f-2f8041e11614.jpg,True
c4a420be-3e22-4b5f-8f79-ef2c7a5c3c69,高中,地理图册,高中年级,必修 第一册,配套人教版,普通高中教科书·地理图册必修 第一册,output\教材封面\c4\c4a420be-3e22-4b5f-8f79-ef2c7a5c3c69.jpg,True
23094e58-73b9-4f6f-b42f-cf9bb0a53eca,高中,地理图册,高中年级,必修 第二册,配套人教版,普通高中教科书·地理图册必修 第二册,output\教材封面\23\23094e58-73b9-4f6f-b42f-cf9bb0a53eca.jpg,True
9098cb0a-0cd8-4d27-982b-d189d4e0ec6b,高中,地理图册,高中年级,选择性必修1 自然地理基础,配套人教版,普通高中教科书·地理图册选择性必修1 自然地理基础,output\教材封面\90\9098cb0a-0cd8-4d27-982b-d189d4e0ec6b.jpg,True
da944a29-9de3-4277-b29a-b1316c43270d,高中,地理图册,高中年级,选择性必修2 区域发展,配套人教版,普通高中教科书·地理图册选择性必修2 区域发展,output\教材封面\da\da944a29-9de3-4277-b29a-b1316c43270d.jpg,True
88d7cf7a-f066-4a7a-b4d2-80bb9d802a56,高中,地理图册,高中年级,选择性必修3 资源、环境与国家安全,配套人教版,普通高中教科书·地理图册选择性必修3 资源、环境与国家安全,output\教材封面\88\88d7cf7a-f066-4a7a-b4d2-80bb9d802a56.jpg,True
664359b6-7f26-466e-bb00-7d6e11324dfb,高中,地理图册,高中年级,必修 第一册,配套湘教版,普通高中教科书·地理图册必修 第一册,output\教材封面\66\664359b6-7f26-466e-bb00-7d6e11324dfb.jpg,True
01cef873-7362-4ed4-9583-faf5f5d43502,高中,地理图册,高中年级,必修 第二册,配套湘教版,普通高中教科书·地理图册必修 第二册,output\教材封面\01\01cef873-7362-4ed4-9583-faf5f5d43502.jpg,True
d9c29723-e6a9-4c39-b6d6-577f9dec11b9,高中,地理图册,高中年级,选择性必修1 自然地理基础,配套湘教版,普通高中教科书·地理图册选择性必修1 自然地理基础,output\教材封面\d9\d9c29723-e6a9-4c39-b6d6-577f9dec11b9.jpg,True
4954f64e-8a2f-4f4b-82d7-fbf35f201db1,高中,地理图册,高中年级,选择性必修2 区域发展,配套湘教版,普通高中教科书·地理图册选择性必修2 区域发展,output\教材封面\49\4954f64e-8a2f-4f4b-82d7-fbf35f201db1.jpg,True
8333775d-90b7-4ca2-ad93-93e2f23fe02c,高中,地理图册,高中年级,选择性必修3 资源、环境与国家安全,配套湘教版,普通高中教科书·地理图册选择性必修3 资源、环境与国家安全,output\教材封面\83\8333775d-90b7-4ca2-ad93-93e2f23fe02c.jpg,True
78746eeb-8487-4504-b10c-7e1385ad08a1,高中,地理图册,高中年级,必修 第一册,配套中图中华地图版,普通高中教科书·地理图册必修 第一册,output\教材封面\78\78746eeb-8487-4504-b10c-7e1385ad08a1.jpg,True
9779b1cb-e27f-4c9d-b5ae-25b65d747e09,高中,地理图册,高中年级,必修 第二册,配套中图中华地图版,普通高中教科书·地理图册必修 第二册,output\教材封面\97\9779b1cb-e27f-4c9d-b5ae-25b65d747e09.jpg,True
66dcb89a-f1ee-46c1-b022-bef71b2b97fd,高中,地理图册,高中年级,选择性必修1 自然地理基础,配套中图中华地图版,普通高中教科书·地理图册选择性必修1 自然地理基础,output\教材封面\66\66dcb89a-f1ee-46c1-b022-bef71b2b97fd.jpg,True
76399e76-d2f2-4f72-bff2-cf26ef7b8e8f,高中,地理图册,高中年级,选择性必修2 区域发展,配套中图中华地图版,普通高中教科书·地理图册选择性必修2 区域发展,output\教材封面\76\76399e76-d2f2-4f72-bff2-cf26ef7b8e8f.jpg,True
5c4b3a0e-a154-4d1d-9fa7-9e6d0be3ebe2,高中,地理图册,高中年级,选择性必修3 资源、环境与国家安全,配套中图中华地图版,普通高中教科书·地理图册选择性必修3 资源、环境与国家安全,output\教材封面\5c\5c4b3a0e-a154-4d1d-9fa7-9e6d0be3ebe2.jpg,True
708256b6-6f06-4d14-89c7-4df16dfe3b81,高中,物理,高中年级,必修 第一册,人教版,普通高中教科书·物理必修 第一册,output\教材封面\70\708256b6-6f06-4d14-89c7-4df16dfe3b81.jpg,True
55baa3cc-156f-4358-8e28-bfa21a864450,高中,物理,高中年级,必修 第二册,人教版,普通高中教科书·物理必修 第二册,output\教材封面\55\55baa3cc-156f-4358-8e28-bfa21a864450.jpg,True
dcd8cc6b-5380-4008-a2d0-a061f24d34dd,高中,物理,高中年级,必修 第三册,人教版,普通高中教科书·物理必修 第三册,output\教材封面\dc\dcd8cc6b-5380-4008-a2d0-a061f24d34dd.jpg,True
346c3c04-1663-472c-849e-ff876dcf293f,高中,物理,高中年级,选择性必修 第一册,人教版,普通高中教科书·物理选择性必修 第一册,output\教材封面\34\346c3c04-1663-472c-849e-ff876dcf293f.jpg,True
2ee7d7fa-1920-4d37-a179-91d5fd59b8c1,高中,物理,高中年级,选择性必修 第二册,人教版,普通高中教科书·物理选择性必修 第二册,output\教材封面\2e\2ee7d7fa-1920-4d37-a179-91d5fd59b8c1.jpg,True
2109c25c-2e52-4da3-8ab3-18cbe632ec11,高中,物理,高中年级,选择性必修 第三册,人教版,普通高中教科书·物理选择性必修 第三册,output\教材封面\21\2109c25c-2e52-4da3-8ab3-18cbe632ec11.jpg,True
5843dc73-d545-4766-8d1e-8476cde67e12,高中,物理,高中年级,必修 第一册,鲁科版,普通高中教科书·物理必修 第一册,output\教材封面\58\5843dc73-d545-4766-8d1e-8476cde67e12.jpg,True
d0148845-e323-44df-9e5b-d629fd7c4514,高中,物理,高中年级,必修 第二册,鲁科版,普通高中教科书·物理必修 第二册,output\教材封面\d0\d0148845-e323-44df-9e5b-d629fd7c4514.jpg,True
bae7ac26-099a-40bd-a28f-df55e0a79d88,高中,物理,高中年级,必修 第三册,鲁科版,普通高中教科书·物理必修 第三册,output\教材封面\ba\bae7ac26-099a-40bd-a28f-df55e0a79d88.jpg,True
927bd70c-f2b3-401e-937b-047691bfa8e7,高中,物理,高中年级,选择性必修 第一册,鲁科版,普通高中教科书·物理选择性必修 第一册,output\教材封面\92\927bd70c-f2b3-401e-937b-047691bfa8e7.jpg,True
2627e1d1-bacc-47a7-83f8-f6f7bc57f3a9,高中,物理,高中年级,选择性必修 第二册,鲁科版,普通高中教科书·物理选择性必修 第二册,output\教材封面\26\2627e1d1-bacc-47a7-83f8-f6f7bc57f3a9.jpg,True
49910438-fdab-4f61-a972-558818436b24,高中,物理,高中年级,选择性必修 第三册,鲁科版,普通高中教科书·物理选择性必修 第三册,output\教材封面\49\49910438-fdab-4f61-a972-558818436b24.jpg,True
2c518b19-968d-4083-8d1b-ac989c031d3d,高中,物理,高中年级,必修 第一册,沪科教版,普通高中教科书·物理必修 第一册,output\教材封面\2c\2c518b19-968d-4083-8d1b-ac989c031d3d.jpg,True
75a175ee-981b-40e3-9c28-456843e588ff,高中,物理,高中年级,必修 第二册,沪科教版,普通高中教科书·物理必修 第二册,output\教材封面\75\75a175ee-981b-40e3-9c28-456843e588ff.jpg,True
846df0ee-4951-4746-82f8-75a285e699f6,高中,物理,高中年级,必修 第三册,沪科教版,普通高中教科书·物理必修 第三册,output\教材封面\84\846df0ee-4951-4746-82f8-75a285e699f6.jpg,True
74c7acb1-7d10-4091-9290-f91bfdac0deb,高中,物理,高中年级,选择性必修 第一册,沪科教版,普通高中教科书·物理选择性必修 第一册,output\教材封面\74\74c7acb1-7d10-4091-9290-f91bfdac0deb.jpg,True
737efb83-7597-4199-903d-a0d2c2a42725,高中,物理,高中年级,选择性必修 第二册,沪科教版,普通高中教科书·物理选择性必修 第二册,output\教材封面\73\737efb83-7597-4199-903d-a0d2c2a42725.jpg,True
dc7e256d-80e5-42bd-90d2-4cecc8bafe51,高中,物理,高中年级,选择性必修 第三册,沪科教版,普通高中教科书·物理选择性必修 第三册,output\教材封面\dc\dc7e256d-80e5-42bd-90d2-4cecc8bafe51.jpg,True
b10989ae-52a4-4b32-ad3f-0e8867744635,高中,物理,高中年级,必修 第一册,粤教版,普通高中教科书·物理必修 第一册,output\教材封面\b1\b10989ae-52a4-4b32-ad3f-0e8867744635.jpg,True
82919224-5b94-461f-9dd0-84b3c3e1a01a,高中,物理,高中年级,必修 第二册,粤教版,普通高中教科书·物理必修 第二册,output\教材封面\82\82919224-5b94-461f-9dd0-84b3c3e1a01a.jpg,True
b319a84d-10f1-4ba0-8530-9a459f978eff,高中,物理,高中年级,必修 第三册,粤教版,普通高中教科书·物理必修 第三册,output\教材封面\b3\b319a84d-10f1-4ba0-8530-9a459f978eff.jpg,True
04a1fb1f-56b2-423b-91d0-22786c474490,高中,物理,高中年级,选择性必修 第一册,粤教版,普通高中教科书·物理选择性必修 第一册,output\教材封面\04\04a1fb1f-56b2-423b-91d0-22786c474490.jpg,True
660e00ae-3219-4460-b505-b436f1bde772,高中,物理,高中年级,选择性必修 第二册,粤教版,普通高中教科书·物理选择性必修 第二册,output\教材封面\66\660e00ae-3219-4460-b505-b436f1bde772.jpg,True
8260ffe3-5065-4f32-bdc3-dd048f75ff7e,高中,物理,高中年级,选择性必修 第三册,粤教版,普通高中教科书·物理选择性必修 第三册,output\教材封面\82\8260ffe3-5065-4f32-bdc3-dd048f75ff7e.jpg,True
b9b62fbb-f770-4294-906f-12d5aa5d9705,高中,物理,高中年级,必修 第一册,教科版,普通高中教科书·物理必修 第一册,output\教材封面\b9\b9b62fbb-f770-4294-906f-12d5aa5d9705.jpg,True
62835cb6-fd7b-410b-bbe5-a3aebc09fff3,高中,物理,高中年级,必修 第二册,教科版,普通高中教科书·物理必修 第二册,output\教材封面\62\62835cb6-fd7b-410b-bbe5-a3aebc09fff3.jpg,True
1ababc37-ea04-48a7-9a22-6ca2612ba2ec,高中,物理,高中年级,选择性必修 第一册,教科版,普通高中教科书·物理选择性必修 第一册,output\教材封面\1a\1ababc37-ea04-48a7-9a22-6ca2612ba2ec.jpg,True
81d864da-a6ea-464e-bde6-8e8e948b94d8,高中,物理,高中年级,必修 第一册,沪科技版,普通高中教科书·物理必修 第一册,output\教材封面\81\81d864da-a6ea-464e-bde6-8e8e948b94d8.jpg,True
4f56d43d-3f75-4253-aa15-176a1f8ab506,高中,物理,高中年级,必修 第二册,沪科技版,普通高中教科书·物理必修 第二册,output\教材封面\4f\4f56d43d-3f75-4253-aa15-176a1f8ab506.jpg,True
bf372980-5beb-4ca3-9e5c-5145029d6f7c,高中,物理,高中年级,必修 第三册,沪科技版,普通高中教科书·物理必修 第三册,output\教材封面\bf\bf372980-5beb-4ca3-9e5c-5145029d6f7c.jpg,True
49504557-319c-4a33-a584-7482aafb6cd8,高中,物理,高中年级,选择性必修 第一册,沪科技版,普通高中教科书·物理选择性必修 第一册,output\教材封面\49\49504557-319c-4a33-a584-7482aafb6cd8.jpg,True
640f2aea-c9c5-4a2d-9e90-a56a9690f3ef,高中,物理,高中年级,选择性必修 第二册,沪科技版,普通高中教科书·物理选择性必修 第二册,output\教材封面\64\640f2aea-c9c5-4a2d-9e90-a56a9690f3ef.jpg,True
b2774427-227a-496b-805e-59b510c87ebe,高中,物理,高中年级,选择性必修 第三册,沪科技版,普通高中教科书·物理选择性必修 第三册,output\教材封面\b2\b2774427-227a-496b-805e-59b510c87ebe.jpg,True
5cd19072-e40d-4a73-8580-7b7ada5d4005,高中,化学,高中年级,必修 第一册,人教版,普通高中教科书·化学必修 第一册,output\教材封面\5c\5cd19072-e40d-4a73-8580-7b7ada5d4005.jpg,True
07f7d663-a867-4eb6-ad39-03b55dbd4a65,高中,化学,高中年级,必修 第二册,人教版,普通高中教科书·化学必修 第二册,output\教材封面\07\07f7d663-a867-4eb6-ad39-03b55dbd4a65.jpg,True
3502fe81-b23e-4f68-aa3d-7921e7932ec9,高中,化学,高中年级,选择性必修1 化学反应原理,人教版,普通高中教科书·化学选择性必修1 化学反应原理,output\教材封面\35\3502fe81-b23e-4f68-aa3d-7921e7932ec9.jpg,True
b82cefe7-d631-4bde-baf9-352ca033cba4,高中,化学,高中年级,选择性必修2 物质结构与性质,人教版,普通高中教科书·化学选择性必修2 物质结构与性质,output\教材封面\b8\b82cefe7-d631-4bde-baf9-352ca033cba4.jpg,True
c561d8ee-7c06-4cb1-9a4d-e34036f02d53,高中,化学,高中年级,选择性必修3 有机化学基础,人教版,普通高中教科书·化学选择性必修3 有机化学基础,output\教材封面\c5\c561d8ee-7c06-4cb1-9a4d-e34036f02d53.jpg,True
88874a47-cd9b-4dbc-bd48-bb2ea5d63115,高中,化学,高中年级,必修 第一册,鲁科版,普通高中教科书·化学必修 第一册,output\教材封面\88\88874a47-cd9b-4dbc-bd48-bb2ea5d63115.jpg,True
9c979989-5bdc-43ef-87f9-3b0007924996,高中,化学,高中年级,必修 第二册,鲁科版,普通高中教科书·化学必修 第二册,output\教材封面\9c\9c979989-5bdc-43ef-87f9-3b0007924996.jpg,True
97ac34e8-e154-44b3-9188-301d40a70501,高中,化学,高中年级,选择性必修1 化学反应原理,鲁科版,普通高中教科书·化学选择性必修1 化学反应原理,output\教材封面\97\97ac34e8-e154-44b3-9188-301d40a70501.jpg,True
ec8efb84-29a5-441c-bcd6-8603c7bfe004,高中,化学,高中年级,选择性必修2 物质结构与性质,鲁科版,普通高中教科书·化学选择性必修2 物质结构与性质,output\教材封面\ec\ec8efb84-29a5-441c-bcd6-8603c7bfe004.jpg,True
6049934b-48f5-480c-909e-4f7b36eb3436,高中,化学,高中年级,选择性必修3 有机化学基础,鲁科版,普通高中教科书·化学选择性必修3 有机化学基础,output\教材封面\60\6049934b-48f5-480c-909e-4f7b36eb3436.jpg,True
208b49ab-747d-4742-80a5-9e15c3e62241,高中,化学,高中年级,必修 第一册,苏教版,普通高中教科书·化学必修 第一册,output\教材封面\20\208b49ab-747d-4742-80a5-9e15c3e62241.jpg,True
404be997-70ad-41c4-94cc-4230de60ab36,高中,化学,高中年级,必修 第二册,苏教版,普通高中教科书·化学必修 第二册,output\教材封面\40\404be997-70ad-41c4-94cc-4230de60ab36.jpg,True
d7df92bd-e849-42a7-a491-874cf9d0d038,高中,化学,高中年级,选择性必修1 化学反应原理,苏教版,普通高中教科书·化学选择性必修1 化学反应原理,output\教材封面\d7\d7df92bd-e849-42a7-a491-874cf9d0d038.jpg,True
39329b7d-3de1-411a-884b-c9668c01108c,高中,化学,高中年级,选择性必修2 物质结构与性质,苏教版,普通高中教科书·化学选择性必修2 物质结构与性质,output\教材封面\39\39329b7d-3de1-411a-884b-c9668c01108c.jpg,True
ea2d167f-30e3-4c4b-9376-aa1c7be5929c,高中,化学,高中年级,选择性必修3 有机化学基础,苏教版,普通高中教科书·化学选择性必修3 有机化学基础,output\教材封面\ea\ea2d167f-30e3-4c4b-9376-aa1c7be5929c.jpg,True
1982834a-3522-49d2-91b4-367ba2d9e5d0,高中,化学,高中年级,必修 第一册,沪科技版,普通高中教科书·化学必修 第一册,output\教材封面\19\1982834a-3522-49d2-91b4-367ba2d9e5d0.jpg,True
e4b37691-459d-46c2-8807-dd36b3199348,高中,化学,高中年级,必修 第二册,沪科技版,普通高中教科书·化学必修 第二册,output\教材封面\e4\e4b37691-459d-46c2-8807-dd36b3199348.jpg,True
31313b43-2159-469c-9ee8-142b29ca1b7d,高中,化学,高中年级,选择性必修1 化学反应原理,沪科技版,普通高中教科书·化学选择性必修1 化学反应原理,output\教材封面\31\31313b43-2159-469c-9ee8-142b29ca1b7d.jpg,True
4e2be9b1-793c-4b35-acb6-ae97fd50a93e,高中,化学,高中年级,选择性必修2 物质结构与性质,沪科技版,普通高中教科书·化学选择性必修2 物质结构与性质,output\教材封面\4e\4e2be9b1-793c-4b35-acb6-ae97fd50a93e.jpg,True
a630b839-ed1d-40cb-99a0-aabfab26ab20,高中,化学,高中年级,选择性必修3 有机化学基础,沪科技版,普通高中教科书·化学选择性必修3 有机化学基础,output\教材封面\a6\a630b839-ed1d-40cb-99a0-aabfab26ab20.jpg,True
9d522562-b529-446c-9b5b-084812beee6e,高中,生物学,高中年级,必修1 分子与细胞,人教版,普通高中教科书·生物学必修1 分子与细胞,output\教材封面\9d\9d522562-b529-446c-9b5b-084812beee6e.jpg,True
f89f0368-11c8-4a21-a767-a9102c9ce872,高中,生物学,高中年级,必修2 遗传与进化,人教版,普通高中教科书·生物学必修2 遗传与进化,output\教材封面\f8\f89f0368-11c8-4a21-a767-a9102c9ce872.jpg,True
ec6ab12c-0b06-43a5-bf62-ee90b619f607,高中,生物学,高中年级,选择性必修1 稳态与调节,人教版,普通高中教科书·生物学选择性必修1 稳态与调节,output\教材封面\ec\ec6ab12c-0b06-43a5-bf62-ee90b619f607.jpg,True
825baab7-f0ea-4a90-9b4a-513f338e2484,高中,生物学,高中年级,选择性必修2 生物与环境,人教版,普通高中教科书·生物学选择性必修2 生物与环境,output\教材封面\82\825baab7-f0ea-4a90-9b4a-513f338e2484.jpg,True
d12ff6b6-b6cd-444a-9749-4642aa350482,高中,生物学,高中年级,选择性必修3 生物技术与工程,人教版,普通高中教科书·生物学选择性必修3 生物技术与工程,output\教材封面\d1\d12ff6b6-b6cd-444a-9749-4642aa350482.jpg,True
19ee712d-9ef8-4d67-9c1f-d08f8e8efef8,高中,生物学,高中年级,必修1 分子与细胞,沪科教版,普通高中教科书·生物学必修1 分子与细胞,output\教材封面\19\19ee712d-9ef8-4d67-9c1f-d08f8e8efef8.jpg,True
01aa24ab-b4c7-4c08-ba80-e9d318653b85,高中,生物学,高中年级,必修2 遗传与进化,沪科教版,普通高中教科书·生物学必修2 遗传与进化,output\教材封面\01\01aa24ab-b4c7-4c08-ba80-e9d318653b85.jpg,True
fd607dd9-ef23-488b-bbc8-f39ad6b1c231,高中,生物学,高中年级,选择性必修1 稳态与调节,沪科教版,普通高中教科书·生物学选择性必修1 稳态与调节,output\教材封面\fd\fd607dd9-ef23-488b-bbc8-f39ad6b1c231.jpg,True
1da14332-cb18-4ca3-8d7a-44bdc776a645,高中,生物学,高中年级,选择性必修2 生物与环境,沪科教版,普通高中教科书·生物学选择性必修2 生物与环境,output\教材封面\1d\1da14332-cb18-4ca3-8d7a-44bdc776a645.jpg,True
29046737-201f-4558-a10a-054af70f849e,高中,生物学,高中年级,选择性必修3 生物技术与工程,沪科教版,普通高中教科书·生物学选择性必修3 生物技术与工程,output\教材封面\29\29046737-201f-4558-a10a-054af70f849e.jpg,True
b1eb6065-df9c-4e04-8199-078f55b61097,高中,生物学,高中年级,必修1 分子与细胞,北师大版,普通高中教科书·生物学必修1 分子与细胞,output\教材封面\b1\b1eb6065-df9c-4e04-8199-078f55b61097.jpg,True
6979e325-aba2-4576-8ff6-db6a475f5321,高中,生物学,高中年级,必修2 遗传与进化,北师大版,普通高中教科书·生物学必修2 遗传与进化,output\教材封面\69\6979e325-aba2-4576-8ff6-db6a475f5321.jpg,True
1b48154c-67c1-4f48-9388-1f3178352a91,高中,生物学,高中年级,选择性必修1 稳态与调节,北师大版,普通高中教科书·生物学选择性必修1 稳态与调节,output\教材封面\1b\1b48154c-67c1-4f48-9388-1f3178352a91.jpg,True
24545301-19c9-42a1-b617-51ef4e85a7b5,高中,生物学,高中年级,选择性必修2 生物与环境,北师大版,普通高中教科书·生物学选择性必修2 生物与环境,output\教材封面\24\24545301-19c9-42a1-b617-51ef4e85a7b5.jpg,True
dff90ad3-175f-4c7d-acd4-1a7edb8becf7,高中,生物学,高中年级,选择性必修3 生物技术与工程,北师大版,普通高中教科书·生物学选择性必修3 生物技术与工程,output\教材封面\df\dff90ad3-175f-4c7d-acd4-1a7edb8becf7.jpg,True
f772c954-440d-4a1f-b134-5718c02abc86,高中,生物学,高中年级,必修1 分子与细胞,苏教版,普通高中教科书·生物学必修1 分子与细胞,output\教材封面\f7\f772c954-440d-4a1f-b134-5718c02abc86.jpg,True
3a58cbac-f52d-4daa-a569-1889db49ab67,高中,生物学,高中年级,必修2 遗传与进化,苏教版,普通高中教科书·生物学必修2 遗传与进化,output\教材封面\3a\3a58cbac-f52d-4daa-a569-1889db49ab67.jpg,True
edb20fce-5f09-4bcc-988d-664d09bb4e96,高中,生物学,高中年级,选择性必修1 稳态与调节,苏教版,普通高中教科书·生物学选择性必修1 稳态与调节,output\教材封面\ed\edb20fce-5f09-4bcc-988d-664d09bb4e96.jpg,True
7ea582cb-5cf9-45d2-97f5-a3d1c0827323,高中,生物学,高中年级,选择性必修2 生物与环境,苏教版,普通高中教科书·生物学选择性必修2 生物与环境,output\教材封面\7e\7ea582cb-5cf9-45d2-97f5-a3d1c0827323.jpg,True
7571ad8f-6735-46f8-ab07-a365be6c805d,高中,生物学,高中年级,选择性必修3 生物技术与工程,苏教版,普通高中教科书·生物学选择性必修3 生物技术与工程,output\教材封面\75\7571ad8f-6735-46f8-ab07-a365be6c805d.jpg,True
c2d7f565-f856-4e4c-9bdc-de4bd89e827c,高中,生物学,高中年级,必修1 分子与细胞,浙科版,普通高中教科书·生物学必修1 分子与细胞,output\教材封面\c2\c2d7f565-f856-4e4c-9bdc-de4bd89e827c.jpg,True
ec55a812-315c-4301-b0d9-08baaa88f381,高中,生物学,高中年级,必修2 遗传与进化,浙科版,普通高中教科书·生物学必修2 遗传与进化,output\教材封面\ec\ec55a812-315c-4301-b0d9-08baaa88f381.jpg,True
2c09fb4f-c4cf-4e3c-b3d5-a7f101c8b7f2,高中,生物学,高中年级,选择性必修1 稳态与调节,浙科版,普通高中教科书·生物学选择性必修1 稳态与调节,output\教材封面\2c\2c09fb4f-c4cf-4e3c-b3d5-a7f101c8b7f2.jpg,True
e1c32ef7-53a1-4d34-bd78-0974236265a8,高中,生物学,高中年级,选择性必修2 生物与环境,浙科版,普通高中教科书·生物学选择性必修2 生物与环境,output\教材封面\e1\e1c32ef7-53a1-4d34-bd78-0974236265a8.jpg,True
4c47b88f-6049-4c7a-a201-c540188f7bbb,高中,生物学,高中年级,选择性必修3 生物技术与工程,浙科版,普通高中教科书·生物学选择性必修3 生物技术与工程,output\教材封面\4c\4c47b88f-6049-4c7a-a201-c540188f7bbb.jpg,True
449c3aba-0d7e-4620-81b0-82fb1d893bd3,高中,生物学,高中年级,必修1 分子与细胞,沪科技版,普通高中教科书·生物学必修1 分子与细胞,output\教材封面\44\449c3aba-0d7e-4620-81b0-82fb1d893bd3.jpg,True
3a133cab-78f3-4359-83e8-72aaf9dba364,高中,生物学,高中年级,必修2 遗传与进化,沪科技版,普通高中教科书·生物学必修2 遗传与进化,output\教材封面\3a\3a133cab-78f3-4359-83e8-72aaf9dba364.jpg,True
adc5c83a-40bb-41b1-8c90-aaafa49d5234,高中,生物学,高中年级,选择性必修1 稳态与调节,沪科技版,普通高中教科书·生物学选择性必修1 稳态与调节,output\教材封面\ad\adc5c83a-40bb-41b1-8c90-aaafa49d5234.jpg,True
17df4d83-2991-4963-a827-f531089b5ecc,高中,生物学,高中年级,选择性必修2 生物与环境,沪科技版,普通高中教科书·生物学选择性必修2 生物与环境,output\教材封面\17\17df4d83-2991-4963-a827-f531089b5ecc.jpg,True
72db80ff-063e-4afc-a027-f2e0d9ecc26d,高中,生物学,高中年级,选择性必修3 生物技术与工程,沪科技版,普通高中教科书·生物学选择性必修3 生物技术与工程,output\教材封面\72\72db80ff-063e-4afc-a027-f2e0d9ecc26d.jpg,True
86ccb6ea-55da-4d28-8368-a7ce17a1b3e7,高中,信息技术,高中年级,必修1 数据与计算,人教中图版,普通高中教科书·信息技术必修1 数据与计算,output\教材封面\86\86ccb6ea-55da-4d28-8368-a7ce17a1b3e7.jpg,True
ddecd339-a9fa-4d3c-8da5-ffc396808be3,高中,信息技术,高中年级,必修2 信息系统与社会,人教中图版,普通高中教科书·信息技术必修2 信息系统与社会,output\教材封面\dd\ddecd339-a9fa-4d3c-8da5-ffc396808be3.jpg,True
8cac5778-82b9-4e9d-b6ed-c488da9d230b,高中,信息技术,高中年级,选择性必修1 数据与数据结构,人教中图版,普通高中教科书·信息技术选择性必修1 数据与数据结构,output\教材封面\8c\8cac5778-82b9-4e9d-b6ed-c488da9d230b.jpg,True
d8c10eaf-beef-4a47-a3fa-b8bd297f2f50,高中,信息技术,高中年级,选择性必修2 网络基础,人教中图版,普通高中教科书·信息技术选择性必修2 网络基础,output\教材封面\d8\d8c10eaf-beef-4a47-a3fa-b8bd297f2f50.jpg,True
05b33d09-5d68-4c50-aa42-1ca795b585f2,高中,信息技术,高中年级,选择性必修3 数据管理与分析,人教中图版,普通高中教科书·信息技术选择性必修3 数据管理与分析,output\教材封面\05\05b33d09-5d68-4c50-aa42-1ca795b585f2.jpg,True
58d5f5fa-737b-48e6-b7f3-ebeb1799cf81,高中,信息技术,高中年级,选择性必修4 人工智能初步,人教中图版,普通高中教科书·信息技术选择性必修4 人工智能初步,output\教材封面\58\58d5f5fa-737b-48e6-b7f3-ebeb1799cf81.jpg,True
05f38801-c67d-44fa-83be-a9000ef4e9fb,高中,信息技术,高中年级,选择性必修5 三维设计与创意,人教中图版,普通高中教科书·信息技术选择性必修5 三维设计与创意,output\教材封面\05\05f38801-c67d-44fa-83be-a9000ef4e9fb.jpg,True
f9587a7d-dcea-4e27-82b0-89a2fde1f0b8,高中,信息技术,高中年级,选择性必修6 开源硬件项目设计,人教中图版,普通高中教科书·信息技术选择性必修6 开源硬件项目设计,output\教材封面\f9\f9587a7d-dcea-4e27-82b0-89a2fde1f0b8.jpg,True
ace1b038-475b-4852-aecc-0ae8f2bd1b8f,高中,信息技术,高中年级,必修1 数据与计算,沪科教版,普通高中教科书·信息技术必修1 数据与计算,output\教材封面\ac\ace1b038-475b-4852-aecc-0ae8f2bd1b8f.jpg,True
8a1f197c-c148-4d49-a12c-75d2777171ad,高中,信息技术,高中年级,必修2 信息系统与社会,沪科教版,普通高中教科书·信息技术必修2 信息系统与社会,output\教材封面\8a\8a1f197c-c148-4d49-a12c-75d2777171ad.jpg,True
a9b4af5a-f005-479b-a5b2-ab2524954488,高中,信息技术,高中年级,选择性必修1 数据与数据结构,沪科教版,普通高中教科书·信息技术选择性必修1 数据与数据结构,output\教材封面\a9\a9b4af5a-f005-479b-a5b2-ab2524954488.jpg,True
b6a6c300-e688-4169-af20-c93dd70e3f0e,高中,信息技术,高中年级,选择性必修2 网络基础,沪科教版,普通高中教科书·信息技术选择性必修2 网络基础,output\教材封面\b6\b6a6c300-e688-4169-af20-c93dd70e3f0e.jpg,True
d5166e6c-cc89-40c2-b3de-6944a180eeda,高中,信息技术,高中年级,选择性必修3 数据管理与分析,沪科教版,普通高中教科书·信息技术选择性必修3 数据管理与分析,output\教材封面\d5\d5166e6c-cc89-40c2-b3de-6944a180eeda.jpg,True
752f8cd6-ca7e-402a-8f86-8c2186914b37,高中,信息技术,高中年级,选择性必修4 人工智能初步,沪科教版,普通高中教科书·信息技术选择性必修4 人工智能初步,output\教材封面\75\752f8cd6-ca7e-402a-8f86-8c2186914b37.jpg,True
2e76340f-034a-40a9-8e3a-c14d68e8f3b5,高中,信息技术,高中年级,选择性必修5 三维设计与创意,沪科教版,普通高中教科书·信息技术选择性必修5 三维设计与创意,output\教材封面\2e\2e76340f-034a-40a9-8e3a-c14d68e8f3b5.jpg,True
a7c6605b-4247-4562-9506-7e30022b488e,高中,信息技术,高中年级,选择性必修6 开源硬件项目设计,沪科教版,普通高中教科书·信息技术选择性必修6 开源硬件项目设计,output\教材封面\a7\a7c6605b-4247-4562-9506-7e30022b488e.jpg,True
513c3028-a60e-49c1-94a4-a6f3e442d445,高中,信息技术,高中年级,必修1 数据与计算,粤教版,普通高中教科书·信息技术必修1 数据与计算,output\教材封面\51\513c3028-a60e-49c1-94a4-a6f3e442d445.jpg,True
427544e3-c3cf-429d-a7c8-ec5b9870c60d,高中,信息技术,高中年级,必修2 信息系统与社会,粤教版,普通高中教科书·信息技术必修2 信息系统与社会,output\教材封面\42\427544e3-c3cf-429d-a7c8-ec5b9870c60d.jpg,True
ac0519aa-efbd-4ce8-b054-4965ec070377,高中,信息技术,高中年级,选择性必修1 数据与数据结构,粤教版,普通高中教科书·信息技术选择性必修1 数据与数据结构,output\教材封面\ac\ac0519aa-efbd-4ce8-b054-4965ec070377.jpg,True
73d77674-3313-490c-a1ab-b6c764000e0e,高中,信息技术,高中年级,选择性必修2 网络基础,粤教版,普通高中教科书·信息技术选择性必修2 网络基础,output\教材封面\73\73d77674-3313-490c-a1ab-b6c764000e0e.jpg,True
1db9db10-6807-4f35-a905-34b21ce4e4dc,高中,信息技术,高中年级,选择性必修3 数据管理与分析,粤教版,普通高中教科书·信息技术选择性必修3 数据管理与分析,output\教材封面\1d\1db9db10-6807-4f35-a905-34b21ce4e4dc.jpg,True
0e91ba88-beee-487b-b7da-c563a095daad,高中,信息技术,高中年级,选择性必修4 人工智能初步,粤教版,普通高中教科书·信息技术选择性必修4 人工智能初步,output\教材封面\0e\0e91ba88-beee-487b-b7da-c563a095daad.jpg,True
c520b3d8-46db-43b5-947d-abb2f931acec,高中,信息技术,高中年级,选择性必修5 三维设计与创意,粤教版,普通高中教科书·信息技术选择性必修5 三维设计与创意,output\教材封面\c5\c520b3d8-46db-43b5-947d-abb2f931acec.jpg,True
5e526aef-38db-4da6-b21a-89daa1ab0e4a,高中,信息技术,高中年级,选择性必修6 开源硬件项目设计,粤教版,普通高中教科书·信息技术选择性必修6 开源硬件项目设计,output\教材封面\5e\5e526aef-38db-4da6-b21a-89daa1ab0e4a.jpg,True
4179c16a-892b-43d6-b6c4-0cf1d97dcd3e,高中,信息技术,高中年级,必修1 数据与计算,浙教版,普通高中教科书·信息技术必修1 数据与计算,output\教材封面\41\4179c16a-892b-43d6-b6c4-0cf1d97dcd3e.jpg,True
4a5cc36d-ed29-4773-878a-f622c34d3d04,高中,信息技术,高中年级,必修2 信息系统与社会,浙教版,普通高中教科书·信息技术必修2 信息系统与社会,output\教材封面\4a\4a5cc36d-ed29-4773-878a-f622c34d3d04.jpg,True
89f76a0a-8d11-4725-891b-8e2fa879aa57,高中,信息技术,高中年级,选择性必修1 数据与数据结构,浙教版,普通高中教科书·信息技术选择性必修1 数据与数据结构,output\教材封面\89\89f76a0a-8d11-4725-891b-8e2fa879aa57.jpg,True
e30e5ac2-789c-4b94-83f6-e88bd6f23c17,高中,信息技术,高中年级,选择性必修2 网络基础,浙教版,普通高中教科书·信息技术选择性必修2 网络基础,output\教材封面\e3\e30e5ac2-789c-4b94-83f6-e88bd6f23c17.jpg,True
f7e4314d-d4ff-4db6-b7d5-d9f8062467f5,高中,信息技术,高中年级,选择性必修3 数据管理与分析,浙教版,普通高中教科书·信息技术选择性必修3 数据管理与分析,output\教材封面\f7\f7e4314d-d4ff-4db6-b7d5-d9f8062467f5.jpg,True
82627814-edb3-45f1-903c-74f37897ad6e,高中,信息技术,高中年级,选择性必修4 人工智能初步,浙教版,普通高中教科书·信息技术选择性必修4 人工智能初步,output\教材封面\82\82627814-edb3-45f1-903c-74f37897ad6e.jpg,True
b1bacea2-629c-4cdd-adcc-a5ef3d899ac9,高中,信息技术,高中年级,选择性必修5 三维设计与创意,浙教版,普通高中教科书·信息技术选择性必修5 三维设计与创意,output\教材封面\b1\b1bacea2-629c-4cdd-adcc-a5ef3d899ac9.jpg,True
a2942853-6d5e-44d2-92c7-8e14064b4be8,高中,信息技术,高中年级,选择性必修6 开源硬件项目设计,浙教版,普通高中教科书·信息技术选择性必修6 开源硬件项目设计,output\教材封面\a2\a2942853-6d5e-44d2-92c7-8e14064b4be8.jpg,True
f663d6c9-cf91-41cc-afa4-008a6ebaea91,高中,信息技术,高中年级,必修1 数据与计算,教科版,普通高中教科书·信息技术必修1 数据与计算,output\教材封面\f6\f663d6c9-cf91-41cc-afa4-008a6ebaea91.jpg,True
58ea9174-4937-4573-8b5a-be71a96de5b4,高中,信息技术,高中年级,必修2 信息系统与社会,教科版,普通高中教科书·信息技术必修2 信息系统与社会,output\教材封面\58\58ea9174-4937-4573-8b5a-be71a96de5b4.jpg,True
0ad02b2f-3ed6-4054-b7ff-a2993b4cd70e,高中,信息技术,高中年级,选择性必修1 数据与数据结构,教科版,普通高中教科书·信息技术选择性必修1 数据与数据结构,output\教材封面\0a\0ad02b2f-3ed6-4054-b7ff-a2993b4cd70e.jpg,True
8e26563e-fa57-48ab-a3c9-7f2e5a726207,高中,信息技术,高中年级,选择性必修2 网络基础,教科版,普通高中教科书·信息技术选择性必修2 网络基础,output\教材封面\8e\8e26563e-fa57-48ab-a3c9-7f2e5a726207.jpg,True
d6845ec0-59e8-47a9-94d0-0d0bdb618dfd,高中,信息技术,高中年级,选择性必修3 数据管理与分析,教科版,普通高中教科书·信息技术选择性必修3 数据管理与分析,output\教材封面\d6\d6845ec0-59e8-47a9-94d0-0d0bdb618dfd.jpg,True
756cfd41-b96e-4e6b-80d5-77998c19fcad,高中,信息技术,高中年级,选择性必修4 人工智能初步,教科版,普通高中教科书·信息技术选择性必修4 人工智能初步,output\教材封面\75\756cfd41-b96e-4e6b-80d5-77998c19fcad.jpg,True
0041b386-0b61-4ad1-bcc2-627fb6a3249d,高中,信息技术,高中年级,选择性必修5 三维设计与创意,教科版,普通高中教科书·信息技术选择性必修5 三维设计与创意,output\教材封面\00\0041b386-0b61-4ad1-bcc2-627fb6a3249d.jpg,True
a9651c31-1db6-48a9-b17b-6dff0ed83c55,高中,信息技术,高中年级,选择性必修6 开源硬件项目设计,教科版,普通高中教科书·信息技术选择性必修6 开源硬件项目设计,output\教材封面\a9\a9651c31-1db6-48a9-b17b-6dff0ed83c55.jpg,True
14777d3f-87ff-4c31-91b1-0245914a9851,高中,信息技术,高中年级,必修1 数据与计算,华东师大版,普通高中教科书·信息技术必修1 数据与计算,output\教材封面\14\14777d3f-87ff-4c31-91b1-0245914a9851.jpg,True
3c15ae63-4744-4983-afbd-1fd4f43ddc73,高中,信息技术,高中年级,必修2 信息系统与社会,华东师大版,普通高中教科书·信息技术必修2 信息系统与社会,output\教材封面\3c\3c15ae63-4744-4983-afbd-1fd4f43ddc73.jpg,True
f7d65cef-e1a1-48b5-840a-a8fd3ecab3b3,高中,信息技术,高中年级,选择性必修1 数据与数据结构,华东师大版,普通高中教科书·信息技术选择性必修1 数据与数据结构,output\教材封面\f7\f7d65cef-e1a1-48b5-840a-a8fd3ecab3b3.jpg,True
56da11b6-d36b-4fcd-9763-caa37023fc15,高中,信息技术,高中年级,选择性必修2 网络基础,华东师大版,普通高中教科书·信息技术选择性必修2 网络基础,output\教材封面\56\56da11b6-d36b-4fcd-9763-caa37023fc15.jpg,True
4d9c81ae-bea7-46af-b57c-b3f374f8bbe4,高中,信息技术,高中年级,选择性必修3 数据管理与分析,华东师大版,普通高中教科书·信息技术选择性必修3 数据管理与分析,output\教材封面\4d\4d9c81ae-bea7-46af-b57c-b3f374f8bbe4.jpg,True
0dc7a556-d889-4180-91e0-f7174365f922,高中,信息技术,高中年级,选择性必修4 人工智能初步,华东师大版,普通高中教科书·信息技术选择性必修4 人工智能初步,output\教材封面\0d\0dc7a556-d889-4180-91e0-f7174365f922.jpg,True
89e1e918-70ee-4d3e-b426-6a60522d1489,高中,信息技术,高中年级,选择性必修5 三维设计与创意,华东师大版,普通高中教科书·信息技术选择性必修5 三维设计与创意,output\教材封面\89\89e1e918-70ee-4d3e-b426-6a60522d1489.jpg,True
fe1015a4-6fcc-4fe2-ac1f-7c104a8eb551,高中,信息技术,高中年级,选择性必修6 开源硬件项目设计,华东师大版,普通高中教科书·信息技术选择性必修6 开源硬件项目设计,output\教材封面\fe\fe1015a4-6fcc-4fe2-ac1f-7c104a8eb551.jpg,True
26352a91-1c95-4113-b6c8-533ac633a5cc,高中,通用技术,高中年级,必修 技术与设计1,粤教粤科版,普通高中教科书·通用技术必修 技术与设计1,output\教材封面\26\26352a91-1c95-4113-b6c8-533ac633a5cc.jpg,True
00dd16cb-b7a1-4e96-af04-945bc38ab050,高中,通用技术,高中年级,必修 技术与设计2,粤教粤科版,普通高中教科书·通用技术必修 技术与设计2,output\教材封面\00\00dd16cb-b7a1-4e96-af04-945bc38ab050.jpg,True
dbbd7fd4-0f23-4ea5-9d22-02ca4f678b10,高中,通用技术,高中年级,选择性必修1 电子控制技术,粤教粤科版,普通高中教科书·通用技术选择性必修1 电子控制技术,output\教材封面\db\dbbd7fd4-0f23-4ea5-9d22-02ca4f678b10.jpg,True
b6314a40-7121-4d5a-9acc-90da2f685e79,高中,通用技术,高中年级,选择性必修2 机器人设计与制作,粤教粤科版,普通高中教科书·通用技术选择性必修2 机器人设计与制作,output\教材封面\b6\b6314a40-7121-4d5a-9acc-90da2f685e79.jpg,True
f45199b2-c579-4fb7-8677-fcc0b2751698,高中,通用技术,高中年级,选择性必修3 工程设计基础,粤教粤科版,普通高中教科书·通用技术选择性必修3 工程设计基础,output\教材封面\f4\f45199b2-c579-4fb7-8677-fcc0b2751698.jpg,True
472bf95e-2b0a-4bfb-930a-c690d68c8c87,高中,通用技术,高中年级,选择性必修4 现代家政技术,粤教粤科版,普通高中教科书·通用技术选择性必修4 现代家政技术,output\教材封面\47\472bf95e-2b0a-4bfb-930a-c690d68c8c87.jpg,True
9fc19b14-ebe7-4855-9bcc-694ba15aefd7,高中,通用技术,高中年级,选择性必修5 服装及其设计,粤教粤科版,普通高中教科书·通用技术选择性必修5 服装及其设计,output\教材封面\9f\9fc19b14-ebe7-4855-9bcc-694ba15aefd7.jpg,True
7cf141ba-0094-4707-a81b-5e460841d330,高中,通用技术,高中年级,选择性必修6 智能家居应用设计,粤教粤科版,普通高中教科书·通用技术选择性必修6 智能家居应用设计,output\教材封面\7c\7cf141ba-0094-4707-a81b-5e460841d330.jpg,True
075fe496-2f35-4896-8d29-87771f57d259,高中,通用技术,高中年级,选择性必修7 职业技术基础,粤教粤科版,普通高中教科书·通用技术选择性必修7 职业技术基础,output\教材封面\07\075fe496-2f35-4896-8d29-87771f57d259.jpg,True
1b8f49c6-466a-48b5-af3b-59ca9087a5d7,高中,通用技术,高中年级,选择性必修8 技术与职业探索,粤教粤科版,普通高中教科书·通用技术选择性必修8 技术与职业探索,output\教材封面\1b\1b8f49c6-466a-48b5-af3b-59ca9087a5d7.jpg,True
1ae131eb-728c-475a-ae51-d00c05f8a58f,高中,通用技术,高中年级,选择性必修9 创造力开发与技术发明,粤教粤科版,普通高中教科书·通用技术选择性必修9 创造力开发与技术发明,output\教材封面\1a\1ae131eb-728c-475a-ae51-d00c05f8a58f.jpg,True
b9dc1380-30a2-48c8-912c-4a4bad4e4b30,高中,通用技术,高中年级,选择性必修10 科技人文融合创新专题,粤教粤科版,普通高中教科书·通用技术选择性必修10 科技人文融合创新专题,output\教材封面\b9\b9dc1380-30a2-48c8-912c-4a4bad4e4b30.jpg,True
deebf227-9b4f-40bd-b08a-436fb1a7095b,高中,通用技术,高中年级,选择性必修11 产品三维设计与制造,粤教粤科版,普通高中教科书·通用技术选择性必修11 产品三维设计与制造,output\教材封面\de\deebf227-9b4f-40bd-b08a-436fb1a7095b.jpg,True
c64f2184-3c37-4df6-81e0-8ff51218f626,高中,通用技术,高中年级,必修 技术与设计1,苏教版,普通高中教科书·通用技术必修 技术与设计1,output\教材封面\c6\c64f2184-3c37-4df6-81e0-8ff51218f626.jpg,True
23d0eb12-12b0-419c-9681-50aaa6a30558,高中,通用技术,高中年级,必修 技术与设计2,苏教版,普通高中教科书·通用技术必修 技术与设计2,output\教材封面\23\23d0eb12-12b0-419c-9681-50aaa6a30558.jpg,True
e1274f82-54f6-4bbc-9bfb-5c7657241928,高中,通用技术,高中年级,选择性必修1 电子控制技术,苏教版,普通高中教科书·通用技术选择性必修1 电子控制技术,output\教材封面\e1\e1274f82-54f6-4bbc-9bfb-5c7657241928.jpg,True
de2250ae-f5be-441a-a918-e25a204aafd7,高中,通用技术,高中年级,选择性必修2 机器人设计与制作,苏教版,普通高中教科书·通用技术选择性必修2 机器人设计与制作,output\教材封面\de\de2250ae-f5be-441a-a918-e25a204aafd7.jpg,True
840cf1b8-230f-4e93-af8e-e20faceba0c5,高中,通用技术,高中年级,选择性必修3 工程设计基础,苏教版,普通高中教科书·通用技术选择性必修3 工程设计基础,output\教材封面\84\840cf1b8-230f-4e93-af8e-e20faceba0c5.jpg,True
e8df8431-e2c4-4d9a-aadd-794817728eea,高中,通用技术,高中年级,选择性必修4 现代家政技术,苏教版,普通高中教科书·通用技术选择性必修4 现代家政技术,output\教材封面\e8\e8df8431-e2c4-4d9a-aadd-794817728eea.jpg,True
ebc5c7b6-803e-418f-a234-42fd48a629b2,高中,通用技术,高中年级,选择性必修5 服装及其设计,苏教版,普通高中教科书·通用技术选择性必修5 服装及其设计,output\教材封面\eb\ebc5c7b6-803e-418f-a234-42fd48a629b2.jpg,True
3ef546bf-dd04-4657-8994-6d28c213a53a,高中,通用技术,高中年级,选择性必修6 智能家居应用设计,苏教版,普通高中教科书·通用技术选择性必修6 智能家居应用设计,output\教材封面\3e\3ef546bf-dd04-4657-8994-6d28c213a53a.jpg,True
c86aa02e-5c5c-4fab-bce0-310e5b818b6e,高中,通用技术,高中年级,选择性必修7 职业技术基础,苏教版,普通高中教科书·通用技术选择性必修7 职业技术基础,output\教材封面\c8\c86aa02e-5c5c-4fab-bce0-310e5b818b6e.jpg,True
abd908c2-6eff-42b7-9c70-66c2d3a23516,高中,通用技术,高中年级,选择性必修8 技术与职业探索,苏教版,普通高中教科书·通用技术选择性必修8 技术与职业探索,output\教材封面\ab\abd908c2-6eff-42b7-9c70-66c2d3a23516.jpg,True
da5818e8-56d4-49f7-b812-77f07958334a,高中,通用技术,高中年级,选择性必修9 创造力开发与技术发明,苏教版,普通高中教科书·通用技术选择性必修9 创造力开发与技术发明,output\教材封面\da\da5818e8-56d4-49f7-b812-77f07958334a.jpg,True
4d9fc27f-8d0f-4819-8a73-b0b749b38b3e,高中,通用技术,高中年级,选择性必修10 科技人文融合创新专题,苏教版,普通高中教科书·通用技术选择性必修10 科技人文融合创新专题,output\教材封面\4d\4d9fc27f-8d0f-4819-8a73-b0b749b38b3e.jpg,True
4a462cf5-86d4-4df8-b585-d235900a3868,高中,通用技术,高中年级,选择性必修11 产品三维设计与制造,苏教版,普通高中教科书·通用技术选择性必修11 产品三维设计与制造,output\教材封面\4a\4a462cf5-86d4-4df8-b585-d235900a3868.jpg,True
41bff268-ba43-4dd6-942c-4b7f9e722e71,高中,通用技术,高中年级,必修 技术与设计1,豫科版,普通高中教科书·通用技术必修 技术与设计1,output\教材封面\41\41bff268-ba43-4dd6-942c-4b7f9e722e71.jpg,True
e4276ca2-7cea-48ed-9669-358ef07334f8,高中,通用技术,高中年级,必修 技术与设计2,豫科版,普通高中教科书·通用技术必修 技术与设计2,output\教材封面\e4\e4276ca2-7cea-48ed-9669-358ef07334f8.jpg,True
f7279eeb-06a7-41db-9f37-4e428eb9aa1f,高中,通用技术,高中年级,选择性必修1 电子控制技术,豫科版,普通高中教科书·通用技术选择性必修1 电子控制技术,output\教材封面\f7\f7279eeb-06a7-41db-9f37-4e428eb9aa1f.jpg,True
01ffe060-ee9d-4acf-b366-67f9edf9e861,高中,通用技术,高中年级,选择性必修2 机器人设计与制作,豫科版,普通高中教科书·通用技术选择性必修2 机器人设计与制作,output\教材封面\01\01ffe060-ee9d-4acf-b366-67f9edf9e861.jpg,True
ea501cb3-2d14-43d9-a0ea-11a4c8325359,高中,通用技术,高中年级,选择性必修3 工程设计基础,豫科版,普通高中教科书·通用技术选择性必修3 工程设计基础,output\教材封面\ea\ea501cb3-2d14-43d9-a0ea-11a4c8325359.jpg,True
dc47a2d8-4578-4f97-ba06-dcd2428360f4,高中,通用技术,高中年级,选择性必修4 现代家政技术,豫科版,普通高中教科书·通用技术选择性必修4 现代家政技术,output\教材封面\dc\dc47a2d8-4578-4f97-ba06-dcd2428360f4.jpg,True
f6585301-61a1-4728-b61d-f46c0350299c,高中,通用技术,高中年级,选择性必修5 服装及其设计,豫科版,普通高中教科书·通用技术选择性必修5 服装及其设计,output\教材封面\f6\f6585301-61a1-4728-b61d-f46c0350299c.jpg,True
7fae5a2e-2a81-440f-bef9-e9ec7f105cc1,高中,通用技术,高中年级,选择性必修6 智能家居应用设计,豫科版,普通高中教科书·通用技术选择性必修6 智能家居应用设计,output\教材封面\7f\7fae5a2e-2a81-440f-bef9-e9ec7f105cc1.jpg,True
d8cbf267-88c1-4af9-ae65-25154051ac3b,高中,通用技术,高中年级,选择性必修7 职业技术基础,豫科版,普通高中教科书·通用技术选择性必修7 职业技术基础,output\教材封面\d8\d8cbf267-88c1-4af9-ae65-25154051ac3b.jpg,True
a8d69ee9-d2c7-4fa0-841b-e9abba7266dc,高中,通用技术,高中年级,选择性必修8 技术与职业探索,豫科版,普通高中教科书·通用技术选择性必修8 技术与职业探索,output\教材封面\a8\a8d69ee9-d2c7-4fa0-841b-e9abba7266dc.jpg,True
2c91510a-0f7f-4f21-af01-7244268b4140,高中,通用技术,高中年级,选择性必修9 创造力开发与技术发明,豫科版,普通高中教科书·通用技术选择性必修9 创造力开发与技术发明,output\教材封面\2c\2c91510a-0f7f-4f21-af01-7244268b4140.jpg,True
a04570ab-c7b6-4e08-8d1d-214e307468ff,高中,通用技术,高中年级,选择性必修10 科技人文融合创新专题,豫科版,普通高中教科书·通用技术选择性必修10 科技人文融合创新专题,output\教材封面\a0\a04570ab-c7b6-4e08-8d1d-214e307468ff.jpg,True
292fb162-10d4-4a50-ba46-cbda3d6c53da,高中,通用技术,高中年级,选择性必修11 产品三维设计与制造,豫科版,普通高中教科书·通用技术选择性必修11 产品三维设计与制造,output\教材封面\29\292fb162-10d4-4a50-ba46-cbda3d6c53da.jpg,True
873d1503-edc9-4311-a464-dd917307e9bc,高中,通用技术,高中年级,必修 技术与设计1,地质社版,普通高中教科书·通用技术必修 技术与设计1,output\教材封面\87\873d1503-edc9-4311-a464-dd917307e9bc.jpg,True
54686158-059c-4d76-8021-7bc6571e8bd2,高中,通用技术,高中年级,必修 技术与设计2,地质社版,普通高中教科书·通用技术必修 技术与设计2,output\教材封面\54\54686158-059c-4d76-8021-7bc6571e8bd2.jpg,True
c5f47403-cb81-4791-a3fb-b32313b7f58e,高中,通用技术,高中年级,选择性必修1 电子控制技术,地质社版,普通高中教科书·通用技术选择性必修1 电子控制技术,output\教材封面\c5\c5f47403-cb81-4791-a3fb-b32313b7f58e.jpg,True
be3c1471-f026-498d-b04e-bda2529d977f,高中,通用技术,高中年级,选择性必修2 机器人设计与制作,地质社版,普通高中教科书·通用技术选择性必修2 机器人设计与制作,output\教材封面\be\be3c1471-f026-498d-b04e-bda2529d977f.jpg,True
c0a99c19-37e7-4203-9d2a-cf0fedc0d8e6,高中,通用技术,高中年级,选择性必修3 工程设计基础,地质社版,普通高中教科书·通用技术选择性必修3 工程设计基础,output\教材封面\c0\c0a99c19-37e7-4203-9d2a-cf0fedc0d8e6.jpg,True
a9ca0bd4-b22b-411a-a788-607f97e3d963,高中,通用技术,高中年级,选择性必修4 现代家政技术,地质社版,普通高中教科书·通用技术选择性必修4 现代家政技术,output\教材封面\a9\a9ca0bd4-b22b-411a-a788-607f97e3d963.jpg,True
1b547241-2822-4a3f-b316-2b279808a28f,高中,通用技术,高中年级,选择性必修5 服装及其设计,地质社版,普通高中教科书·通用技术选择性必修5 服装及其设计,output\教材封面\1b\1b547241-2822-4a3f-b316-2b279808a28f.jpg,True
af07b74b-2058-4593-920e-aac06d6d5080,高中,通用技术,高中年级,选择性必修6 智能家居应用设计,地质社版,普通高中教科书·通用技术选择性必修6 智能家居应用设计,output\教材封面\af\af07b74b-2058-4593-920e-aac06d6d5080.jpg,True
06f0f115-50f8-4835-a3ee-9c280c0ef4a7,高中,通用技术,高中年级,选择性必修7 职业技术基础,地质社版,普通高中教科书·通用技术选择性必修7 职业技术基础,output\教材封面\06\06f0f115-50f8-4835-a3ee-9c280c0ef4a7.jpg,True
34e12f11-61b8-45ba-9407-536a8db0796e,高中,通用技术,高中年级,选择性必修8 技术与职业探索,地质社版,普通高中教科书·通用技术选择性必修8 技术与职业探索,output\教材封面\34\34e12f11-61b8-45ba-9407-536a8db0796e.jpg,True
5c55ebb8-95c6-4faf-9c3e-dfe3bdb67d0e,高中,通用技术,高中年级,选择性必修9 创造力开发与技术发明,地质社版,普通高中教科书·通用技术选择性必修9 创造力开发与技术发明,output\教材封面\5c\5c55ebb8-95c6-4faf-9c3e-dfe3bdb67d0e.jpg,True
16fb49eb-894f-49db-b792-cb47dd856e12,高中,通用技术,高中年级,选择性必修10 科技人文融合创新专题,地质社版,普通高中教科书·通用技术选择性必修10 科技人文融合创新专题,output\教材封面\16\16fb49eb-894f-49db-b792-cb47dd856e12.jpg,True
0ff5dbab-9e4b-4f87-a5dd-436b29db42ab,高中,通用技术,高中年级,选择性必修11 产品三维设计与制造,地质社版,普通高中教科书·通用技术选择性必修11 产品三维设计与制造,output\教材封面\0f\0ff5dbab-9e4b-4f87-a5dd-436b29db42ab.jpg,True
b0c8beb3-8e91-4e1a-b785-9dcd7a3d1e51,高中,通用技术,高中年级,必修 技术与设计1,人教版,普通高中教科书·通用技术必修 技术与设计1,output\教材封面\b0\b0c8beb3-8e91-4e1a-b785-9dcd7a3d1e51.jpg,True
80cc21f6-ca92-4d27-87e6-403874484350,高中,通用技术,高中年级,必修 技术与设计2,人教版,普通高中教科书·通用技术必修 技术与设计2,output\教材封面\80\80cc21f6-ca92-4d27-87e6-403874484350.jpg,True
983a74e8-e3a3-476c-8924-22d772d9ddf8,高中,通用技术,高中年级,选择性必修1,人教版,普通高中教科书·通用技术 选择性必修1 电子控制技术,output\教材封面\98\983a74e8-e3a3-476c-8924-22d772d9ddf8.jpg,True
cf362a15-46a3-47c4-8392-69f1059bc193,高中,通用技术,高中年级,选择性必修2,人教版,普通高中教科书·通用技术 选择性必修2 机器人设计与制作,output\教材封面\cf\cf362a15-46a3-47c4-8392-69f1059bc193.jpg,True
f89ada7a-09df-4892-aaf4-37e016cf0192,高中,通用技术,高中年级,选择性必修3,人教版,普通高中教科书·通用技术 选择性必修3 工程设计基础,output\教材封面\f8\f89ada7a-09df-4892-aaf4-37e016cf0192.jpg,True
5f93e195-d118-43a3-bb5d-d5df2f74caf7,高中,通用技术,高中年级,选择性必修4,人教版,普通高中教科书·通用技术 选择性必修4 现代家政技术,output\教材封面\5f\5f93e195-d118-43a3-bb5d-d5df2f74caf7.jpg,True
6af0bca6-9781-43d5-a5ee-efc2d0dbe805,高中,音乐,高中年级,必修1 音乐鉴赏,人音版,普通高中教科书·音乐必修1 音乐鉴赏,output\教材封面\6a\6af0bca6-9781-43d5-a5ee-efc2d0dbe805.jpg,True
78f4faa3-e0c4-4c59-aaaf-50bb3bc33f1e,高中,音乐,高中年级,必修2 歌唱,人音版,普通高中教科书·音乐必修2 歌唱,output\教材封面\78\78f4faa3-e0c4-4c59-aaaf-50bb3bc33f1e.jpg,True
2e1c67c1-baa6-4720-854a-a0df486090bc,高中,音乐,高中年级,必修3 演奏,人音版,普通高中教科书·音乐必修3 演奏,output\教材封面\2e\2e1c67c1-baa6-4720-854a-a0df486090bc.jpg,True
c338f5b7-00b7-40ce-82cc-2ce2ca3fd9bb,高中,音乐,高中年级,必修4 音乐编创,人音版,普通高中教科书·音乐必修4 音乐编创,output\教材封面\c3\c338f5b7-00b7-40ce-82cc-2ce2ca3fd9bb.jpg,True
30a25847-1022-45ad-b4fd-96e7318c04f9,高中,音乐,高中年级,必修5 音乐与舞蹈,人音版,普通高中教科书·音乐必修5 音乐与舞蹈,output\教材封面\30\30a25847-1022-45ad-b4fd-96e7318c04f9.jpg,True
f5c70a60-5943-469d-bc6c-d2e916ef3faf,高中,音乐,高中年级,必修6 音乐与戏剧,人音版,普通高中教科书·音乐必修6 音乐与戏剧,output\教材封面\f5\f5c70a60-5943-469d-bc6c-d2e916ef3faf.jpg,True
2fb13929-458c-4d3e-97ab-d22c9c7d951d,高中,音乐,高中年级,选择性必修1 合唱,人音版,普通高中教科书·音乐选择性必修1 合唱,output\教材封面\2f\2fb13929-458c-4d3e-97ab-d22c9c7d951d.jpg,True
67dae066-8ba4-4c5c-837b-52b3be1c6243,高中,音乐,高中年级,选择性必修2 合奏,人音版,普通高中教科书·音乐选择性必修2 合奏,output\教材封面\67\67dae066-8ba4-4c5c-837b-52b3be1c6243.jpg,True
8eba097d-8d91-42bf-a435-871913c9e4ec,高中,音乐,高中年级,选择性必修3 舞蹈表演,人音版,普通高中教科书·音乐选择性必修3 舞蹈表演,output\教材封面\8e\8eba097d-8d91-42bf-a435-871913c9e4ec.jpg,True
9db8a2f1-24ff-4771-84e5-2af07778aaa9,高中,音乐,高中年级,选择性必修4 戏剧表演,人音版,普通高中教科书·音乐选择性必修4 戏剧表演,output\教材封面\9d\9db8a2f1-24ff-4771-84e5-2af07778aaa9.jpg,True
bbad3cbf-f46f-4f77-98a5-b675eae72f07,高中,音乐,高中年级,选择性必修5 音乐基础理论,人音版,普通高中教科书·音乐选择性必修5 音乐基础理论,output\教材封面\bb\bbad3cbf-f46f-4f77-98a5-b675eae72f07.jpg,True
d7b757bc-3d2e-470c-8df2-7d1e35fe3d26,高中,音乐,高中年级,选择性必修6 视唱练耳,人音版,普通高中教科书·音乐选择性必修6 视唱练耳,output\教材封面\d7\d7b757bc-3d2e-470c-8df2-7d1e35fe3d26.jpg,True
59fcde81-a918-4dfc-9bc4-de156de859cc,高中,音乐,高中年级,必修1 音乐鉴赏,粤教花城版,普通高中教科书·音乐必修1 音乐鉴赏,output\教材封面\59\59fcde81-a918-4dfc-9bc4-de156de859cc.jpg,True
0bdb89dc-63e7-4988-ae43-6b65f76e9ccb,高中,音乐,高中年级,必修2 歌唱,粤教花城版,普通高中教科书·音乐必修2 歌唱,output\教材封面\0b\0bdb89dc-63e7-4988-ae43-6b65f76e9ccb.jpg,True
c3cfb23e-bb03-4067-911e-b51a4a62c215,高中,音乐,高中年级,必修3 演奏,粤教花城版,普通高中教科书·音乐必修3 演奏,output\教材封面\c3\c3cfb23e-bb03-4067-911e-b51a4a62c215.jpg,True
a5dee0ac-3344-4128-99a2-d6571a2c9b61,高中,音乐,高中年级,必修4 音乐编创,粤教花城版,普通高中教科书·音乐必修4 音乐编创,output\教材封面\a5\a5dee0ac-3344-4128-99a2-d6571a2c9b61.jpg,True
77b4e674-f8a3-4f34-8c11-15155d0d5f69,高中,音乐,高中年级,必修5 音乐与舞蹈,粤教花城版,普通高中教科书·音乐必修5 音乐与舞蹈,output\教材封面\77\77b4e674-f8a3-4f34-8c11-15155d0d5f69.jpg,True
b9f71ae7-4609-426e-a934-4295353f2ed7,高中,音乐,高中年级,必修6 音乐与戏剧,粤教花城版,普通高中教科书·音乐必修6 音乐与戏剧,output\教材封面\b9\b9f71ae7-4609-426e-a934-4295353f2ed7.jpg,True
8ce60396-097e-4011-bf3e-46aa18a2a5a9,高中,音乐,高中年级,选择性必修1 合唱,粤教花城版,普通高中教科书·音乐选择性必修1 合唱,output\教材封面\8c\8ce60396-097e-4011-bf3e-46aa18a2a5a9.jpg,True
ec3bf758-0728-4a62-b796-982b3364eb6a,高中,音乐,高中年级,选择性必修2 合奏,粤教花城版,普通高中教科书·音乐选择性必修2 合奏,output\教材封面\ec\ec3bf758-0728-4a62-b796-982b3364eb6a.jpg,True
2f3f522c-633e-4591-8990-9a88d4534179,高中,音乐,高中年级,选择性必修3 舞蹈表演,粤教花城版,普通高中教科书·音乐选择性必修3 舞蹈表演,output\教材封面\2f\2f3f522c-633e-4591-8990-9a88d4534179.jpg,True
b05672e9-4936-41f9-8d14-ec0bd3713946,高中,音乐,高中年级,选择性必修4 戏剧表演,粤教花城版,普通高中教科书·音乐选择性必修4 戏剧表演,output\教材封面\b0\b05672e9-4936-41f9-8d14-ec0bd3713946.jpg,True
6e266297-d856-44d1-bfd8-c009d84f88bc,高中,音乐,高中年级,选择性必修5 音乐基础理论,粤教花城版,普通高中教科书·音乐选择性必修5 音乐基础理论,output\教材封面\6e\6e266297-d856-44d1-bfd8-c009d84f88bc.jpg,True
41190f74-e607-4f79-ac60-a4eafb529fb9,高中,音乐,高中年级,选择性必修6 视唱练耳,粤教花城版,普通高中教科书·音乐选择性必修6 视唱练耳,output\教材封面\41\41190f74-e607-4f79-ac60-a4eafb529fb9.jpg,True
54b26fcf-3ad8-4941-842a-96c8b0846c00,高中,音乐,高中年级,必修1 音乐鉴赏,湘文艺版,普通高中教科书·音乐必修1 音乐鉴赏,output\教材封面\54\54b26fcf-3ad8-4941-842a-96c8b0846c00.jpg,True
18134b20-7ed9-4382-94df-246abe2f17e5,高中,音乐,高中年级,必修2 歌唱,湘文艺版,普通高中教科书·音乐必修2 歌唱,output\教材封面\18\18134b20-7ed9-4382-94df-246abe2f17e5.jpg,True
84d133e3-eb6f-43a9-8d7f-477757521eab,高中,音乐,高中年级,必修3 演奏,湘文艺版,普通高中教科书·音乐必修3 演奏,output\教材封面\84\84d133e3-eb6f-43a9-8d7f-477757521eab.jpg,True
c9748a6e-bcd8-4b52-a99e-a864d69ba4c7,高中,音乐,高中年级,必修4 音乐编创,湘文艺版,普通高中教科书·音乐必修4 音乐编创,output\教材封面\c9\c9748a6e-bcd8-4b52-a99e-a864d69ba4c7.jpg,True
0505a366-a772-4f50-b57e-401627a64b6d,高中,音乐,高中年级,必修5 音乐与舞蹈,湘文艺版,普通高中教科书·音乐必修5 音乐与舞蹈,output\教材封面\05\0505a366-a772-4f50-b57e-401627a64b6d.jpg,True
2f37009c-51a0-42ea-88b8-531f93ecc826,高中,音乐,高中年级,必修6 音乐与戏剧,湘文艺版,普通高中教科书·音乐必修6 音乐与戏剧,output\教材封面\2f\2f37009c-51a0-42ea-88b8-531f93ecc826.jpg,True
a7eabb63-eb8a-46f3-95f6-078432461f2f,高中,音乐,高中年级,选择性必修1 合唱,湘文艺版,普通高中教科书·音乐选择性必修1 合唱,output\教材封面\a7\a7eabb63-eb8a-46f3-95f6-078432461f2f.jpg,True
ff931cfa-fa30-4997-ad1f-a8790531ce43,高中,音乐,高中年级,选择性必修2 合奏,湘文艺版,普通高中教科书·音乐选择性必修2 合奏,output\教材封面\ff\ff931cfa-fa30-4997-ad1f-a8790531ce43.jpg,True
960dda89-f235-4fb2-8231-faf5018f3f2f,高中,音乐,高中年级,选择性必修3 舞蹈表演,湘文艺版,普通高中教科书·音乐选择性必修3 舞蹈表演,output\教材封面\96\960dda89-f235-4fb2-8231-faf5018f3f2f.jpg,True
c60f3903-81d4-411f-939f-46d3c21b0bfb,高中,音乐,高中年级,选择性必修4 戏剧表演,湘文艺版,普通高中教科书·音乐选择性必修4 戏剧表演,output\教材封面\c6\c60f3903-81d4-411f-939f-46d3c21b0bfb.jpg,True
59a3fe4c-9642-4308-8493-81dcbb4ca075,高中,音乐,高中年级,选择性必修5 音乐基础理论,湘文艺版,普通高中教科书·音乐选择性必修5 音乐基础理论,output\教材封面\59\59a3fe4c-9642-4308-8493-81dcbb4ca075.jpg,True
4fae1da8-64f2-4555-a512-4c7916f2d9d0,高中,音乐,高中年级,选择性必修6 视唱练耳,湘文艺版,普通高中教科书·音乐选择性必修6 视唱练耳,output\教材封面\4f\4fae1da8-64f2-4555-a512-4c7916f2d9d0.jpg,True
b41f0a2b-9b74-47e4-8992-1cc48aa522f2,高中,音乐,高中年级,必修1 音乐鉴赏,沪音版,普通高中教科书·音乐必修1 音乐鉴赏,output\教材封面\b4\b41f0a2b-9b74-47e4-8992-1cc48aa522f2.jpg,True
b78d19c4-674c-4720-8dcd-e1babb99675d,高中,音乐,高中年级,必修2 歌唱,沪音版,普通高中教科书·音乐必修2 歌唱,output\教材封面\b7\b78d19c4-674c-4720-8dcd-e1babb99675d.jpg,True
45690208-347d-4973-8dd5-8a99be8f1b3e,高中,音乐,高中年级,必修3 演奏,沪音版,普通高中教科书·音乐必修3 演奏,output\教材封面\45\45690208-347d-4973-8dd5-8a99be8f1b3e.jpg,True
2c395504-0e39-4302-bb62-510ea22506e9,高中,音乐,高中年级,必修4 音乐编创,沪音版,普通高中教科书·音乐必修4 音乐编创,output\教材封面\2c\2c395504-0e39-4302-bb62-510ea22506e9.jpg,True
31d9a518-5cd9-4ee2-901b-24a2ea33fc3b,高中,音乐,高中年级,必修5 音乐与舞蹈,沪音版,普通高中教科书·音乐必修5 音乐与舞蹈,output\教材封面\31\31d9a518-5cd9-4ee2-901b-24a2ea33fc3b.jpg,True
a9b9ca7e-7423-49cd-ae89-d152578dadb3,高中,音乐,高中年级,必修6 音乐与戏剧,沪音版,普通高中教科书·音乐必修6 音乐与戏剧,output\教材封面\a9\a9b9ca7e-7423-49cd-ae89-d152578dadb3.jpg,True
d0134fa8-71a4-4a34-89c3-a5eacc24d9b2,高中,音乐,高中年级,选择性必修1 合唱,沪音版,普通高中教科书·音乐选择性必修1 合唱,output\教材封面\d0\d0134fa8-71a4-4a34-89c3-a5eacc24d9b2.jpg,True
305d94c6-62e7-4655-a73e-e2cb0f137577,高中,音乐,高中年级,选择性必修2 合奏,沪音版,普通高中教科书·音乐选择性必修2 合奏,output\教材封面\30\305d94c6-62e7-4655-a73e-e2cb0f137577.jpg,True
dc8c3b31-5a4f-45c2-92c4-1b74e227a7a2,高中,音乐,高中年级,选择性必修3 舞蹈表演,沪音版,普通高中教科书·音乐选择性必修3 舞蹈表演,output\教材封面\dc\dc8c3b31-5a4f-45c2-92c4-1b74e227a7a2.jpg,True
ed562e98-2fad-448c-9be2-d062c26d1da7,高中,音乐,高中年级,选择性必修4 戏剧表演,沪音版,普通高中教科书·音乐选择性必修4 戏剧表演,output\教材封面\ed\ed562e98-2fad-448c-9be2-d062c26d1da7.jpg,True
a824c4aa-3bb7-4a55-9938-3c8a6f06d52d,高中,音乐,高中年级,选择性必修5 音乐基础理论,沪音版,普通高中教科书·音乐选择性必修5 音乐基础理论,output\教材封面\a8\a824c4aa-3bb7-4a55-9938-3c8a6f06d52d.jpg,True
73671a90-950b-4b48-8375-b39de64ac9fc,高中,音乐,高中年级,选择性必修6 视唱练耳,沪音版,普通高中教科书·音乐选择性必修6 视唱练耳,output\教材封面\73\73671a90-950b-4b48-8375-b39de64ac9fc.jpg,True
cf37ddc9-5ecc-491d-94b6-e998fab4b912,高中,美术,高中年级,必修 美术鉴赏,人美版,普通高中教科书·美术必修 美术鉴赏,output\教材封面\cf\cf37ddc9-5ecc-491d-94b6-e998fab4b912.jpg,True
2bc09ff9-c98d-46ed-9a0b-6c4c98416d68,高中,美术,高中年级,选择性必修1 绘画,人美版,普通高中教科书·美术选择性必修1 绘画,output\教材封面\2b\2bc09ff9-c98d-46ed-9a0b-6c4c98416d68.jpg,True
a4a312f4-1689-4e56-ab95-660905db81ec,高中,美术,高中年级,选择性必修2 中国书画,人美版,普通高中教科书·美术选择性必修2 中国书画,output\教材封面\a4\a4a312f4-1689-4e56-ab95-660905db81ec.jpg,True
760e4770-296b-499c-88bb-651f95d6dd09,高中,美术,高中年级,选择性必修3 雕塑,人美版,普通高中教科书·美术选择性必修3 雕塑,output\教材封面\76\760e4770-296b-499c-88bb-651f95d6dd09.jpg,True
9e85ee7e-a3c5-4047-82b1-5bfcb254b3f0,高中,美术,高中年级,选择性必修4 设计,人美版,普通高中教科书·美术选择性必修4 设计,output\教材封面\9e\9e85ee7e-a3c5-4047-82b1-5bfcb254b3f0.jpg,True
e6e1e858-c170-4ec9-b06d-78ff03c07a61,高中,美术,高中年级,选择性必修5 工艺,人美版,普通高中教科书·美术选择性必修5 工艺,output\教材封面\e6\e6e1e858-c170-4ec9-b06d-78ff03c07a61.jpg,True
919c53b9-9634-47b5-b63b-9fbac6c06a95,高中,美术,高中年级,选择性必修6 现代媒体艺术,人美版,普通高中教科书·美术选择性必修6 现代媒体艺术,output\教材封面\91\919c53b9-9634-47b5-b63b-9fbac6c06a95.jpg,True
7bd52d84-7600-4a58-9bf9-4354bf5656d2,高中,美术,高中年级,必修 美术鉴赏,人教版,普通高中教科书·美术必修 美术鉴赏,output\教材封面\7b\7bd52d84-7600-4a58-9bf9-4354bf5656d2.jpg,True
7759342b-4395-453c-88fb-73a629e2a82a,高中,美术,高中年级,选择性必修1 绘画,人教版,普通高中教科书·美术选择性必修1 绘画,output\教材封面\77\7759342b-4395-453c-88fb-73a629e2a82a.jpg,True
c437ad6d-f882-471b-9c3b-3e43fe3b1c5e,高中,美术,高中年级,选择性必修2 中国书画,人教版,普通高中教科书·美术选择性必修2 中国书画,output\教材封面\c4\c437ad6d-f882-471b-9c3b-3e43fe3b1c5e.jpg,True
0e15dd25-985e-4dff-905f-84658474efe7,高中,美术,高中年级,选择性必修3 雕塑,人教版,普通高中教科书·美术选择性必修3 雕塑,output\教材封面\0e\0e15dd25-985e-4dff-905f-84658474efe7.jpg,True
fefe34d0-5fb1-43d4-a2a5-b8c44f357a7f,高中,美术,高中年级,选择性必修4 设计,人教版,普通高中教科书·美术选择性必修4 设计,output\教材封面\fe\fefe34d0-5fb1-43d4-a2a5-b8c44f357a7f.jpg,True
f2eaf0b0-ed7c-4998-b708-55e5195b2933,高中,美术,高中年级,选择性必修5 工艺,人教版,普通高中教科书·美术选择性必修5 工艺,output\教材封面\f2\f2eaf0b0-ed7c-4998-b708-55e5195b2933.jpg,True
42929849-19d5-4022-a0e4-b1e58aba4698,高中,美术,高中年级,选择性必修6 现代媒体艺术,人教版,普通高中教科书·美术选择性必修6 现代媒体艺术,output\教材封面\42\42929849-19d5-4022-a0e4-b1e58aba4698.jpg,True
0fcfde5e-b572-434e-9ff0-5e56ca9caab4,高中,美术,高中年级,必修 美术鉴赏,鲁美版,普通高中教科书·美术必修 美术鉴赏,output\教材封面\0f\0fcfde5e-b572-434e-9ff0-5e56ca9caab4.jpg,True
81941365-a83b-4d2e-be35-0972d50a6522,高中,美术,高中年级,选择性必修1 绘画,鲁美版,普通高中教科书·美术选择性必修1 绘画,output\教材封面\81\81941365-a83b-4d2e-be35-0972d50a6522.jpg,True
d49199cf-7a14-4016-b75b-3b3d4c8743e8,高中,美术,高中年级,选择性必修2 中国书画,鲁美版,普通高中教科书·美术选择性必修2 中国书画,output\教材封面\d4\d49199cf-7a14-4016-b75b-3b3d4c8743e8.jpg,True
cb62431c-aeae-4310-95da-8d9355b82a8a,高中,美术,高中年级,选择性必修3 雕塑,鲁美版,普通高中教科书·美术选择性必修3 雕塑,output\教材封面\cb\cb62431c-aeae-4310-95da-8d9355b82a8a.jpg,True
fd025d42-3efd-487c-8d03-aa773a25e782,高中,美术,高中年级,选择性必修4 设计,鲁美版,普通高中教科书·美术选择性必修4 设计,output\教材封面\fd\fd025d42-3efd-487c-8d03-aa773a25e782.jpg,True
87aafcc4-2a3d-4ef7-8fb5-1954238e8955,高中,美术,高中年级,选择性必修5 工艺,鲁美版,普通高中教科书·美术选择性必修5 工艺,output\教材封面\87\87aafcc4-2a3d-4ef7-8fb5-1954238e8955.jpg,True
8d83b89e-29b1-45fa-80a0-cb0738f193ec,高中,美术,高中年级,选择性必修6 现代媒体艺术,鲁美版,普通高中教科书·美术选择性必修6 现代媒体艺术,output\教材封面\8d\8d83b89e-29b1-45fa-80a0-cb0738f193ec.jpg,True
89e722bd-5cfb-4bfb-a207-ac9303fe2528,高中,美术,高中年级,必修 美术鉴赏,湘美版,普通高中教科书·美术必修 美术鉴赏,output\教材封面\89\89e722bd-5cfb-4bfb-a207-ac9303fe2528.jpg,True
3e3b352c-2d66-42f4-b02f-66956bd0c529,高中,美术,高中年级,选择性必修1 绘画,湘美版,普通高中教科书·美术选择性必修1 绘画,output\教材封面\3e\3e3b352c-2d66-42f4-b02f-66956bd0c529.jpg,True
c14a773c-e798-4dec-8540-87f869ae80bb,高中,美术,高中年级,选择性必修2 中国书画,湘美版,普通高中教科书·美术选择性必修2 中国书画,output\教材封面\c1\c14a773c-e798-4dec-8540-87f869ae80bb.jpg,True
3ac2d5d9-8ace-47c5-b9cc-6b83ceedde46,高中,美术,高中年级,选择性必修3 雕塑,湘美版,普通高中教科书·美术选择性必修3 雕塑,output\教材封面\3a\3ac2d5d9-8ace-47c5-b9cc-6b83ceedde46.jpg,True
2fb50679-02c8-45dd-afe8-b0cb5d50f113,高中,美术,高中年级,选择性必修4 设计,湘美版,普通高中教科书·美术选择性必修4 设计,output\教材封面\2f\2fb50679-02c8-45dd-afe8-b0cb5d50f113.jpg,True
bb892bdc-b52c-4be2-bfb3-c45fcdcf3ef8,高中,美术,高中年级,选择性必修5 工艺,湘美版,普通高中教科书·美术选择性必修5 工艺,output\教材封面\bb\bb892bdc-b52c-4be2-bfb3-c45fcdcf3ef8.jpg,True
8ed78d69-cd75-4df0-9a9f-33d9f3b9e4f8,高中,美术,高中年级,选择性必修6 现代媒体艺术,湘美版,普通高中教科书·美术选择性必修6 现代媒体艺术,output\教材封面\8e\8ed78d69-cd75-4df0-9a9f-33d9f3b9e4f8.jpg,True
3ad3ea6b-4da2-4870-b195-db6ab0cecde3,高中,美术,高中年级,必修 美术鉴赏,粤教版,普通高中教科书·美术必修 美术鉴赏,output\教材封面\3a\3ad3ea6b-4da2-4870-b195-db6ab0cecde3.jpg,True
17de1cc4-c6a6-4ad3-80d0-e61c390af5f4,高中,美术,高中年级,选择性必修1 绘画,粤教版,普通高中教科书·美术选择性必修1 绘画,output\教材封面\17\17de1cc4-c6a6-4ad3-80d0-e61c390af5f4.jpg,True
4d24ad09-bfa5-47b6-b045-28ce0d333af7,高中,美术,高中年级,选择性必修2 中国书画,粤教版,普通高中教科书·美术选择性必修2 中国书画,output\教材封面\4d\4d24ad09-bfa5-47b6-b045-28ce0d333af7.jpg,True
3b960a01-ec52-498f-9a24-6e7ec78972c2,高中,美术,高中年级,选择性必修3 雕塑,粤教版,普通高中教科书·美术选择性必修3 雕塑,output\教材封面\3b\3b960a01-ec52-498f-9a24-6e7ec78972c2.jpg,True
0ebb18f1-5697-4947-ad99-a0e445611e33,高中,美术,高中年级,选择性必修4 设计,粤教版,普通高中教科书·美术选择性必修4 设计,output\教材封面\0e\0ebb18f1-5697-4947-ad99-a0e445611e33.jpg,True
310c3b1f-2c5e-45ba-98b7-e7506d4d0066,高中,美术,高中年级,选择性必修5 工艺,粤教版,普通高中教科书·美术选择性必修5 工艺,output\教材封面\31\310c3b1f-2c5e-45ba-98b7-e7506d4d0066.jpg,True
aa948689-2cfb-4ef4-baa0-3cd397a72a21,高中,美术,高中年级,选择性必修6 现代媒体艺术,粤教版,普通高中教科书·美术选择性必修6 现代媒体艺术,output\教材封面\aa\aa948689-2cfb-4ef4-baa0-3cd397a72a21.jpg,True
76aa7b2a-a686-4fc9-accc-ce81ce596bea,高中,美术,高中年级,必修 美术鉴赏,沪书画版,普通高中教科书·美术必修 美术鉴赏,output\教材封面\76\76aa7b2a-a686-4fc9-accc-ce81ce596bea.jpg,True
c485b359-a56f-4272-996f-9e5755ba53bf,高中,美术,高中年级,选择性必修1 绘画,沪书画版,普通高中教科书·美术选择性必修1 绘画,output\教材封面\c4\c485b359-a56f-4272-996f-9e5755ba53bf.jpg,True
b986f097-4ced-4d60-8d25-63293bc5ddcf,高中,美术,高中年级,选择性必修2 中国书画,沪书画版,普通高中教科书·美术选择性必修2 中国书画,output\教材封面\b9\b986f097-4ced-4d60-8d25-63293bc5ddcf.jpg,True
28f96376-6f56-4bff-b942-55119146c91a,高中,美术,高中年级,选择性必修3 雕塑,沪书画版,普通高中教科书·美术选择性必修3 雕塑,output\教材封面\28\28f96376-6f56-4bff-b942-55119146c91a.jpg,True
87632474-7023-4793-ad57-9ce6282c5768,高中,美术,高中年级,选择性必修4 设计,沪书画版,普通高中教科书·美术选择性必修4 设计,output\教材封面\87\87632474-7023-4793-ad57-9ce6282c5768.jpg,True
1931ee71-6774-4728-8266-a9c8d96db5b5,高中,美术,高中年级,选择性必修5 工艺,沪书画版,普通高中教科书·美术选择性必修5 工艺,output\教材封面\19\1931ee71-6774-4728-8266-a9c8d96db5b5.jpg,True
3c57cb8a-785a-41c9-a5ba-d05d995d822d,高中,美术,高中年级,选择性必修6 现代媒体艺术,沪书画版,普通高中教科书·美术选择性必修6 现代媒体艺术,output\教材封面\3c\3c57cb8a-785a-41c9-a5ba-d05d995d822d.jpg,True
a3c1445c-9ed0-4c4c-afa6-253769afff57,高中,艺术,高中年级,必修1 艺术与生活,粤教版,普通高中教科书·艺术必修1 艺术与生活,output\教材封面\a3\a3c1445c-9ed0-4c4c-afa6-253769afff57.jpg,True
fa9e6c3f-88e0-402d-8580-139f1e90db97,高中,艺术,高中年级,必修2 艺术与文化（下册）,粤教版,普通高中教科书·艺术必修2 艺术与文化（下册）,output\教材封面\fa\fa9e6c3f-88e0-402d-8580-139f1e90db97.jpg,True
0ca031c5-7d47-46ae-918f-fc1b72e7d236,高中,艺术,高中年级,必修2 艺术与文化（上册）,粤教版,普通高中教科书·艺术必修2 艺术与文化（上册）,output\教材封面\0c\0ca031c5-7d47-46ae-918f-fc1b72e7d236.jpg,True
00f01dab-de5b-440f-b944-ca28216d8ad2,高中,艺术,高中年级,必修3 艺术与科学,粤教版,普通高中教科书·艺术必修3 艺术与科学,output\教材封面\00\00f01dab-de5b-440f-b944-ca28216d8ad2.jpg,True
7fda21fb-571f-4f1b-a9b8-196e4055f561,高中,艺术,高中年级,选择性必修1 美术创意实践,粤教版,普通高中教科书·艺术选择性必修1 美术创意实践,output\教材封面\7f\7fda21fb-571f-4f1b-a9b8-196e4055f561.jpg,True
97c577eb-8d73-42bd-9d2e-142d8e71592c,高中,艺术,高中年级,选择性必修2 音乐情境表演,粤教版,普通高中教科书·艺术选择性必修2 音乐情境表演,output\教材封面\97\97c577eb-8d73-42bd-9d2e-142d8e71592c.jpg,True
4f9f1905-6743-447d-9a83-062c14e6171e,高中,艺术,高中年级,选择性必修3 舞蹈创编与表演,粤教版,普通高中教科书·艺术选择性必修3 舞蹈创编与表演,output\教材封面\4f\4f9f1905-6743-447d-9a83-062c14e6171e.jpg,True
6df94b0e-c7df-430a-bac8-da56a6e9acdc,高中,艺术,高中年级,选择性必修4 戏剧创编与表演,粤教版,普通高中教科书·艺术选择性必修4 戏剧创编与表演,output\教材封面\6d\6df94b0e-c7df-430a-bac8-da56a6e9acdc.jpg,True
e25d9e33-30aa-459a-978c-a2167ae1f18d,高中,艺术,高中年级,选择性必修5 影视与数字媒体艺术实践,粤教版,普通高中教科书·艺术选择性必修5 影视与数字媒体艺术实践,output\教材封面\e2\e25d9e33-30aa-459a-978c-a2167ae1f18d.jpg,True
4e21b2d8-cc35-4de7-af0b-53502faa3822,高中,艺术,高中年级,必修1 艺术与生活,沪教版,普通高中教科书·艺术必修1 艺术与生活,output\教材封面\4e\4e21b2d8-cc35-4de7-af0b-53502faa3822.jpg,True
f7877bf3-ea03-4073-8fc5-ea742d313601,高中,艺术,高中年级,必修2 艺术与文化（下册）,沪教版,普通高中教科书·艺术必修2 艺术与文化（下册）,output\教材封面\f7\f7877bf3-ea03-4073-8fc5-ea742d313601.jpg,True
5742ea7f-e8ed-49cd-839b-2b3a8729edb8,高中,艺术,高中年级,必修2 艺术与文化（上册）,沪教版,普通高中教科书·艺术必修2 艺术与文化（上册）,output\教材封面\57\5742ea7f-e8ed-49cd-839b-2b3a8729edb8.jpg,True
784622ef-0812-48e0-aa77-e0c701336161,高中,艺术,高中年级,必修3 艺术与科学,沪教版,普通高中教科书·艺术必修3 艺术与科学,output\教材封面\78\784622ef-0812-48e0-aa77-e0c701336161.jpg,True
df329f52-46b8-48ee-95be-c5082d309fd3,高中,艺术,高中年级,选择性必修1 美术创意实践,沪教版,普通高中教科书·艺术选择性必修1 美术创意实践,output\教材封面\df\df329f52-46b8-48ee-95be-c5082d309fd3.jpg,True
dd51171f-057e-4b08-a64f-31f8baf05e39,高中,艺术,高中年级,选择性必修2 音乐情境表演,沪教版,普通高中教科书·艺术选择性必修2 音乐情境表演,output\教材封面\dd\dd51171f-057e-4b08-a64f-31f8baf05e39.jpg,True
544decfb-d40c-4209-b422-c5dc7223f453,高中,艺术,高中年级,选择性必修3 舞蹈创编与表演,沪教版,普通高中教科书·艺术选择性必修3 舞蹈创编与表演,output\教材封面\54\544decfb-d40c-4209-b422-c5dc7223f453.jpg,True
42d82533-4100-4dcd-ac38-b896db0d12d7,高中,艺术,高中年级,选择性必修4 戏剧创编与表演,沪教版,普通高中教科书·艺术选择性必修4 戏剧创编与表演,output\教材封面\42\42d82533-4100-4dcd-ac38-b896db0d12d7.jpg,True
f6f87bd3-d3d7-45cd-bbad-6eb54a9aee21,高中,艺术,高中年级,选择性必修5 影视与数字媒体艺术实践,沪教版,普通高中教科书·艺术选择性必修5 影视与数字媒体艺术实践,output\教材封面\f6\f6f87bd3-d3d7-45cd-bbad-6eb54a9aee21.jpg,True
1dd33338-5f37-4266-9f1a-8cdc97ecdd7f,高中,体育与健康,高中年级,必修 全一册,人教版,普通高中教科书·体育与健康必修 全一册,output\教材封面\1d\1dd33338-5f37-4266-9f1a-8cdc97ecdd7f.jpg,True
ff95c2f5-7739-4713-ba7a-286a65d5fef8,高中,体育与健康,高中年级,必修 全一册,粤教版,普通高中教科书·体育与健康必修 全一册,output\教材封面\ff\ff95c2f5-7739-4713-ba7a-286a65d5fef8.jpg,True
45434ecf-b7fb-4062-9b0f-7784e7c7e578,高中,体育与健康,高中年级,必修 全一册,广西师大版,普通高中教科书·体育与健康必修 全一册,output\教材封面\45\45434ecf-b7fb-4062-9b0f-7784e7c7e578.jpg,True
a3049caf-5e94-42cd-888f-989a08caf631,高中,体育与健康,高中年级,必修 全一册,华东师大版,普通高中教科书·体育与健康必修 全一册,output\教材封面\a3\a3049caf-5e94-42cd-888f-989a08caf631.jpg,True
95126e20-4e57-4f81-bc3a-9dadaa49deb2,高中,体育与健康,高中年级,必修 全一册,冀教版,普通高中教科书·体育与健康必修 全一册,output\教材封面\95\95126e20-4e57-4f81-bc3a-9dadaa49deb2.jpg,True
0e0f1d7f-6ac0-4b9a-9f6c-5b79c3daa76c,高中,体育与健康,高中年级,必修 全一册,教科版,普通高中教科书·体育与健康必修 全一册,output\教材封面\0e\0e0f1d7f-6ac0-4b9a-9f6c-5b79c3daa76c.jpg,True
9b4e2732-f7db-4677-87e8-e2963c7627cd,高中,体育与健康,高中年级,必修 全一册,沪教版,普通高中教科书·体育与健康必修 全一册,output\教材封面\9b\9b4e2732-f7db-4677-87e8-e2963c7627cd.jpg,True
cd28f45f-7f29-4dfb-bd35-ba310b57bc8c,小学（五•四学制）,语文,二年级,上册,统编版,（根据2022年版课程标准修订）义务教育教科书（五•四学制）·语文二年级上册,output\教材封面\cd\cd28f45f-7f29-4dfb-bd35-ba310b57bc8c.jpg,True
9185e4a3-efb4-4ec0-bfd9-1cb194c260d3,小学（五•四学制）,语文,三年级,上册,统编版,（根据2022年版课程标准修订）义务教育教科书（五•四学制）·语文三年级上册,output\教材封面\91\9185e4a3-efb4-4ec0-bfd9-1cb194c260d3.jpg,True
d3b5a21b-f8d1-4633-8231-407100c8204d,小学（五•四学制）,语文,四年级,上册,统编版,义务教育教科书（五•四学制）·语文四年级上册,output\教材封面\d3\d3b5a21b-f8d1-4633-8231-407100c8204d.jpg,True
e2055f40-fa27-4c9d-adf4-3586e26f418e,小学（五•四学制）,语文,五年级,上册,统编版,义务教育教科书（五•四学制）·语文五年级上册,output\教材封面\e2\e2055f40-fa27-4c9d-adf4-3586e26f418e.jpg,True
d6941a82-0aa3-4c6c-a198-b95ea84a6852,初中（五•四学制）,语文,九年级,上册,统编版,义务教育教科书（五•四学制）·语文九年级上册,output\教材封面\d6\d6941a82-0aa3-4c6c-a198-b95ea84a6852.jpg,True
ab06a72c-93e6-4135-b549-900db6783fa9,初中（五•四学制）,语文,九年级,下册,统编版,义务教育教科书（五•四学制）·语文九年级下册,output\教材封面\ab\ab06a72c-93e6-4135-b549-900db6783fa9.jpg,True
c8b697f9-6a7a-4057-85ef-7651f68aa91e,初中（五•四学制）,语文,八年级,上册,统编版,（根据2022年版课程标准修订）义务教育教科书（五•四学制）·语文八年级上册,output\教材封面\c8\c8b697f9-6a7a-4057-85ef-7651f68aa91e.jpg,True
03491549-8712-48a3-8fc8-5a616e6f492e,初中（五•四学制）,语文,八年级,下册,统编版,（根据2022年版课程标准修订）义务教育教科书（五•四学制）·语文八年级下册,output\教材封面\03\03491549-8712-48a3-8fc8-5a616e6f492e.jpg,True
df82f043-281e-48ef-931a-34b951ae8c26,初中（五•四学制）,语文,七年级,上册,统编版,（根据2022年版课程标准修订）义务教育教科书（五•四学制）·语文七年级上册,output\教材封面\df\df82f043-281e-48ef-931a-34b951ae8c26.jpg,True
d08cae24-887e-45bd-8ccb-b56af508a293,初中（五•四学制）,语文,七年级,下册,统编版,（根据2022年版课程标准修订）义务教育教科书（五•四学制）·语文七年级下册,output\教材封面\d0\d08cae24-887e-45bd-8ccb-b56af508a293.jpg,True
f182b376-35af-4e94-849a-91ea3f97023c,小学（五•四学制）,语文,五年级,下册,统编版,义务教育教科书（五•四学制）·语文五年级下册,output\教材封面\f1\f182b376-35af-4e94-849a-91ea3f97023c.jpg,True
750e0014-1488-4774-9f73-8781de6faf51,小学（五•四学制）,语文,四年级,下册,统编版,义务教育教科书（五•四学制）·语文四年级下册,output\教材封面\75\750e0014-1488-4774-9f73-8781de6faf51.jpg,True
bd1e1af7-f570-436d-afa4-f326691676f4,小学（五•四学制）,语文,三年级,下册,统编版,（根据2022年版课程标准修订）义务教育教科书（五•四学制）·语文三年级下册,output\教材封面\bd\bd1e1af7-f570-436d-afa4-f326691676f4.jpg,True
2199dc10-e0b3-4f08-aa25-38580e6d0e39,初中（五•四学制）,历史,世界历史,第一册,统编版,义务教育教科书（五•四学制）·世界历史第一册,output\教材封面\21\2199dc10-e0b3-4f08-aa25-38580e6d0e39.jpg,True
75d71a33-a32d-48c8-bc79-2fb7dd679a42,高中,数学,高中年级,选择性必修 第一册,湘教版,普通高中教科书·数学选择性必修 第一册,output\教材封面\75\75d71a33-a32d-48c8-bc79-2fb7dd679a42.jpg,True
6f1d8652-05df-432b-8ee4-6a5652ec677e,小学（五•四学制）,语文,二年级,下册,统编版,（根据2022年版课程标准修订）义务教育教科书（五•四学制）·语文二年级下册,output\教材封面\6f\6f1d8652-05df-432b-8ee4-6a5652ec677e.jpg,True
72499ca7-27a7-4b91-b20b-ff42b9f2631d,初中（五•四学制）,历史,中国历史,第一册,统编版,（根据2022年版课程标准修订）义务教育教科书（五•四学制）·中国历史第一册,output\教材封面\72\72499ca7-27a7-4b91-b20b-ff42b9f2631d.jpg,True
16daab2a-2bcc-454d-9f1d-26e04556d969,高中,数学,高中年级,必修 第二册,湘教版,普通高中教科书·数学必修 第二册,output\教材封面\16\16daab2a-2bcc-454d-9f1d-26e04556d969.jpg,True
957d4d13-3e45-4aef-8795-bce620d03ef3,初中（五•四学制）,历史,中国历史,第二册,统编版,（根据2022年版课程标准修订）义务教育教科书（五•四学制）·中国历史第二册,output\教材封面\95\957d4d13-3e45-4aef-8795-bce620d03ef3.jpg,True
5b4574c6-7c87-48db-b2bf-fef4bbac2723,初中（五•四学制）,历史,世界历史,第二册,统编版,义务教育教科书（五•四学制）·世界历史第二册,output\教材封面\5b\5b4574c6-7c87-48db-b2bf-fef4bbac2723.jpg,True
7775818d-f3ac-4f53-b43d-af3918a8634a,小学（五•四学制）,语文,一年级,上册,统编版,（根据2022年版课程标准修订）义务教育教科书（五•四学制）·语文一年级上册,output\教材封面\77\7775818d-f3ac-4f53-b43d-af3918a8634a.jpg,True
a939d024-348c-4137-8aab-80d8db0e0b5c,高中,数学,高中年级,必修 第一册,湘教版,普通高中教科书·数学必修 第一册,output\教材封面\a9\a939d024-348c-4137-8aab-80d8db0e0b5c.jpg,True
7f4f199b-aab1-49b4-90e5-e36cfe975f02,小学（五•四学制）,语文,一年级,下册,统编版,（根据2022年版课程标准修订）义务教育教科书（五•四学制）·语文一年级下册,output\教材封面\7f\7f4f199b-aab1-49b4-90e5-e36cfe975f02.jpg,True
e16e7a8b-dd2b-408f-b292-79f279284ef7,小学（五•四学制）,道德与法治,二年级,上册,统编版,（根据2022年版课程标准修订）义务教育教科书（五·四学制）道德与法治 二年级上册,output\教材封面\e1\e16e7a8b-dd2b-408f-b292-79f279284ef7.jpg,True
08ebb0ae-d661-4a4e-bf41-0d8b0d541484,小学（五•四学制）,道德与法治,三年级,上册,统编版,（根据2022年版课程标准修订）义务教育教科书（五·四学制）道德与法治 三年级上册,output\教材封面\08\08ebb0ae-d661-4a4e-bf41-0d8b0d541484.jpg,True
f3aae044-a6fe-4141-a778-7f57df62673f,小学（五•四学制）,道德与法治,一年级,上册,统编版,（根据2022年版课程标准修订）义务教育教科书（五·四学制）道德与法治 一年级上册,output\教材封面\f3\f3aae044-a6fe-4141-a778-7f57df62673f.jpg,True
c9f3fb22-7b48-48c9-a9bc-1c1d9654093f,小学（五•四学制）,道德与法治,四年级,上册,统编版,义务教育教科书（五·四学制）道德与法治 四年级上册,output\教材封面\c9\c9f3fb22-7b48-48c9-a9bc-1c1d9654093f.jpg,True
d5b96287-0ef2-4a42-a417-f641844cc99b,小学（五•四学制）,道德与法治,五年级,上册,统编版,义务教育教科书（五·四学制）道德与法治 五年级上册,output\教材封面\d5\d5b96287-0ef2-4a42-a417-f641844cc99b.jpg,True
ff837c7b-5626-485a-86db-61c88fcbe1e5,初中（五•四学制）,道德与法治,八年级,上册,统编版,（根据2022年版课程标准修订）义务教育教科书（五·四学制） 道德与法治 八年级上册,output\教材封面\ff\ff837c7b-5626-485a-86db-61c88fcbe1e5.jpg,True
f5c8772a-7d8d-446e-8c34-d8ad92d79dac,初中（五•四学制）,道德与法治,九年级,上册,统编版,义务教育教科书（五·四学制） 道德与法治 九年级上册,output\教材封面\f5\f5c8772a-7d8d-446e-8c34-d8ad92d79dac.jpg,True
1ad9cd1b-a5ae-4611-a45b-627d71408612,初中（五•四学制）,历史,中国历史,第三册,统编版,（根据2022年版课程标准修订）义务教育教科书（五•四学制）·中国历史第三册,output\教材封面\1a\1ad9cd1b-a5ae-4611-a45b-627d71408612.jpg,True
2ca4002f-cb3d-4a21-bcfe-ebb94032a400,初中（五•四学制）,语文,六年级,上册,统编版,（根据2022年版课程标准修订）义务教育教科书（五•四学制）·语文六年级上册,output\教材封面\2c\2ca4002f-cb3d-4a21-bcfe-ebb94032a400.jpg,True
f7f22402-4ee2-4bc0-82f5-100f9201c6a6,高中,数学,高中年级,选择性必修 第二册,湘教版,普通高中教科书·数学选择性必修 第二册,output\教材封面\f7\f7f22402-4ee2-4bc0-82f5-100f9201c6a6.jpg,True
4acfc766-9f04-4bc0-91e1-4abb64020ad7,小学（五•四学制）,道德与法治,一年级,下册,统编版,（根据2022年版课程标准修订）义务教育教科书（五•四学制）·道德与法治一年级下册,output\教材封面\4a\4acfc766-9f04-4bc0-91e1-4abb64020ad7.jpg,True
07a207cc-8036-42cc-b539-aad77bf82385,小学（五•四学制）,道德与法治,二年级,下册,统编版,（根据2022年版课程标准修订）义务教育教科书（五•四学制）·道德与法治二年级下册,output\教材封面\07\07a207cc-8036-42cc-b539-aad77bf82385.jpg,True
feed11fe-4e18-4ff0-9567-9df9eb5314db,小学（五•四学制）,道德与法治,三年级,下册,统编版,（根据2022年版课程标准修订）义务教育教科书（五•四学制）·道德与法治三年级下册,output\教材封面\fe\feed11fe-4e18-4ff0-9567-9df9eb5314db.jpg,True
7c3e82d7-8c90-48ac-b0c0-17386be87d43,小学（五•四学制）,道德与法治,四年级,下册,统编版,义务教育教科书（五•四学制）·道德与法治四年级下册,output\教材封面\7c\7c3e82d7-8c90-48ac-b0c0-17386be87d43.jpg,True
2b637f8b-046b-449f-be01-16f26e4a8c64,小学（五•四学制）,道德与法治,五年级,下册,统编版,义务教育教科书（五•四学制）·道德与法治五年级下册,output\教材封面\2b\2b637f8b-046b-449f-be01-16f26e4a8c64.jpg,True
87605985-2343-4f12-b4bc-c51a17dff568,初中（五•四学制）,道德与法治,八年级,下册,统编版,（根据2022年版课程标准修订）义务教育教科书（五•四学制）·道德与法治八年级下册,output\教材封面\87\87605985-2343-4f12-b4bc-c51a17dff568.jpg,True
a6342782-d271-4dea-851f-f7c11b0d20ac,初中（五•四学制）,道德与法治,九年级,下册,统编版,义务教育教科书（五•四学制）·道德与法治九年级下册,output\教材封面\a6\a6342782-d271-4dea-851f-f7c11b0d20ac.jpg,True
a953eeec-db0c-4c8b-860f-aa94f4727b6b,初中（五•四学制）,语文,六年级,下册,统编版,（根据2022年版课程标准修订）义务教育教科书（五•四学制）·语文六年级下册,output\教材封面\a9\a953eeec-db0c-4c8b-860f-aa94f4727b6b.jpg,True
c53534de-0a6d-44b1-a77b-def3dc971fbe,初中（五•四学制）,历史,中国历史,第四册,统编版,（根据2022年版课程标准修订）义务教育教科书（五•四学制）·中国历史第四册,output\教材封面\c5\c53534de-0a6d-44b1-a77b-def3dc971fbe.jpg,True
6bf8ae7e-d987-40b4-8fb3-bbb98fcb50b5,小学,数学,一年级,下册,人教版,（根据2022年版课程标准修订）义务教育教科书·数学一年级下册,output\教材封面\6b\6bf8ae7e-d987-40b4-8fb3-bbb98fcb50b5.jpg,True
c1897b18-b302-4e8d-9fd4-40915c4b05c2,小学,数学,二年级,下册,人教版,（根据2022年版课程标准修订）义务教育教科书·数学二年级下册,output\教材封面\c1\c1897b18-b302-4e8d-9fd4-40915c4b05c2.jpg,True
8666a8bd-a0e7-49aa-ba07-bf419ceead24,小学,数学,三年级,下册,人教版,（根据2022年版课程标准修订）义务教育教科书·数学三年级下册,output\教材封面\86\8666a8bd-a0e7-49aa-ba07-bf419ceead24.jpg,True
aa00ab9d-b343-4542-b16d-9c3900b3444b,小学,数学,四年级,下册,人教版,义务教育教科书·数学四年级下册,output\教材封面\aa\aa00ab9d-b343-4542-b16d-9c3900b3444b.jpg,True
83339b94-2b33-4a9b-ba0e-026b4fdd4f0e,小学,数学,五年级,下册,人教版,义务教育教科书·数学五年级下册,output\教材封面\83\83339b94-2b33-4a9b-ba0e-026b4fdd4f0e.jpg,True
8e650f4c-e616-4699-ac0a-4911b22e2f2e,小学,数学,六年级,下册,人教版,义务教育教科书·数学六年级下册,output\教材封面\8e\8e650f4c-e616-4699-ac0a-4911b22e2f2e.jpg,True
3e6eb324-6ea9-4c3a-a51f-fc37e07b38c1,小学,数学,一年级,上册,西南大学版,（根据2022年版课程标准修订）义务教育教科书•数学一年级上册,output\教材封面\3e\3e6eb324-6ea9-4c3a-a51f-fc37e07b38c1.jpg,True
3dc3f373-f828-4b30-b02a-c4bf3b52ad25,小学,数学,二年级,上册,西南大学版,（根据2022年版课程标准修订）义务教育教科书·数学二年级上册,output\教材封面\3d\3dc3f373-f828-4b30-b02a-c4bf3b52ad25.jpg,True
13eff838-24b9-48dc-ace4-fc6e8e34dd2c,小学,数学,一年级,下册,西南大学版,（根据2022年版课程标准修订）义务教育教科书·数学一年级下册,output\教材封面\13\13eff838-24b9-48dc-ace4-fc6e8e34dd2c.jpg,True
e03d3479-1f4f-4c16-806c-dccb8083e0fc,小学,数学,三年级,上册,西南大学版,（根据2022年版课程标准修订）义务教育教科书·数学三年级上册,output\教材封面\e0\e03d3479-1f4f-4c16-806c-dccb8083e0fc.jpg,True
f9bc6959-814e-43fa-bd59-e26fafa91138,小学,数学,二年级,下册,西南大学版,（根据2022年版课程标准修订）义务教育教科书·数学二年级下册,output\教材封面\f9\f9bc6959-814e-43fa-bd59-e26fafa91138.jpg,True
26e00113-eaae-4d5d-ae9e-56ee2680438f,小学,数学,三年级,下册,西南大学版,（根据2022年版课程标准修订）义务教育教科书·数学三年级下册,output\教材封面\26\26e00113-eaae-4d5d-ae9e-56ee2680438f.jpg,True
884061ba-3c8e-449e-a36e-8f73af3ce09f,小学,数学,四年级,下册,西南大学版,义务教育教科书·数学四年级下册,output\教材封面\88\884061ba-3c8e-449e-a36e-8f73af3ce09f.jpg,True
869d3e6b-b65c-4995-952c-1ce11ed58d75,小学,数学,四年级,上册,西南大学版,义务教育教科书·数学四年级上册,output\教材封面\86\869d3e6b-b65c-4995-952c-1ce11ed58d75.jpg,True
c9ceddc0-1145-43fe-98e7-18991e7b4659,小学,数学,五年级,上册,西南大学版,义务教育教科书·数学五年级上册,output\教材封面\c9\c9ceddc0-1145-43fe-98e7-18991e7b4659.jpg,True
5c4b368f-df07-4288-b0b2-86309b7913e9,小学,数学,六年级,上册,西南大学版,义务教育教科书·数学六年级上册,output\教材封面\5c\5c4b368f-df07-4288-b0b2-86309b7913e9.jpg,True
14fe2472-4d5b-4ca1-be51-c3c4be1a96c5,小学,数学,五年级,下册,西南大学版,义务教育教科书·数学五年级下册,output\教材封面\14\14fe2472-4d5b-4ca1-be51-c3c4be1a96c5.jpg,True
98f6a715-6d4d-4f86-ba7d-786bce9be7b9,小学,数学,六年级,下册,西南大学版,义务教育教科书·数学六年级下册,output\教材封面\98\98f6a715-6d4d-4f86-ba7d-786bce9be7b9.jpg,True
813c72ce-4d38-46fb-88f3-a1555e0e825b,高中,通用技术,高中年级,选择性必修6 智能家居应用设计,人教版,选择性必修6 智能家居应用设计,output\教材封面\81\813c72ce-4d38-46fb-88f3-a1555e0e825b.jpg,True
9b69b588-9343-48b5-91de-1bb5a89afd9d,高中,英语,高中年级,选择性必修 第四册,沪教版,普通高中教科书·英语选择性必修 第四册,output\教材封面\9b\9b69b588-9343-48b5-91de-1bb5a89afd9d.jpg,True
b559729c-30c8-4349-b1e2-c2570abf1aee,高中,通用技术,高中年级,选择性必修7 职业技术基础,人教版,选择性必修7 职业技术基础,output\教材封面\b5\b559729c-30c8-4349-b1e2-c2570abf1aee.jpg,True
127c8da5-5c2a-479c-a5d7-8ab1fa17310a,高中,通用技术,高中年级,选择性必修8 技术与职业探索,人教版,选择性必修8 技术与职业探索,output\教材封面\12\127c8da5-5c2a-479c-a5d7-8ab1fa17310a.jpg,True
98d1680f-9d9d-414a-91cf-8460d50bd111,高中,通用技术,高中年级,选择性必修9 创造力开发与技术发明,人教版,选择性必修9 创造力开发与技术发明,output\教材封面\98\98d1680f-9d9d-414a-91cf-8460d50bd111.jpg,True
44548852-4c97-4aa6-b45f-103fd04d5077,高中,通用技术,高中年级,选择性必修10 科技人文融合创新专题,人教版,选择性必修10 科技人文融合创新专题,output\教材封面\44\44548852-4c97-4aa6-b45f-103fd04d5077.jpg,True
17cc4cbb-b678-47a6-8c22-2ed7dc48a470,高中,通用技术,高中年级,选择性必修11 产品三维设计与制造,人教版,选择性必修11 产品三维设计与制造,output\教材封面\17\17cc4cbb-b678-47a6-8c22-2ed7dc48a470.jpg,True
2600a906-afca-43bc-9070-5d962b92c85c,高中,艺术,高中年级,必修1 艺术与生活,人教版,必修1 艺术与生活,output\教材封面\26\2600a906-afca-43bc-9070-5d962b92c85c.jpg,True
2a568732-9ba0-4b24-aa8b-1fa76418c8f2,高中,艺术,高中年级,必修2 艺术与文化（上册）,人教版,必修2 艺术与文化（上册）,output\教材封面\2a\2a568732-9ba0-4b24-aa8b-1fa76418c8f2.jpg,True
c2bd5522-062c-45c1-b38c-422f26c3d44d,高中,艺术,高中年级,必修2 艺术与文化（下册）,人教版,必修2 艺术与文化（下册）,output\教材封面\c2\c2bd5522-062c-45c1-b38c-422f26c3d44d.jpg,True
dc9a724c-cf01-4d01-a8d8-144546516844,高中,艺术,高中年级,必修3 艺术与科学,人教版,必修3 艺术与科学,output\教材封面\dc\dc9a724c-cf01-4d01-a8d8-144546516844.jpg,True
dce0829e-3b87-4e6f-98f8-c4d024764ff2,高中,艺术,高中年级,选择性必修1 美术创意实践,人教版,选择性必修1 美术创意实践,output\教材封面\dc\dce0829e-3b87-4e6f-98f8-c4d024764ff2.jpg,True
47cca428-80f3-4a7f-a0b1-bccacf0b1744,高中,艺术,高中年级,选择性必修2 音乐情境表演,人教版,选择性必修2 音乐情境表演,output\教材封面\47\47cca428-80f3-4a7f-a0b1-bccacf0b1744.jpg,True
d2ce0a2b-d0b0-4019-952a-6b5470dd5e34,高中,艺术,高中年级,选择性必修4 戏剧创编与表演,人教版,选择性必修4 戏剧创编与表演,output\教材封面\d2\d2ce0a2b-d0b0-4019-952a-6b5470dd5e34.jpg,True
fd98130a-b9e5-4bc3-a212-f0bdf6460179,高中,艺术,高中年级,选择性必修3 舞蹈创编与表演,人教版,选择性必修3 舞蹈创编与表演,output\教材封面\fd\fd98130a-b9e5-4bc3-a212-f0bdf6460179.jpg,True
3e205fb5-2ce6-4224-8803-e20e13a1aa6b,高中,艺术,高中年级,选择性必修5 影视与数字媒体艺术实践,人教版,选择性必修5 影视与数字媒体艺术实践,output\教材封面\3e\3e205fb5-2ce6-4224-8803-e20e13a1aa6b.jpg,True
51d187c6-7b5e-44de-9e34-27803248a0e5,初中（五•四学制）,道德与法治,六年级,下册,统编版,（根据2022年版课程标准修订）义务教育教科书（五·四学制） 道德与法治 六年级下册,output\教材封面\51\51d187c6-7b5e-44de-9e34-27803248a0e5.jpg,True
87786e9e-af21-4348-9dcc-dc7a2c3dc956,初中（五•四学制）,道德与法治,七年级,全一册,统编版,（根据2022年版课程标准修订）义务教育教科书（五·四学制） 道德与法治 七年级全一册,output\教材封面\87\87786e9e-af21-4348-9dcc-dc7a2c3dc956.jpg,True
561c947a-b8b7-7b91-11d5-98dbb04e2e82,高中,数学,高中年级,选择性必修 第二册,沪教版,普通高中教科书·数学选择性必修 第二册,output\教材封面\56\561c947a-b8b7-7b91-11d5-98dbb04e2e82.jpg,True
700a0ee7-8d29-ec53-0434-8a353554d633,高中,物理,高中年级,必修 第三册,教科版,普通高中教科书·物理必修 第三册,output\教材封面\70\700a0ee7-8d29-ec53-0434-8a353554d633.jpg,True
3888a3e6-fe98-8e5e-2e52-24b3b0151b78,,,,,,义务教育信息科技课程教学指南和配套课件使用说明,output\教材封面\38\3888a3e6-fe98-8e5e-2e52-24b3b0151b78.jpg,True
b048ecae-705b-9e57-f07d-a71f882e9d39,,,,,,义务教育信息科技课程教学指南 在线学习与生活 三年级全一册,output\教材封面\b0\b048ecae-705b-9e57-f07d-a71f882e9d39.jpg,True
154a05a7-d1e3-281e-772b-0eb1583de5fd,,,,,,第2课 使用数字设备,output\教材封面\15\154a05a7-d1e3-281e-772b-0eb1583de5fd.jpg,True
f3ca685e-891f-4034-08e6-7780459df9e4,,,,,,第3课 体验人机交互,output\教材封面\f3\f3ca685e-891f-4034-08e6-7780459df9e4.jpg,True
81c7e079-b80e-24ff-2d5b-aa94e5a3c0fa,,,,,,第1课 寻找信息科技,output\教材封面\81\81c7e079-b80e-24ff-2d5b-aa94e5a3c0fa.jpg,True
6890be8d-4660-c07b-a2fe-355757fadae6,,,,,,第5课 美化处理图片,output\教材封面\68\6890be8d-4660-c07b-a2fe-355757fadae6.jpg,True
22398282-9edd-8e4a-1a44-8f835dc72e67,,,,,,第4课 图片记录瞬间,output\教材封面\22\22398282-9edd-8e4a-1a44-8f835dc72e67.jpg,True
76c7bee5-5732-6405-3969-41e32d1b1d62,,,,,,第7课  音频记录声音,output\教材封面\76\76c7bee5-5732-6405-3969-41e32d1b1d62.jpg,True
337e1dfd-d83c-ef5e-a02b-4b70408d4e9e,,,,,,第8课  浏览网络资源,output\教材封面\33\337e1dfd-d83c-ef5e-a02b-4b70408d4e9e.jpg,True
66d905f9-1eca-806e-7a02-4a4472eea120,,,,,,第6课  视频记录片段,output\教材封面\66\66d905f9-1eca-806e-7a02-4a4472eea120.jpg,True
672aa9d7-8b36-54da-4f90-9d5b074dbdac,,,,,,第9课  在线搜索资源,output\教材封面\67\672aa9d7-8b36-54da-4f90-9d5b074dbdac.jpg,True
7aabc524-d74e-2f0b-0a61-cefe2d64a41e,,,,,,第10课 保存信息资源,output\教材封面\7a\7aabc524-d74e-2f0b-0a61-cefe2d64a41e.jpg,True
843dde34-3371-97ff-d66f-4fe5a0437fa8,,,,,,第11课 整理信息资源,output\教材封面\84\843dde34-3371-97ff-d66f-4fe5a0437fa8.jpg,True
f2bd4664-5a72-9912-7e49-acc1913421bd,,,,,,第12课 认识数字作品,output\教材封面\f2\f2bd4664-5a72-9912-7e49-acc1913421bd.jpg,True
abaf21bc-18d0-0a36-716f-e1e073d64ae0,,,,,,第13课 制作数字相册,output\教材封面\ab\abaf21bc-18d0-0a36-716f-e1e073d64ae0.jpg,True
f16e1230-89ac-c2e5-3944-ab8e140fdb07,,,,,,第14课 制作数字小报,output\教材封面\f1\f16e1230-89ac-c2e5-3944-ab8e140fdb07.jpg,True
fa3c3d88-8fb5-0088-4682-29f30f5bab8b,,,,,,第15课 展示数字作品,output\教材封面\fa\fa3c3d88-8fb5-0088-4682-29f30f5bab8b.jpg,True
fd2466a8-e3d0-6579-bb6a-540d327ca6d7,,,,,,第16课  畅享在线交流,output\教材封面\fd\fd2466a8-e3d0-6579-bb6a-540d327ca6d7.jpg,True
131d37ab-01da-269a-728b-83adac5752d7,,,,,,第17课  参与网络社交,output\教材封面\13\131d37ab-01da-269a-728b-83adac5752d7.jpg,True
c7eaf4e8-c022-c83c-f35a-ddafcc18104d,,,,,,第18课  在线行为规范,output\教材封面\c7\c7eaf4e8-c022-c83c-f35a-ddafcc18104d.jpg,True
8e88f47e-a575-28ac-803a-66754f89d0f4,,,,,,第19课  认识数字身份,output\教材封面\8e\8e88f47e-a575-28ac-803a-66754f89d0f4.jpg,True
af15f576-88c5-4227-da18-9012abf71ae5,,,,,,第20课  体验在线学习,output\教材封面\af\af15f576-88c5-4227-da18-9012abf71ae5.jpg,True
350cf946-bbc7-3ac3-ae7a-4b5036939c57,,,,,,第21课  分享学习资源,output\教材封面\35\350cf946-bbc7-3ac3-ae7a-4b5036939c57.jpg,True
cb1a636f-84b2-364f-b98b-2beeb4b13777,,,,,,第22课  探讨在线学习,output\教材封面\cb\cb1a636f-84b2-364f-b98b-2beeb4b13777.jpg,True
f856afa8-bde0-e5d7-863c-93d37b18342a,,,,,,第23课 分解描述问题,output\教材封面\f8\f856afa8-bde0-e5d7-863c-93d37b18342a.jpg,True
39c39392-2779-3fee-b30c-7026b8abdb7d,,,,,,第24课 分组分派任务,output\教材封面\39\39c39392-2779-3fee-b30c-7026b8abdb7d.jpg,True
44788ae0-9061-17c4-87e2-d3176fe5d255,,,,,,第25课 合作制作作品,output\教材封面\44\44788ae0-9061-17c4-87e2-d3176fe5d255.jpg,True
0d3c6bc7-49e4-4d7a-8b41-fac0b3a148f8,,,,,,第26课 完善评价作品,output\教材封面\0d\0d3c6bc7-49e4-4d7a-8b41-fac0b3a148f8.jpg,True
93f27b28-0c4c-edb4-625f-074ad7003e94,,,,,,第28课  初识人工智能,output\教材封面\93\93f27b28-0c4c-edb4-625f-074ad7003e94.jpg,True
852bb277-6bdf-eac5-3be1-0d120b3b56bd,,,,,,第27课  感悟在线社会,output\教材封面\85\852bb277-6bdf-eac5-3be1-0d120b3b56bd.jpg,True
36c8f5c0-9303-b95b-ec9f-b2a3248bd41c,,,,,,第29课  了解自主可控,output\教材封面\36\36c8f5c0-9303-b95b-ec9f-b2a3248bd41c.jpg,True
50686557-d469-43af-4e21-56af9cf28375,,,,,,第30课  在线安全防范,output\教材封面\50\50686557-d469-43af-4e21-56af9cf28375.jpg,True
c4314686-05ca-a690-3fd4-1d04dda0dd22,,,,,,义务教育信息科技课程教学指南和配套课件使用说明,output\教材封面\c4\c4314686-05ca-a690-3fd4-1d04dda0dd22.jpg,True
e26c8c04-aeba-c392-ae19-d6850c9caa0b,,,,,,义务教育信息科技课程教学指南 数据与编码 四年级全一册,output\教材封面\e2\e26c8c04-aeba-c392-ae19-d6850c9caa0b.jpg,True
1fdbd417-0fa5-f657-de5c-725ff132d081,,,,,,第1课 数据宝藏在身边,output\教材封面\1f\1fdbd417-0fa5-f657-de5c-725ff132d081.jpg,True
d5bc495f-79f9-33f4-012e-9628960e844b,,,,,,第2课 获取数据有方法,output\教材封面\d5\d5bc495f-79f9-33f4-012e-9628960e844b.jpg,True
94c0c416-c31b-50f8-37ee-81f06ce03d6b,,,,,,第3课 寻找可靠数据源,output\教材封面\94\94c0c416-c31b-50f8-37ee-81f06ce03d6b.jpg,True
46f0c5bf-8ee6-82b0-4c33-cfe00a81e4a5,,,,,,第4课 记录数据讲诀窍,output\教材封面\46\46f0c5bf-8ee6-82b0-4c33-cfe00a81e4a5.jpg,True
00a4d755-d582-79ef-3493-943c1c9b7660,,,,,,第5课 数据价值巧发现,output\教材封面\00\00a4d755-d582-79ef-3493-943c1c9b7660.jpg,True
52b4de32-b298-469a-9ed5-56da94d5e300,,,,,,第6课 古往今来话编码,output\教材封面\52\52b4de32-b298-469a-9ed5-56da94d5e300.jpg,True
b6b101aa-f31f-cfde-561d-ea632d358d57,,,,,,第7课 数据编码随处见,output\教材封面\b6\b6b101aa-f31f-cfde-561d-ea632d358d57.jpg,True
7293cc12-8589-121d-cdf7-75e9ce9d0d43,,,,,,第8课 编码管理我知道,output\教材封面\72\7293cc12-8589-121d-cdf7-75e9ce9d0d43.jpg,True
6b3fd531-f83a-3f66-2f6d-c627f7c9be5d,,,,,,第9课 二维码伴我生活,output\教材封面\6b\6b3fd531-f83a-3f66-2f6d-c627f7c9be5d.jpg,True
e607e4e2-289d-a96a-419b-509d62ab34f1,,,,,,第10课  数据错误及时验,output\教材封面\e6\e607e4e2-289d-a96a-419b-509d62ab34f1.jpg,True
efa892d7-458f-b2ef-c6bb-e17ea13243cb,,,,,,第11课 嘀嘀嗒嗒的秘密,output\教材封面\ef\efa892d7-458f-b2ef-c6bb-e17ea13243cb.jpg,True
74f7c097-c054-35c0-92d8-48ca03a18e9c,,,,,,第12课 二值的黑白图像,output\教材封面\74\74f7c097-c054-35c0-92d8-48ca03a18e9c.jpg,True
8ccf8902-e805-77e9-933c-cbef9aa307ec,,,,,,第13课 多彩的数字世界,output\教材封面\8c\8ccf8902-e805-77e9-933c-cbef9aa307ec.jpg,True
9196b43b-8269-f605-0db5-13fff804c7b7,,,,,,第14课 编码也能动起来,output\教材封面\91\9196b43b-8269-f605-0db5-13fff804c7b7.jpg,True
2a024785-3396-0bbb-7e06-d6b25bd1ae78,,,,,,第15课 自定编码讲规则,output\教材封面\2a\2a024785-3396-0bbb-7e06-d6b25bd1ae78.jpg,True
56d40392-1149-8070-a7b6-06cc98cadb4f,,,,,,第16课 数据管理与编码,output\教材封面\56\56d40392-1149-8070-a7b6-06cc98cadb4f.jpg,True
3c788922-e5b6-6fe8-6f58-0b1ac1e143df,,,,,,第17课 查找筛选讲效率,output\教材封面\3c\3c788922-e5b6-6fe8-6f58-0b1ac1e143df.jpg,True
47aa19bf-ea19-513c-49d0-84280ad4d390,,,,,,第18课 排序计算有方法,output\教材封面\47\47aa19bf-ea19-513c-49d0-84280ad4d390.jpg,True
14e3ab46-6549-588f-b02e-de22aeb4b78b,,,,,,第19课 数据安全意识强,output\教材封面\14\14e3ab46-6549-588f-b02e-de22aeb4b78b.jpg,True
ac10f9a4-201b-c6fc-061b-a46707c33232,,,,,,第20课 保护数据小妙招,output\教材封面\ac\ac10f9a4-201b-c6fc-061b-a46707c33232.jpg,True
7bb9a80c-2072-c588-fe9b-93e55ca64544,,,,,,第21课 展现数量的关系,output\教材封面\7b\7bb9a80c-2072-c588-fe9b-93e55ca64544.jpg,True
f5621af9-1b8a-eabb-93ba-e2aeb3c1dfc3,,,,,,第22课 探寻趋势与规律,output\教材封面\f5\f5621af9-1b8a-eabb-93ba-e2aeb3c1dfc3.jpg,True
d621a39f-55cd-9ffd-77b1-d130b5ada698,,,,,,第23课 挑战多角度比拼,output\教材封面\d6\d621a39f-55cd-9ffd-77b1-d130b5ada698.jpg,True
b6b1dbe4-eaf8-c05c-1dd6-50fb2309380b,,,,,,第24课 抽取文本汇词云,output\教材封面\b6\b6b1dbe4-eaf8-c05c-1dd6-50fb2309380b.jpg,True
95057de3-1755-cc9b-9336-7e72302d812c,,,,,,第25课 知识图谱来帮忙,output\教材封面\95\95057de3-1755-cc9b-9336-7e72302d812c.jpg,True
db125376-5b14-0b92-7a5d-e4b7134c8728,,,,,,第26课 用数据支撑观点,output\教材封面\db\db125376-5b14-0b92-7a5d-e4b7134c8728.jpg,True
59dc0b72-a4e0-d92a-9a42-f061eb033684,,,,,,第27课 数据点亮新生活,output\教材封面\59\59dc0b72-a4e0-d92a-9a42-f061eb033684.jpg,True
5c5a8c1a-a0b2-ac79-b8bd-fc5e0b9058bf,,,,,,第28课 大数据助力智能,output\教材封面\5c\5c5a8c1a-a0b2-ac79-b8bd-fc5e0b9058bf.jpg,True
cb890a3e-24d7-61ee-1fa3-9cdbaf4996b8,,,,,,第29课 生成式人工智能,output\教材封面\cb\cb890a3e-24d7-61ee-1fa3-9cdbaf4996b8.jpg,True
1a2e6617-dc4c-e506-b4e6-8789889cbced,,,,,,第30课 应对智能新挑战,output\教材封面\1a\1a2e6617-dc4c-e506-b4e6-8789889cbced.jpg,True
202f3da0-2ee2-0b82-522f-ba0143ead4e6,,,,,,义务教育信息科技课程教学指南和配套课件使用说明,output\教材封面\20\202f3da0-2ee2-0b82-522f-ba0143ead4e6.jpg,True
634fb091-4785-6378-11c1-4c096bae19ad,,,,,,义务教育信息科技课程教学指南 身边的算法 五年级全一册,output\教材封面\63\634fb091-4785-6378-11c1-4c096bae19ad.jpg,True
502b8435-012a-09a8-2fcd-e7c3bd84d84f,,,,,,第1课 生活处处有算法,output\教材封面\50\502b8435-012a-09a8-2fcd-e7c3bd84d84f.jpg,True
d82340ea-0280-caf3-7bf1-2eafbfd975a1,,,,,,第2课 算法认识与体验,output\教材封面\d8\d82340ea-0280-caf3-7bf1-2eafbfd975a1.jpg,True
9a26e185-7f6a-53bf-4fc3-e724cbed0d15,,,,,,第3课 游戏体验寻规律,output\教材封面\9a\9a26e185-7f6a-53bf-4fc3-e724cbed0d15.jpg,True
58906afd-7051-9cf6-fc9e-a1f3fb956467,,,,,,第4课 算法应用在身边,output\教材封面\58\58906afd-7051-9cf6-fc9e-a1f3fb956467.jpg,True
394a8cd9-50a5-ba9c-be0d-dccfbf27ddf4,,,,,,第5课 数学运算讲方法,output\教材封面\39\394a8cd9-50a5-ba9c-be0d-dccfbf27ddf4.jpg,True
8f0a6958-f5ff-512f-1a19-b7f70a45cef1,,,,,,第6课 判断选择用分支,output\教材封面\8f\8f0a6958-f5ff-512f-1a19-b7f70a45cef1.jpg,True
bc9f57fa-75d1-bd02-de33-0e9dea5e0210,,,,,,第7课 重复操作用循环,output\教材封面\bc\bc9f57fa-75d1-bd02-de33-0e9dea5e0210.jpg,True
2a1098e0-33a1-52e3-2209-43bdee486f03,,,,,,第8课 算法验证与实现,output\教材封面\2a\2a1098e0-33a1-52e3-2209-43bdee486f03.jpg,True
81157e15-9608-ba42-4578-a1c079a5af82,,,,,,第9课 互传密信有诀窍,output\教材封面\81\81157e15-9608-ba42-4578-a1c079a5af82.jpg,True
94242896-0f8f-6752-36ae-422b12e6bccc,,,,,,第10课 猜数游戏有捷径,output\教材封面\94\94242896-0f8f-6752-36ae-422b12e6bccc.jpg,True
f9d78115-8c61-a27c-f023-27efe86f47b4,,,,,,第11课 闰年平年我知道(1),output\教材封面\f9\f9d78115-8c61-a27c-f023-27efe86f47b4.jpg,True
f05343bc-32ba-3df5-267b-c986b6688c9d,,,,,,第12课 闰年平年我知道(2）,output\教材封面\f0\f05343bc-32ba-3df5-267b-c986b6688c9d.jpg,True
8dc79587-9b13-8021-4e55-0b321cd1bf45,,,,,,第13课 让计算机会数数,output\教材封面\8d\8dc79587-9b13-8021-4e55-0b321cd1bf45.jpg,True
8f02a13f-22f2-9800-10b7-27a5997d3b7e,,,,,,第14课 算法效率比一比,output\教材封面\8f\8f02a13f-22f2-9800-10b7-27a5997d3b7e.jpg,True
8ad73a31-229c-07db-abf1-2e0d8237320a,,,,,,第15课 简单密码易破解,output\教材封面\8a\8ad73a31-229c-07db-abf1-2e0d8237320a.jpg,True
de9b7985-3723-58d8-d102-6438289582dc,,,,,,第16课  比较交换找最值,output\教材封面\de\de9b7985-3723-58d8-d102-6438289582dc.jpg,True
898c124e-cc75-6978-2f56-8fc7fc047933,,,,,,第17课 选择排序轻松做,output\教材封面\89\898c124e-cc75-6978-2f56-8fc7fc047933.jpg,True
f617d554-607d-7ec8-7549-be74b269ae30,,,,,,第19课 冒泡排序齐体验（2）,output\教材封面\f6\f617d554-607d-7ec8-7549-be74b269ae30.jpg,True
f8b79ca6-bd9a-5893-2c2f-767922396fa7,,,,,,第20课 化大为小桶排序,output\教材封面\f8\f8b79ca6-bd9a-5893-2c2f-767922396fa7.jpg,True
4089532f-915e-2d5c-94a2-77458b472b14,,,,,,第21课 鸡兔同笼巧计算,output\教材封面\40\4089532f-915e-2d5c-94a2-77458b472b14.jpg,True
b5c8368e-ee26-7bac-d896-a04165f8555c,,,,,,第22课 兔子增长有规律（1）,output\教材封面\b5\b5c8368e-ee26-7bac-d896-a04165f8555c.jpg,True
56338a4e-109f-8c83-199a-8d9abcc2d103,,,,,,第23课 兔子增长有规律（2）,output\教材封面\56\56338a4e-109f-8c83-199a-8d9abcc2d103.jpg,True
f49612cf-a66f-c591-fcf9-4f08a5faf890,,,,,,第24课 多人过河巧安排,output\教材封面\f4\f49612cf-a66f-c591-fcf9-4f08a5faf890.jpg,True
7c81110f-3665-4b7c-6428-9b13f599ce25,,,,,,第25课 有趣的七桥问题,output\教材封面\7c\7c81110f-3665-4b7c-6428-9b13f599ce25.jpg,True
b9a4ab38-4d1f-ac3e-0b08-361bb08a24a2,,,,,,第26课 寻找最短的路径,output\教材封面\b9\b9a4ab38-4d1f-ac3e-0b08-361bb08a24a2.jpg,True
859fb9c1-1dbc-559c-1070-add96bb38b8c,,,,,,第27课 网页排名有策略,output\教材封面\85\859fb9c1-1dbc-559c-1070-add96bb38b8c.jpg,True
60b365b5-f7c9-3f52-69fb-8e4df4e3bdd2,,,,,,第28课 认识决策树算法,output\教材封面\60\60b365b5-f7c9-3f52-69fb-8e4df4e3bdd2.jpg,True
f1e0281c-0d63-d0b6-da92-90085c7de130,,,,,,第29课 智能工具再体验,output\教材封面\f1\f1e0281c-0d63-d0b6-da92-90085c7de130.jpg,True
f15c2d6a-542f-53b9-8d8c-be5ca7fc31ce,,,,,,第30课 生命游戏有规则,output\教材封面\f1\f15c2d6a-542f-53b9-8d8c-be5ca7fc31ce.jpg,True
01e27cc8-d3a6-5d53-6770-aba2578ba2a2,,,,,,义务教育信息科技课程教学指南和配套课件使用说明,output\教材封面\01\01e27cc8-d3a6-5d53-6770-aba2578ba2a2.jpg,True
5bf84930-f87c-c639-2378-60c4249458ca,,,,,,义务教育信息科技课程教学指南 过程与控制 六年级全一册,output\教材封面\5b\5bf84930-f87c-c639-2378-60c4249458ca.jpg,True
b253c288-253a-8588-e363-e8f9435db2fb,,,,,,第1课  设备控制处处在,output\教材封面\b2\b253c288-253a-8588-e363-e8f9435db2fb.jpg,True
8a712c8e-c60a-b4d5-6b3f-bed058710183,,,,,,第2课  一分为二开与关,output\教材封面\8a\8a712c8e-c60a-b4d5-6b3f-bed058710183.jpg,True
7e928090-1167-36e5-02e8-fc9d3103d0fe,,,,,,第3课  我是小小控制员,output\教材封面\7e\7e928090-1167-36e5-02e8-fc9d3103d0fe.jpg,True
23235490-8f44-05f5-fbbd-989ec0896dbd,,,,,,第4课  输入输出与计算,output\教材封面\23\23235490-8f44-05f5-fbbd-989ec0896dbd.jpg,True
e3b65458-342b-f2aa-db34-d00bacafec0d,,,,,,第5课  连续变化的数据,output\教材封面\e3\e3b65458-342b-f2aa-db34-d00bacafec0d.jpg,True
c2581214-a52d-3b9b-9049-6938fd99ca66,,,,,,第6课  开关量的真与假,output\教材封面\c2\c2581214-a52d-3b9b-9049-6938fd99ca66.jpg,True
ce36cb59-7d90-3b08-3a04-69a1e9b2d905,,,,,,第7课  开关量的与运算,output\教材封面\ce\ce36cb59-7d90-3b08-3a04-69a1e9b2d905.jpg,True
b9381b2b-859f-7e4c-4fc0-fc94e4f17b09,,,,,,第8课  开关量的或运算,output\教材封面\b9\b9381b2b-859f-7e4c-4fc0-fc94e4f17b09.jpg,True
c67e4cb7-5b9c-6c5e-f2c2-16388c03bdfd,,,,,,第9课  从人工到自动化,output\教材封面\c6\c67e4cb7-5b9c-6c5e-f2c2-16388c03bdfd.jpg,True
41e60f59-68f0-b0d4-c157-04c2f7d4ff02,,,,,,第10课  开环控制应用广,output\教材封面\41\41e60f59-68f0-b0d4-c157-04c2f7d4ff02.jpg,True
6db2eb13-1c25-91b8-1649-8653ad87dd2e,,,,,,第11课  通过反馈知效果,output\教材封面\6d\6db2eb13-1c25-91b8-1649-8653ad87dd2e.jpg,True
78f8f410-f13c-d443-eb63-ecd4f87defc4,,,,,,第12课  闭环控制助稳定,output\教材封面\78\78f8f410-f13c-d443-eb63-ecd4f87defc4.jpg,True
cecede30-e56d-3e30-8d3a-ce46b4b3a4b9,,,,,,第13课  控制系统有特点,output\教材封面\ce\cecede30-e56d-3e30-8d3a-ce46b4b3a4b9.jpg,True
ad621d84-e056-ce44-3d46-60e7cb72d984,,,,,,第14课  复杂系统可分解,output\教材封面\ad\ad621d84-e056-ce44-3d46-60e7cb72d984.jpg,True
97e643c0-8ec7-851d-5c09-6b07e4c51eb6,,,,,,第15课  模块组装很灵活,output\教材封面\97\97e643c0-8ec7-851d-5c09-6b07e4c51eb6.jpg,True
2e7dfe31-fd8b-1f4b-367a-c86829dc5c03,,,,,,第16课 智能种植初探秘,output\教材封面\2e\2e7dfe31-fd8b-1f4b-367a-c86829dc5c03.jpg,True
1c8c2d8a-bfdd-bb64-48ce-f64cf9a9bdea,,,,,,第17课 设计我的种植园,output\教材封面\1c\1c8c2d8a-bfdd-bb64-48ce-f64cf9a9bdea.jpg,True
0ad925db-4595-7f26-34d8-736368baa562,,,,,,第18课 土壤湿度控制好,output\教材封面\0a\0ad925db-4595-7f26-34d8-736368baa562.jpg,True
ea913388-91ce-61e1-436b-575df2f13592,,,,,,第19课 光照温度要适宜,output\教材封面\ea\ea913388-91ce-61e1-436b-575df2f13592.jpg,True
f534dc72-a1c6-373d-9946-1333140b31bb,,,,,,第20课 找找电梯子系统,output\教材封面\f5\f534dc72-a1c6-373d-9946-1333140b31bb.jpg,True
606e68a2-2714-1184-dfc5-381b7fca90d3,,,,,,第21课 到达指定的楼层,output\教材封面\60\606e68a2-2714-1184-dfc5-381b7fca90d3.jpg,True
07585e1a-7eef-b3d2-99bf-9667a43fbe33,,,,,,第22课 电梯门的开与关,output\教材封面\07\07585e1a-7eef-b3d2-99bf-9667a43fbe33.jpg,True
0a48bc1c-4bd5-3668-836e-b4f3280e1176,,,,,,第23课 如果超载电梯停,output\教材封面\0a\0a48bc1c-4bd5-3668-836e-b4f3280e1176.jpg,True
fcdaa496-296d-c1bb-2a44-8ec805f3647a,,,,,,第24课 自动熄灭转向灯,output\教材封面\fc\fcdaa496-296d-c1bb-2a44-8ec805f3647a.jpg,True
2c1e9b27-222a-633e-a220-b073154e4af7,,,,,,第25课 安全带未系提醒,output\教材封面\2c\2c1e9b27-222a-633e-a220-b073154e4af7.jpg,True
322b68bf-5799-7d19-aec4-498fe7f41355,,,,,,第26课 倒车防撞请注意,output\教材封面\32\322b68bf-5799-7d19-aec4-498fe7f41355.jpg,True
d336fa72-83e9-a67f-7658-76d609d956f7,,,,,,第27课 定速巡航的控制,output\教材封面\d3\d336fa72-83e9-a67f-7658-76d609d956f7.jpg,True
68d7b69f-8abc-f3b6-3690-f858efc19e97,,,,,,第28课 使用系统讲安全,output\教材封面\68\68d7b69f-8abc-f3b6-3690-f858efc19e97.jpg,True
6cce39ef-ae18-c678-1bfe-f882343ada6d,,,,,,第29课 避免故障保安全,output\教材封面\6c\6cce39ef-ae18-c678-1bfe-f882343ada6d.jpg,True
9e92492f-42cc-033b-7b9c-b7d6a3c776bf,,,,,,第30课 自主可控变强大,output\教材封面\9e\9e92492f-42cc-033b-7b9c-b7d6a3c776bf.jpg,True
d96bebc7-3f28-4843-fabe-73a3c22fcd40,,,,,,义务教育信息科技课程教学指南和配套课件使用说明,output\教材封面\d9\d96bebc7-3f28-4843-fabe-73a3c22fcd40.jpg,True
c2dad3f8-e855-0f3a-45d3-b04a959352ca,,,,,,义务教育信息科技课程教学指南 互联网应用与创新 七年级全一册,output\教材封面\c2\c2dad3f8-e855-0f3a-45d3-b04a959352ca.jpg,True
ff3a7b63-40bf-9f82-248b-88ab0cde23e8,,,,,,第1课 互联网发展靠创新,output\教材封面\ff\ff3a7b63-40bf-9f82-248b-88ab0cde23e8.jpg,True
ffdf3ff4-4aa5-1939-e5e2-9368d140bc28,,,,,,第2课 互联网应用新特征,output\教材封面\ff\ffdf3ff4-4aa5-1939-e5e2-9368d140bc28.jpg,True
7ca211f7-aa6b-6e81-24a5-d98838e2428d,,,,,,第3课 互联网影响新体验,output\教材封面\7c\7ca211f7-aa6b-6e81-24a5-d98838e2428d.jpg,True
9736c69b-f7d6-7e1c-f186-b71acdf35537,,,,,,第4课 数据分包灵活传,output\教材封面\97\9736c69b-f7d6-7e1c-f186-b71acdf35537.jpg,True
269241ae-0f47-0788-e70f-6377b1220bb6,,,,,,第5课 网络协议分层设,output\教材封面\26\269241ae-0f47-0788-e70f-6377b1220bb6.jpg,True
4e8d0fb6-a1e7-2657-8488-770826e523f9,,,,,,第6课 数字身份辨设备,output\教材封面\4e\4e8d0fb6-a1e7-2657-8488-770826e523f9.jpg,True
ccfb318f-7b70-eccf-86f6-d7ab4209813c,,,,,,第7课 域名解析换编码,output\教材封面\cc\ccfb318f-7b70-eccf-86f6-d7ab4209813c.jpg,True
49893c9c-aa70-35cd-54b6-dd95c1089756,,,,,,第8课 路由路径靠算法,output\教材封面\49\49893c9c-aa70-35cd-54b6-dd95c1089756.jpg,True
3704dfad-74ff-d7f8-5dc7-b6f44ea95155,,,,,,第9课 数据传输有新意,output\教材封面\37\3704dfad-74ff-d7f8-5dc7-b6f44ea95155.jpg,True
8cb9d1b1-1e38-b223-4c47-706a056f9888,,,,,,第10课 综合所学建网络,output\教材封面\8c\8cb9d1b1-1e38-b223-4c47-706a056f9888.jpg,True
f696c46e-2f5d-2ac1-38f2-e6f5bd86f735,,,,,,第11课 互联网服务应用广,output\教材封面\f6\f696c46e-2f5d-2ac1-38f2-e6f5bd86f735.jpg,True
cb47a650-dae2-9860-0522-96574d058834,,,,,,第12课 万维网服务大揭秘,output\教材封面\cb\cb47a650-dae2-9860-0522-96574d058834.jpg,True
7e7cbe3e-90d0-2671-fc9e-950fb3e41d75,,,,,,第13课 万维网安全新协议,output\教材封面\7e\7e7cbe3e-90d0-2671-fc9e-950fb3e41d75.jpg,True
e9dd1493-4be9-1549-ba3f-8a3729c837c4,,,,,,第14课 互联网搜索新发展,output\教材封面\e9\e9dd1493-4be9-1549-ba3f-8a3729c837c4.jpg,True
ebcf82f8-4eb2-94dc-ec84-36f3109bcc41,,,,,,第15课 互联网实验齐发现,output\教材封面\eb\ebcf82f8-4eb2-94dc-ec84-36f3109bcc41.jpg,True
b7cc6f7c-631f-bcc0-2bf8-ff37d79cce93,,,,,,第16课 探秘网页与代码,output\教材封面\b7\b7cc6f7c-631f-bcc0-2bf8-ff37d79cce93.jpg,True
72279351-94b8-a4d6-4dd5-3896af10fe7b,,,,,,第17课 制作网页展活动,output\教材封面\72\72279351-94b8-a4d6-4dd5-3896af10fe7b.jpg,True
584b41b7-3442-a770-7c5c-5b91b7897f25,,,,,,第18课 美化网页方法多,output\教材封面\58\584b41b7-3442-a770-7c5c-5b91b7897f25.jpg,True
b66bac7b-d8a5-513c-40a1-fd0857c688f8,,,,,,第19课 多人协同效率高,output\教材封面\b6\b66bac7b-d8a5-513c-40a1-fd0857c688f8.jpg,True
c5bcfc65-b6b0-b92c-58f3-d90fac79f05a,,,,,,第20课 组建网站跟我做,output\教材封面\c5\c5bcfc65-b6b0-b92c-58f3-d90fac79f05a.jpg,True
870de6f8-9aa2-3800-01cf-189436befd11,,,,,,第21课 移动互联新发展,output\教材封面\87\870de6f8-9aa2-3800-01cf-189436befd11.jpg,True
27515396-f3da-aeb8-0107-fe401d8c0630,,,,,,第22课 在线学习新变革,output\教材封面\27\27515396-f3da-aeb8-0107-fe401d8c0630.jpg,True
65b9f06a-4fd8-dd75-1143-e42cfa3a507c,,,,,,第23课 在线生活创意多,output\教材封面\65\65b9f06a-4fd8-dd75-1143-e42cfa3a507c.jpg,True
589a53ef-3c09-2873-9eec-635fc45492fb,,,,,,第24课 在线交流新气象,output\教材封面\58\589a53ef-3c09-2873-9eec-635fc45492fb.jpg,True
50b6469b-9b71-badc-17d0-6749db8990d4,,,,,,第25课 网络创新云服务,output\教材封面\50\50b6469b-9b71-badc-17d0-6749db8990d4.jpg,True
51d836be-43cc-7175-e024-5057419dc2e5,,,,,,第26课 创意展示我家乡,output\教材封面\51\51d836be-43cc-7175-e024-5057419dc2e5.jpg,True
9fe89c1f-3d2e-b71c-d2c9-5f9e2b34e4cf,,,,,,第27课 个人信息防泄露,output\教材封面\9f\9fe89c1f-3d2e-b71c-d2c9-5f9e2b34e4cf.jpg,True
e63bd1f8-b290-87c4-645d-d70e90eeec9b,,,,,,第28课 数字版权要保护,output\教材封面\e6\e63bd1f8-b290-87c4-645d-d70e90eeec9b.jpg,True
17cae2ff-7939-03f0-f5ac-5bb5b10087bf,,,,,,第29课 企业责任勇担当,output\教材封面\17\17cae2ff-7939-03f0-f5ac-5bb5b10087bf.jpg,True
1a190da2-4937-e707-b728-ae7d65c24714,,,,,,第30课 网络生态建设好,output\教材封面\1a\1a190da2-4937-e707-b728-ae7d65c24714.jpg,True
57440009-0018-7d21-1847-16665e788d5d,,,,,,义务教育信息科技课程教学指南和配套课件使用说明,output\教材封面\57\57440009-0018-7d21-1847-16665e788d5d.jpg,True
e3ecbd1b-5a90-99fb-6c2e-064bd68d3183,,,,,,义务教育信息科技课程教学指南 物联网实践与探索 八年级全一册,output\教材封面\e3\e3ecbd1b-5a90-99fb-6c2e-064bd68d3183.jpg,True
e5b011d0-f769-cc92-9422-cba87af5ee93,,,,,,第1课 开启物联网之门,output\教材封面\e5\e5b011d0-f769-cc92-9422-cba87af5ee93.jpg,True
90aaa76f-2310-7467-8b5f-40c762b98580,,,,,,第2课 传感之古今未来,output\教材封面\90\90aaa76f-2310-7467-8b5f-40c762b98580.jpg,True
3ea8994d-ab29-7e93-1a95-c85d24b9d71b,,,,,,第4课 物物相连有价值,output\教材封面\3e\3ea8994d-ab29-7e93-1a95-c85d24b9d71b.jpg,True
24793df4-f262-ea03-cac5-fad0a466e5cb,,,,,,第5课 物联功能趣体验,output\教材封面\24\24793df4-f262-ea03-cac5-fad0a466e5cb.jpg,True
4bda5e90-c33e-b856-6e63-07a62fec8f10,,,,,,第6课 数据传输方式多,output\教材封面\4b\4bda5e90-c33e-b856-6e63-07a62fec8f10.jpg,True
89216bb4-cdfd-79d1-3cdc-f8a5ce180b9e,,,,,,第3课 环境数据要感知,output\教材封面\89\89216bb4-cdfd-79d1-3cdc-f8a5ce180b9e.jpg,True
03ebae2d-28ca-d4b0-24f5-f048d393c190,,,,,,第7课 电子标签我揭秘,output\教材封面\03\03ebae2d-28ca-d4b0-24f5-f048d393c190.jpg,True
003d6229-38f8-ed64-6c5e-0bcc3513b080,,,,,,第8课 巧用蓝牙做工具,output\教材封面\00\003d6229-38f8-ed64-6c5e-0bcc3513b080.jpg,True
a349ebb5-0924-98d4-4269-cce8a519e082,,,,,,第9课 互联协议仍沿用,output\教材封面\a3\a349ebb5-0924-98d4-4269-cce8a519e082.jpg,True
9358c317-b8de-1770-ac7b-f8cfd2c897d3,,,,,,第10课  物物互通有新径,output\教材封面\93\9358c317-b8de-1770-ac7b-f8cfd2c897d3.jpg,True
97967b29-33d6-e8ca-9421-c92218f6a375,,,,,,第11课 物联功能细分解,output\教材封面\97\97967b29-33d6-e8ca-9421-c92218f6a375.jpg,True
31f6e626-28f0-6fad-add2-aa292b20177e,,,,,,第12课 刷卡开锁易实现,output\教材封面\31\31f6e626-28f0-6fad-add2-aa292b20177e.jpg,True
3cd98d3d-65fc-fe03-1a56-6e90f0159cb7,,,,,,第13课 门铃通知即时到,output\教材封面\3c\3cd98d3d-65fc-fe03-1a56-6e90f0159cb7.jpg,True
4936ac6a-5671-199e-2d60-0e22587be294,,,,,,第14课 远程控制更便捷,output\教材封面\49\4936ac6a-5671-199e-2d60-0e22587be294.jpg,True
7b345fea-0783-670c-0ec6-eee7a028d9a0,,,,,,第16课 模块功能先划分,output\教材封面\7b\7b345fea-0783-670c-0ec6-eee7a028d9a0.jpg,True
accb7b50-cb0a-7380-e0cf-a265d5acafc1,,,,,,第17课 物联数据需采集,output\教材封面\ac\accb7b50-cb0a-7380-e0cf-a265d5acafc1.jpg,True
e9546f9c-e8d4-3351-f7b3-84eba39b5304,,,,,,第18课 数据分析与处理,output\教材封面\e9\e9546f9c-e8d4-3351-f7b3-84eba39b5304.jpg,True
db518401-5859-2967-8d49-c867d6c1517d,,,,,,第19课 数据呈现可视化,output\教材封面\db\db518401-5859-2967-8d49-c867d6c1517d.jpg,True
ac077507-d120-2b75-544e-401807662cb8,,,,,,第15课 面容钥匙显智能,output\教材封面\ac\ac077507-d120-2b75-544e-401807662cb8.jpg,True
70e258bd-26cf-6657-ed9b-0671e57f7c84,,,,,,第20课 反馈控制有算法,output\教材封面\70\70e258bd-26cf-6657-ed9b-0671e57f7c84.jpg,True
4d3db41d-d8ff-028b-5455-40474216e79b,,,,,,第22课 健康生活新设备,output\教材封面\4d\4d3db41d-d8ff-028b-5455-40474216e79b.jpg,True
f863ed43-71b2-987e-6647-6ccaefaeaf31,,,,,,第21课 文物保护新手段,output\教材封面\f8\f863ed43-71b2-987e-6647-6ccaefaeaf31.jpg,True
7ce03949-fe2f-2d3f-00cc-95c1babab034,,,,,,第23课 医疗设施新功能,output\教材封面\7c\7ce03949-fe2f-2d3f-00cc-95c1babab034.jpg,True
52ecc9f7-ce2e-b6b5-cf15-8132f451ee61,,,,,,第24课 农业生产新模式,output\教材封面\52\52ecc9f7-ce2e-b6b5-cf15-8132f451ee61.jpg,True
cfc3f678-89dc-5d5a-6dfd-63e3dcd00192,,,,,,第25课 学习探究新工具,output\教材封面\cf\cfc3f678-89dc-5d5a-6dfd-63e3dcd00192.jpg,True
282ece85-e4e5-c418-f43e-40748fc7e4aa,,,,,,第26课 数字世界有身份,output\教材封面\28\282ece85-e4e5-c418-f43e-40748fc7e4aa.jpg,True
76007e39-2667-cd07-2f8c-7f245185b739,,,,,,第27课 安全事件与风险,output\教材封面\76\76007e39-2667-cd07-2f8c-7f245185b739.jpg,True
1f9ceca1-00b6-ca6b-060e-6025f9e04a7b,,,,,,第28课 安全防范讲策略,output\教材封面\1f\1f9ceca1-00b6-ca6b-060e-6025f9e04a7b.jpg,True
6bb4fc7d-9e94-74dd-f492-0376f9a6d3a2,,,,,,第29课 自主可控意义大,output\教材封面\6b\6bb4fc7d-9e94-74dd-f492-0376f9a6d3a2.jpg,True
a38d3ccb-fcbd-6889-bb76-08eb8dd2f19a,,,,,,第30课 系统安全需升级,output\教材封面\a3\a38d3ccb-fcbd-6889-bb76-08eb8dd2f19a.jpg,True
03f382a3-795d-6522-ddde-e5868ee5f26d,,,,,,义务教育教科书 体育与健康教师用书 篮球（全一册）,output\教材封面\03\03f382a3-795d-6522-ddde-e5868ee5f26d.jpg,True
52e7cbd7-2ff7-f97f-d252-c6f64b9796ca,,,,,,义务教育教科书 体育与健康教师用书 篮球（全一册）,output\教材封面\52\52e7cbd7-2ff7-f97f-d252-c6f64b9796ca.jpg,True
bd9a5ace-da79-a297-104b-42a352bc39a1,,,,,,义务教育教科书·英语 三年级上册,output\教材封面\bd\bd9a5ace-da79-a297-104b-42a352bc39a1.jpg,True
f4a32947-c6c6-88e4-24ae-90b5c51b0a98,,,,,,义务教育教科书·英语 七年级上册,output\教材封面\f4\f4a32947-c6c6-88e4-24ae-90b5c51b0a98.jpg,True
e9699986-d146-1ae2-9803-612ef49a9579,初中（五•四学制）,艺术·舞蹈/影视/戏剧,八年级,上册,鲁教版,（根据2022年版课程标准修订）义务教育教科书（五•四学制）•艺术•影视（含数字媒体艺术）八年级上册,output\教材封面\e9\e9699986-d146-1ae2-9803-612ef49a9579.jpg,True
856d2540-5bc7-b229-aff8-99ca3c0147f9,初中（五•四学制）,艺术·舞蹈/影视/戏剧,八年级,上册,鲁教版,（根据2022年版课程标准修订）义务教育教科书（五•四学制）•艺术•戏剧（含戏曲）八年级上册,output\教材封面\85\856d2540-5bc7-b229-aff8-99ca3c0147f9.jpg,True
139d5f78-6e6d-9920-7f65-bcbdfc43849b,初中（五•四学制）,艺术·舞蹈/影视/戏剧,八年级,上册,鲁教版,（根据2022年版课程标准修订）义务教育教科书（五•四学制）•舞蹈八年级上册,output\教材封面\13\139d5f78-6e6d-9920-7f65-bcbdfc43849b.jpg,True
29506744-bc5b-4bc0-2670-d8140ff6d0ad,初中,物理,八年级,全一册,北师大版（主编：李春密）,（根据2022年版课程标准修订）义务教育教科书•物理八年级全一册（主编：李春密）,output\教材封面\29\29506744-bc5b-4bc0-2670-d8140ff6d0ad.jpg,True
0d5db976-d3cf-cda7-305c-6738e9ba298e,初中,艺术·美术,七年级,上册,人美版(主编：李滢),（根据2022年版课程标准修订）义务教育教科书•艺术•美术•七年级上册,output\教材封面\0d\0d5db976-d3cf-cda7-305c-6738e9ba298e.jpg,True
ed077825-b47d-6b43-95fd-2d75fafd998c,初中,艺术·美术,七年级,上册,人美版(主编：陶涛),（根据2022年版课程标准修订）义务教育教科书•艺术•美术•七年级上册,output\教材封面\ed\ed077825-b47d-6b43-95fd-2d75fafd998c.jpg,True
5fa63773-5b65-29a2-d13d-6c3f95f23d0f,初中,艺术·舞蹈/影视/戏剧,八年级,上册,教科版,（根据2022年版课程标准修订）义务教育教科书•艺术•影视（含数字媒体艺术）八年级上册,output\教材封面\5f\5fa63773-5b65-29a2-d13d-6c3f95f23d0f.jpg,True
e1de3785-404e-bcea-089f-80f68af5411f,初中,艺术·舞蹈/影视/戏剧,八年级,上册,教科版,（根据2022年版课程标准修订）义务教育教科书•艺术•戏剧（含戏曲）八年级上册,output\教材封面\e1\e1de3785-404e-bcea-089f-80f68af5411f.jpg,True
8b7657ef-3986-904d-9688-79ad7431ba7f,初中,艺术·舞蹈/影视/戏剧,八年级,上册,教科版,（根据2022年版课程标准修订）义务教育教科书•艺术•舞蹈八年级上册,output\教材封面\8b\8b7657ef-3986-904d-9688-79ad7431ba7f.jpg,True
84f08ec9-e993-8f36-6fcc-2ce6b7ea28a3,初中,艺术·舞蹈/影视/戏剧,八年级,上册,苏少版,（根据2022年版课程标准修订）义务教育教科书•艺术•影视（含数字媒体艺术）八年级上册,output\教材封面\84\84f08ec9-e993-8f36-6fcc-2ce6b7ea28a3.jpg,True
b781465a-d400-8a9f-0f63-cb2e654d23bb,初中,艺术·舞蹈/影视/戏剧,八年级,上册,苏少版,（根据2022年版课程标准修订）义务教育教科书•艺术•戏剧（含戏曲）八年级上册,output\教材封面\b7\b781465a-d400-8a9f-0f63-cb2e654d23bb.jpg,True
6f670b75-e5e1-dd6f-6320-8a32e0d2b0ce,初中,艺术·舞蹈/影视/戏剧,八年级,上册,苏少版,（根据2022年版课程标准修订）义务教育教科书•艺术•舞蹈八年级上册,output\教材封面\6f\6f670b75-e5e1-dd6f-6320-8a32e0d2b0ce.jpg,True
c7641dcb-ec9e-34ac-43a0-cd9e8a64f6fa,初中,艺术·舞蹈/影视/戏剧,八年级,上册,湘文艺版,（根据2022年版课程标准修订）义务教育教科书•艺术•影视（含数字媒体艺术）八年级上册,output\教材封面\c7\c7641dcb-ec9e-34ac-43a0-cd9e8a64f6fa.jpg,True
a8e64e4c-b95a-a3f5-4875-876eb59f3c23,初中,艺术·舞蹈/影视/戏剧,八年级,上册,湘文艺版,（根据2022年版课程标准修订）义务教育教科书•艺术•戏剧（含戏曲）八年级上册,output\教材封面\a8\a8e64e4c-b95a-a3f5-4875-876eb59f3c23.jpg,True
95f740aa-2d8e-b3a2-c6de-4d5fed8a47f7,初中,艺术·舞蹈/影视/戏剧,八年级,上册,湘文艺版,（根据2022年版课程标准修订）义务教育教科书•艺术•舞蹈八年级上册,output\教材封面\95\95f740aa-2d8e-b3a2-c6de-4d5fed8a47f7.jpg,True
0a68f99f-2345-deca-7bdc-466510e527d4,初中,艺术·舞蹈/影视/戏剧,八年级,上册,湘美版,（根据2022年版课程标准修订）义务教育教科书•艺术•影视（含数字媒体艺术）八年级上册,output\教材封面\0a\0a68f99f-2345-deca-7bdc-466510e527d4.jpg,True
c0301ce0-197c-497e-3c68-db67add0b733,初中,艺术·舞蹈/影视/戏剧,八年级,上册,湘美版,（根据2022年版课程标准修订）义务教育教科书•艺术•戏剧（含戏曲）八年级上册,output\教材封面\c0\c0301ce0-197c-497e-3c68-db67add0b733.jpg,True
c608a3d8-a5a3-67d8-f1b7-1113b8cf7b64,小学,艺术·音乐,一年级,上册,人音版（五线谱）（主编：李心草）,（根据2022年版课程标准修订）义务教育教科书•艺术•音乐（五线谱）（李心草）一年级上册,output\教材封面\c6\c608a3d8-a5a3-67d8-f1b7-1113b8cf7b64.jpg,True
dbf1a5c6-b96a-a475-bca6-921086308de4,小学,艺术·音乐,一年级,上册,人音版（主编：赵季平，杜永寿）,（根据2022年版课程标准修订）义务教育教科书•艺术•音乐（五线谱）（赵季平，杜永寿）一年级上册,output\教材封面\db\dbf1a5c6-b96a-a475-bca6-921086308de4.jpg,True
fe6956de-cc85-22c4-e2ab-cba466e7d4c7,初中,艺术·音乐,七年级,上册,人音版（五线谱）（主编：李心草）,（根据2022年版课程标准修订）义务教育教科书•艺术•音乐（五线谱）（李心草）七年级上册,output\教材封面\fe\fe6956de-cc85-22c4-e2ab-cba466e7d4c7.jpg,True
d5ebe37e-ea12-3a79-7d0f-569a1ff29fc7,初中,艺术·音乐,七年级,上册,人音版（主编：赵季平，杜永寿）,（根据2022年版课程标准修订）义务教育教科书•艺术•音乐（简谱）（赵季平，杜永寿）七年级上册,output\教材封面\d5\d5ebe37e-ea12-3a79-7d0f-569a1ff29fc7.jpg,True
61b6fb7c-c602-2e07-4412-8cedb9e9ae77,小学,艺术·音乐,一年级,上册,人音版（主编：赵季平，杜永寿）,（根据2022年版课程标准修订）义务教育教科书•艺术•音乐（简谱）（赵季平，杜永寿）一年级上册,output\教材封面\61\61b6fb7c-c602-2e07-4412-8cedb9e9ae77.jpg,True
da3b2ae7-edbe-0c89-c3b8-851cb70743d5,初中,艺术·音乐,七年级,上册,人音版（主编：赵季平，杜永寿）,（根据2022年版课程标准修订）义务教育教科书•艺术•音乐（五线谱）（赵季平，杜永寿）七年级上册,output\教材封面\da\da3b2ae7-edbe-0c89-c3b8-851cb70743d5.jpg,True
eb3cab38-fcbc-be4b-e812-c28a833ebb8b,小学,艺术·音乐,一年级,上册,教科版,（根据2022年版课程标准修订）义务教育教科书•艺术•音乐一年级上册,output\教材封面\eb\eb3cab38-fcbc-be4b-e812-c28a833ebb8b.jpg,True
c4c86ed1-88f4-a222-fe37-7476a8253f6a,初中,艺术·音乐,七年级,上册,教科版,（根据2022年版课程标准修订）义务教育教科书•艺术•音乐七年级上册,output\教材封面\c4\c4c86ed1-88f4-a222-fe37-7476a8253f6a.jpg,True
52c58572-fa3f-f36b-a48a-90b2c15bb49d,小学,艺术·音乐,一年级,上册,鄂教版,（根据2022年版课程标准修订）义务教育教科书•艺术•音乐（简谱）一年级上册,output\教材封面\52\52c58572-fa3f-f36b-a48a-90b2c15bb49d.jpg,True
94656fab-ffaa-6fc6-cc52-5d5d356ee4e0,初中,艺术·音乐,七年级,上册,鄂教版,（根据2022年版课程标准修订）义务教育教科书•艺术•音乐（简谱）七年级上册,output\教材封面\94\94656fab-ffaa-6fc6-cc52-5d5d356ee4e0.jpg,True
398efe70-c372-7e38-f8f6-56c560b0b924,高中,法语,高一年级,法语III（上册）,沪外教版,（根据2022年版课程标准修订）普通中学教科书·法语 必修III上册,output\教材封面\39\398efe70-c372-7e38-f8f6-56c560b0b924.jpg,True
ee731f50-1aea-cfe4-cfa1-df95c7b4fab0,初中（五•四学制）,化学,八年级,全一册,沪科技版,（根据2022年版课程标准修订）义务教育教科书（五•四学制）•化学八年级全一册,output\教材封面\ee\ee731f50-1aea-cfe4-cfa1-df95c7b4fab0.jpg,True
71e4ee9c-3407-2e1a-9e3c-7627e360f3f1,小学（五•四学制）,科学,一年级,上册,沪科技版,（根据2022年版课程标准修订）义务教育教科书（五•四学制）•科学一年级上册,output\教材封面\71\71e4ee9c-3407-2e1a-9e3c-7627e360f3f1.jpg,True
5c14f294-9b5f-a843-d40a-779fe009ea5c,初中（五•四学制）,科学,六年级,上册,沪科技版,（根据2022年版课程标准修订）义务教育教科书（五•四学制）•科学六年级上册,output\教材封面\5c\5c14f294-9b5f-a843-d40a-779fe009ea5c.jpg,True
31dc29ef-e02f-4cf7-0837-40b8ceab2304,初中（五•四学制）,生物学,七年级,上册,沪教版,（根据2022年版课程标准修订）义务教育教科书（五•四学制）•生物学七年级上册,output\教材封面\31\31dc29ef-e02f-4cf7-0837-40b8ceab2304.jpg,True
18deb512-b4c0-54cf-6fc1-6974f55fa02e,小学（五•四学制）,数学,一年级,上册,沪教版,（根据2022年版课程标准修订）义务教育教科书（五•四学制）•数学一年级上册,output\教材封面\18\18deb512-b4c0-54cf-6fc1-6974f55fa02e.jpg,True
35542837-2e8b-58a9-ed6f-b678bf81135a,初中（五•四学制）,数学,七年级,上册,沪教版,（根据2022年版课程标准修订）义务教育教科书（五•四学制）•数学七年级上册,output\教材封面\35\35542837-2e8b-58a9-ed6f-b678bf81135a.jpg,True
84695cf7-446d-1d28-3285-6b42d31003e6,初中（五•四学制）,数学,六年级,上册,沪教版,（根据2022年版课程标准修订）义务教育教科书（五•四学制）•数学六年级上册,output\教材封面\84\84695cf7-446d-1d28-3285-6b42d31003e6.jpg,True
f948eb92-3b8e-4aec-709c-71f979d14317,初中（五•四学制）,艺术·美术,七年级,上册,沪书画版,（根据2022年版课程标准修订）义务教育教科书（五•四学制）•美术七年级上册,output\教材封面\f9\f948eb92-3b8e-4aec-709c-71f979d14317.jpg,True
75205f5e-9f42-2440-ab4b-dbcb782e722b,初中（五•四学制）,艺术·美术,六年级,上册,沪书画版,（根据2022年版课程标准修订）义务教育教科书（五•四学制）•美术六年级上册,output\教材封面\75\75205f5e-9f42-2440-ab4b-dbcb782e722b.jpg,True
ed313485-a6bf-2ce4-3b48-58ddb01e58af,小学（五•四学制）,艺术·音乐,一年级,上册,沪音版,（根据2022年版课程标准修订）义务教育教科书（五•四学制）•艺术•音乐一年级上册,output\教材封面\ed\ed313485-a6bf-2ce4-3b48-58ddb01e58af.jpg,True
75213d2a-f34c-f97c-6749-00f5ab7c649b,初中（五•四学制）,艺术·音乐,七年级,上册,沪音版,（根据2022年版课程标准修订）义务教育教科书（五•四学制）•音乐七年级上册,output\教材封面\75\75213d2a-f34c-f97c-6749-00f5ab7c649b.jpg,True
e19e0540-a5ab-d85a-6397-aa652d8b1a8a,初中（五•四学制）,艺术·音乐,六年级,上册,沪音版,（根据2022年版课程标准修订）义务教育教科书（五•四学制）•音乐六年级上册,output\教材封面\e1\e19e0540-a5ab-d85a-6397-aa652d8b1a8a.jpg,True
b9f89ff3-d8b6-63a8-e592-6a92756cdacc,初中,物理,八年级,上册,沪科技粤教版,（根据2022年版课程标准修订）义务教育教科书•物理八年级上册,output\教材封面\b9\b9f89ff3-d8b6-63a8-e592-6a92756cdacc.jpg,True
7a46d123-5d71-1f68-24e7-e990b20f0b9b,初中（五•四学制）,物理,八年级,上册,沪科技版,（根据2022年版课程标准修订）义务教育教科书（五•四学制）•物理八年级上册,output\教材封面\7a\7a46d123-5d71-1f68-24e7-e990b20f0b9b.jpg,True
41a56cca-08d8-1b98-5d83-a8465659fd1d,小学（五•四学制）,艺术·美术,一年级,上册,沪书画版,（根据2022年版课程标准修订）义务教育教科书（五•四学制）•艺术•美术一年级上册,output\教材封面\41\41a56cca-08d8-1b98-5d83-a8465659fd1d.jpg,True
1aff394d-0bf8-3203-f8b4-d7f81756ff37,初中（五•四学制）,地理,六年级,上册,中华中图版,（根据2022年版课程标准修订）义务教育教科书_地理_六年级_上册,output\教材封面\1a\1aff394d-0bf8-3203-f8b4-d7f81756ff37.jpg,True
c1973d41-899f-de55-7c7a-7c69c2c96d03,初中（五•四学制）,地理,七年级,上册,中华中图版,（根据2022年版课程标准修订）义务教育教科书_地理_七年级_上册,output\教材封面\c1\c1973d41-899f-de55-7c7a-7c69c2c96d03.jpg,True
3ba5cfa9-084a-e8bc-cff5-524095dd0fec,初中（五•四学制）,地理图册,七年级,上册,配套中图中华地图版,（根据2022年版课程标准修订）义务教育教科书（五•四学制）_地理图册_七年级_上册,output\教材封面\3b\3ba5cfa9-084a-e8bc-cff5-524095dd0fec.jpg,True
abcd87aa-d926-fe57-b13d-adf1a4ee8250,初中（五•四学制）,地理图册,六年级,上册,配套中图中华地图版,（根据2022年版课程标准修订）义务教育教科书（五•四学制）_地理图册_六年级_上册,output\教材封面\ab\abcd87aa-d926-fe57-b13d-adf1a4ee8250.jpg,True
ba82f8e7-8cb5-2997-5878-e96fda34d545,初中,艺术·舞蹈/影视/戏剧,八年级,上册,人教版,（根据2022年版课程标准修订）义务教育教科书 艺术 影视（含数字媒体艺术） 八年级 上册,output\教材封面\ba\ba82f8e7-8cb5-2997-5878-e96fda34d545.jpg,True
ebf4701d-e25b-892a-b5c7-6cbb289ab95b,初中,艺术·舞蹈/影视/戏剧,八年级,戏剧上册,人教版,（根据2022年版课程标准修订）义务教育教科书 艺术 戏剧（含戏曲） 八年级 上册,output\教材封面\eb\ebf4701d-e25b-892a-b5c7-6cbb289ab95b.jpg,True
8ffcbbc2-8df0-c877-0e26-015f5cfba4db,初中,艺术·舞蹈/影视/戏剧,八年级,舞蹈上册,人教版,（根据2022年版课程标准修订）义务教育教科书 艺术 舞蹈 八年级 上册,output\教材封面\8f\8ffcbbc2-8df0-c877-0e26-015f5cfba4db.jpg,True
390a6cd9-fb09-74d9-f4d3-b137a45431c8,小学,英语,三年级,上册,北京版,（根据2022年版课程标准修订）义务教育教科书•英语 三年级上册,output\教材封面\39\390a6cd9-fb09-74d9-f4d3-b137a45431c8.jpg,True
463b7f17-3252-a215-f2b5-3ef2a98bc85d,小学,英语,三年级,上册,北师大版,（根据2022年版课程标准修订）义务教育教科书 英语 三年级上册,output\教材封面\46\463b7f17-3252-a215-f2b5-3ef2a98bc85d.jpg,True
1bb3e2fe-45a1-2999-e8b4-9fc63d0929bb,初中,英语,七年级,上册,北师大版,（根据2022年版课程标准修订）义务教育教科书 英语 七年级上册,output\教材封面\1b\1bb3e2fe-45a1-2999-e8b4-9fc63d0929bb.jpg,True
acad2294-344a-d958-f7f4-e22917df04fa,小学,英语,三年级,上册,闽教版,（根据2022年版课程标准修订）义务教育教科书•英语  三年级上册,output\教材封面\ac\acad2294-344a-d958-f7f4-e22917df04fa.jpg,True
16cad98e-09ab-6d02-2e90-c2e1aba83da8,小学,英语,三年级,上册,粤教沪外教版,（根据2022年版课程标准修订）义务教育教科书·英语 三年级上册,output\教材封面\16\16cad98e-09ab-6d02-2e90-c2e1aba83da8.jpg,True
9ed80e1a-1fd3-d2e0-1867-d3944fc3f4b0,小学,英语,三年级,上册,冀教版,（根据2022年版课程标准修订）义务教育教科书·英语 三年级上册,output\教材封面\9e\9ed80e1a-1fd3-d2e0-1867-d3944fc3f4b0.jpg,True
9a302b3a-92a7-2713-ecb0-78438c05bf28,初中,英语,七年级,上册,冀教版,（根据2022年版课程标准修订）义务教育教科书·英语 七年级上册,output\教材封面\9a\9a302b3a-92a7-2713-ecb0-78438c05bf28.jpg,True
f38f12ef-f856-54dc-0064-af0a6441a88b,小学,英语,三年级,上册,人教大同版,（根据2022年版课程标准修订）义务教育教科书 英语 三年级 上册,output\教材封面\f3\f38f12ef-f856-54dc-0064-af0a6441a88b.jpg,True
6f1f7dbe-ded5-a752-9575-33c6b0a47372,小学,英语,三年级,上册,鲁教湘教版,（根据2022年版课程标准修订）义务教育教科书·英语 三年级上册,output\教材封面\6f\6f1f7dbe-ded5-a752-9575-33c6b0a47372.jpg,True
da37ef7f-504d-258a-bb68-6f0f64ec294b,小学,英语,三年级,上册,湘少版,（根据2022年版课程标准修订）义务教育教科书·英语 三年级上册,output\教材封面\da\da37ef7f-504d-258a-bb68-6f0f64ec294b.jpg,True
c6b9cff5-5e13-bcc2-00b5-394a624b3650,小学,英语,三年级,上册,教科版（主编：龚亚夫&鲁宗干）,（根据2022年版课程标准修订）义务教育教科书  英语 三年级上册,output\教材封面\c6\c6b9cff5-5e13-bcc2-00b5-394a624b3650.jpg,True
3854d824-3435-949e-23ca-aeabfd124a26,初中（五•四学制）,英语,六年级,上册,教科外研社版,（根据2022年版课程标准修订）义务教育教科书·英语（五四学制）六年级上册,output\教材封面\38\3854d824-3435-949e-23ca-aeabfd124a26.jpg,True
9a8b3735-6d74-48b6-d139-92c9b0efb382,小学,英语,三年级,上册,科普版,（根据2022年版课程标准修订）义务教育教科书. 英语 三年级 上册,output\教材封面\9a\9a8b3735-6d74-48b6-d139-92c9b0efb382.jpg,True
adf997ce-573b-ad1e-845e-1adcb1c53768,初中,英语,七年级,上册,科普版,（根据2022年版课程标准修订）义务教育教科书 英语（七年级 上册）,output\教材封面\ad\adf997ce-573b-ad1e-845e-1adcb1c53768.jpg,True
1f7fdc68-ac36-a661-3492-aa418d98fef1,小学,英语,三年级,上册,清华大学版,（根据2022年版课程标准修订）义务教育教科书·英语 三年级上册,output\教材封面\1f\1f7fdc68-ac36-a661-3492-aa418d98fef1.jpg,True
485d2118-1652-ea90-8da7-5b9eaeb71dc4,小学,英语,三年级,上册,人教版（PEP）（主编：吴欣）,（根据2022年版课程标准修订）义务教育教科书 英语 三年级 上册,output\教材封面\48\485d2118-1652-ea90-8da7-5b9eaeb71dc4.jpg,True
a795a3b3-7150-e3ff-5eb8-d76684e53e3a,初中,英语,七年级,上册,人教版,（根据2022年版课程标准修订）义务教育教科书 英语 七年级 上册,output\教材封面\a7\a795a3b3-7150-e3ff-5eb8-d76684e53e3a.jpg,True
7911ca10-c4ba-e4b2-10fe-351af9f13222,小学（五•四学制）,英语,三年级,上册,鲁科版,（根据2022年版课程标准修订）义务教育教科书（五·四学制）·英语 三年级上册,output\教材封面\79\7911ca10-c4ba-e4b2-10fe-351af9f13222.jpg,True
c4f9bf45-892e-6352-4e4e-ff53433de436,小学,英语,三年级,上册,陕旅版,（根据2022年版课程标准修订）义务教育教科书·英语 三年级上册,output\教材封面\c4\c4f9bf45-892e-6352-4e4e-ff53433de436.jpg,True
0b7d570b-33a2-3c5d-2cab-00c3ddb65e57,小学,英语,三年级,上册,沪教版,（根据2022年版课程标准修订）义务教育教科书 • 英语 三年级上册,output\教材封面\0b\0b7d570b-33a2-3c5d-2cab-00c3ddb65e57.jpg,True
454dfc04-1259-20fe-cfa2-108408618de7,初中,英语,七年级,上册,沪教版,（根据2022年版课程标准修订）义务教育教科书 英语 七年级 上册,output\教材封面\45\454dfc04-1259-20fe-cfa2-108408618de7.jpg,True
ffaef417-5682-af96-b998-b125cb43f15e,初中（五•四学制）,英语,六年级,上册,沪教版,（根据2022年版课程标准修订）义务教育教科书（五·四学制） 英语 六年级 上册,output\教材封面\ff\ffaef417-5682-af96-b998-b125cb43f15e.jpg,True
91490de6-2a1d-308e-2950-e485446c69ef,初中（五•四学制）,英语,七年级,上册,沪教版,（根据2022年版课程标准修订）义务教育教科书（五·四学制） 英语 七年级 上册,output\教材封面\91\91490de6-2a1d-308e-2950-e485446c69ef.jpg,True
456e85df-63bb-1b8b-928a-a60706d21704,初中,英语,七年级,上册,沪外教版,（根据2022年版课程标准修订）义务教育教科书·英语 七年级上册,output\教材封面\45\456e85df-63bb-1b8b-928a-a60706d21704.jpg,True
e46c60ee-2e73-ced1-6fe2-4676f662f86c,小学,英语,三年级,上册,川教版,（根据2022年版课程标准修订）义务教育教科书•英语 三年级上册,output\教材封面\e4\e46c60ee-2e73-ced1-6fe2-4676f662f86c.jpg,True
1206a3aa-1969-9e64-b354-e6eae4325ed4,小学,英语,三年级,上册,译林版,（根据2022年版课程标准修订）义务教育教科书·英语 三年级上册,output\教材封面\12\1206a3aa-1969-9e64-b354-e6eae4325ed4.jpg,True
64f242e1-9902-067f-a769-7ed0a761c430,初中,英语,七年级,上册,译林版,（根据2022年版课程标准修订）义务教育教科书·英语 七年级上册,output\教材封面\64\64f242e1-9902-067f-a769-7ed0a761c430.jpg,True
12830537-3c8b-bc2a-822b-f915c0bfec60,小学,英语,三年级,上册,重庆大学版,（根据2022年版课程标准修订）义务教育教科书•英语 三年级上册,output\教材封面\12\12830537-3c8b-bc2a-822b-f915c0bfec60.jpg,True
42a87e09-e53e-59ea-8740-a1302a194d16,小学,英语,三年级,上册,外研社版（主编：孙有中）,（根据2022年版课程标准修订）义务教育教科书 英语 三年级上册,output\教材封面\42\42a87e09-e53e-59ea-8740-a1302a194d16.jpg,True
142d5d5c-e3ea-2261-6134-b39199a4e6bc,小学,英语,三年级,上册,外研社版（主编：刘兆义）,（根据2022年版课程标准修订）义务教育教科书·英语 三年级上册,output\教材封面\14\142d5d5c-e3ea-2261-6134-b39199a4e6bc.jpg,True
e184b1ad-1d69-5695-601a-1b3b8ab6e885,初中,英语,七年级,上册,外研社版（主编：孙有中）,（根据2022年版课程标准修订）义务教育教科书·英语 七年级上册,output\教材封面\e1\e184b1ad-1d69-5695-601a-1b3b8ab6e885.jpg,True
2b2b93de-48d9-742d-4409-7e3aedc90a59,初中,日语,七年级,全一册,人教版,（根据2022年版课程标准修订）义务教育教科书 日语 七年级 （全一册）,output\教材封面\2b\2b2b93de-48d9-742d-4409-7e3aedc90a59.jpg,True
543c961c-45ba-1129-3a01-54418c76f691,小学,英语,三年级,上册,辽宁师大版,（根据2022年版课程标准修订）义务教育教科书·英语·三年级上册,output\教材封面\54\543c961c-45ba-1129-3a01-54418c76f691.jpg,True
f22855a6-876c-8865-1340-b06c17aef138,初中（五•四学制）,英语,六年级,上册,鲁教版,（根据2022年版课程标准修订）义务教育教书（五·四学制）·英语（六年级上册）,output\教材封面\f2\f22855a6-876c-8865-1340-b06c17aef138.jpg,True
920b02e2-b783-d924-0ee8-24f4e76989eb,初中,俄语,七年级,上册,人教版,（根据2022年版课程标准修订）义务教育教科书 俄语 七年级 上册,output\教材封面\92\920b02e2-b783-d924-0ee8-24f4e76989eb.jpg,True
42e02a4c-606a-2933-372b-878d781728fd,初中,法语,七年级,上册,沪外教版,（根据2022年版课程标准修订）普通中学教科书·法语 起步上册,output\教材封面\42\42e02a4c-606a-2933-372b-878d781728fd.jpg,True
282c8a4c-66b6-908c-1fae-114312e5421c,,,,,,义务教育教科书（五•四学制）体育与健康 一年级（全一册）,output\教材封面\28\282c8a4c-66b6-908c-1fae-114312e5421c.jpg,True
ad768586-8c18-79a4-8192-26c00b302c69,,,,,,义务教育教科书（五•四学制）体育与健康 七年级（全一册）,output\教材封面\ad\ad768586-8c18-79a4-8192-26c00b302c69.jpg,True
f862b68f-fbfc-90d1-e6f7-ab93f48513b0,,,,,,义务教育教科书（五•四学制）体育与健康 六年级（全一册）,output\教材封面\f8\f862b68f-fbfc-90d1-e6f7-ab93f48513b0.jpg,True
84516f4d-d2fe-9fdd-2a6f-8f4f011a83f3,,,,,,义务教育教科书•体育与健康 一年级（全一册）,output\教材封面\84\84516f4d-d2fe-9fdd-2a6f-8f4f011a83f3.jpg,True
b1703d4f-fd55-d6d8-4e40-ccd6f2968e2d,,,,,,义务教育教科书•体育与健康 七年级（全一册）,output\教材封面\b1\b1703d4f-fd55-d6d8-4e40-ccd6f2968e2d.jpg,True
d13e5b5c-4596-19c7-3dde-4689b328a21e,,,,,,义务教育教科书体育与健康 一年级（全一册）,output\教材封面\d1\d13e5b5c-4596-19c7-3dde-4689b328a21e.jpg,True
53c03529-2971-b268-2cac-bf1a80ba119c,,,,,,义务教育教科书体育与健康 七年级（全一册）,output\教材封面\53\53c03529-2971-b268-2cac-bf1a80ba119c.jpg,True
bfd9e802-71f7-2c91-ede5-1dee95795ce4,小学,体育与健康,一年级,全一册,地质社版,（根据2022年版课程标准修订）义务教育教科书•体育与健康 一年级（全一册）,output\教材封面\bf\bfd9e802-71f7-2c91-ede5-1dee95795ce4.jpg,True
ff7d9c64-59ae-5f16-255e-f7fc3578894d,,,,,,义务教育教科书体育与健康 一年级（全一册）,output\教材封面\ff\ff7d9c64-59ae-5f16-255e-f7fc3578894d.jpg,True
6bc4356e-8fe2-9c7b-cead-996666670231,初中,体育与健康,七年级,全一册,地质社版,（根据2022年版课程标准修订）义务教育教科书体育与健康 七年级（全一册）,output\教材封面\6b\6bc4356e-8fe2-9c7b-cead-996666670231.jpg,True
c62eaa9a-2bd5-7789-93f7-3bfb8b811bdd,,,,,,义务教育教科书体育与健康 七年级（全一册）,output\教材封面\c6\c62eaa9a-2bd5-7789-93f7-3bfb8b811bdd.jpg,True
97f454ba-ffa4-3683-59c3-b8fb9b3ea5b4,,,,,,义务教育教科书体育与健康 一年级（全一册）,output\教材封面\97\97f454ba-ffa4-3683-59c3-b8fb9b3ea5b4.jpg,True
033df81a-608c-a397-02c1-54f28f17e50b,,,,,,义务教育教科书体育与健康 七年级（全一册）,output\教材封面\03\033df81a-608c-a397-02c1-54f28f17e50b.jpg,True
73e3ee49-73c5-ec97-d344-b433c0214a41,,,,,,义务教育教科书•体育与健康 七年级（全一册）,output\教材封面\73\73e3ee49-73c5-ec97-d344-b433c0214a41.jpg,True
92ecd337-a879-dc1f-0cd7-2d3272530e7f,,,,,,义务教育教科书•体育与健康 一年级（全一册）,output\教材封面\92\92ecd337-a879-dc1f-0cd7-2d3272530e7f.jpg,True
3f2c805e-575f-691d-49ea-c4e2b9d61f00,,,,,,义务教育教科书•体育与健康 七年级（全一册）,output\教材封面\3f\3f2c805e-575f-691d-49ea-c4e2b9d61f00.jpg,True
abcb4000-c179-f232-e231-73be454d9397,,,,,,义务教育教科书•体育与健康教师用书 健美操•技巧•啦啦操（全一册）,output\教材封面\ab\abcb4000-c179-f232-e231-73be454d9397.jpg,True
de80f79a-8467-cdfc-bcac-86c7ed41974d,,,,,,义务教育教科书•体育与健康教师用书 体能（全一册）,output\教材封面\de\de80f79a-8467-cdfc-bcac-86c7ed41974d.jpg,True
60c17b1a-e0dc-52c6-f0a9-d5de7057b9da,,,,,,义务教育教科书•体育与健康教师用书 剑术•短棍（全一册）,output\教材封面\60\60c17b1a-e0dc-52c6-f0a9-d5de7057b9da.jpg,True
b2c049db-b54e-2779-b716-1bf4c9176f3f,,,,,,义务教育教科书•体育与健康教师用书 基本运动技能（全一册）,output\教材封面\b2\b2c049db-b54e-2779-b716-1bf4c9176f3f.jpg,True
a42105f7-1430-96bf-56b5-3b20b589e3c1,,,,,,义务教育教科书•体育与健康教师用书 游泳•速度滑冰（全一册）,output\教材封面\a4\a42105f7-1430-96bf-56b5-3b20b589e3c1.jpg,True
4612c0cb-de0c-3415-43cf-c8deb09bfd5a,,,,,,义务教育教科书•体育与健康教师用书 田径类运动（全一册）,output\教材封面\46\4612c0cb-de0c-3415-43cf-c8deb09bfd5a.jpg,True
c6669f61-c579-0c5d-d671-a97753045df3,,,,,,义务教育教科书•体育与健康教师用书 篮球•乒乓球•羽毛球（全一册）,output\教材封面\c6\c6669f61-c579-0c5d-d671-a97753045df3.jpg,True
38487380-2cc4-8ae5-dbac-217555863efe,,,,,,义务教育教科书•体育与健康教师用书 花样跳绳•轮滑（全一册）,output\教材封面\38\38487380-2cc4-8ae5-dbac-217555863efe.jpg,True
de8067b1-c59d-78e7-6ea9-8df642e46429,,,,,,义务教育教科书•体育与健康教师用书 足球•排球（全一册）,output\教材封面\de\de8067b1-c59d-78e7-6ea9-8df642e46429.jpg,True
b7787ddd-e723-5f58-43dd-97ecd02f52a4,,,,,,义务教育教科书•体育与健康教师用书 长拳•毽球（全一册）,output\教材封面\b7\b7787ddd-e723-5f58-43dd-97ecd02f52a4.jpg,True
da31cc07-d8c9-d4ce-6946-bdc97fae3b15,,,,,,义务教育教科书•体育与健康教师用书 体能（全一册）,output\教材封面\da\da31cc07-d8c9-d4ce-6946-bdc97fae3b15.jpg,True
3aab38c3-97a1-0661-8d54-4f038e2336e7,,,,,,义务教育教科书•体育与健康教师用书 健美操•技巧•啦啦操（全一册）,output\教材封面\3a\3aab38c3-97a1-0661-8d54-4f038e2336e7.jpg,True
62b2f6b4-6451-ce88-4bcf-01c025da06dc,,,,,,义务教育教科书•体育与健康教师用书 剑术•短棍（全一册）,output\教材封面\62\62b2f6b4-6451-ce88-4bcf-01c025da06dc.jpg,True
8c2ca049-b908-70bb-7d90-9a553bbeeffe,,,,,,义务教育教科书•体育与健康教师用书 基本运动技能（全一册）,output\教材封面\8c\8c2ca049-b908-70bb-7d90-9a553bbeeffe.jpg,True
02315eb5-b3ba-5db1-2383-72f1115d2d9a,,,,,,义务教育教科书•体育与健康教师用书 游泳•速度滑冰（全一册）,output\教材封面\02\02315eb5-b3ba-5db1-2383-72f1115d2d9a.jpg,True
b5e5c9cb-cdd5-2ef5-14aa-efd10914a4e9,,,,,,义务教育教科书•体育与健康教师用书 田径类运动（全一册）,output\教材封面\b5\b5e5c9cb-cdd5-2ef5-14aa-efd10914a4e9.jpg,True
3d18db0f-fc23-86ce-1ac8-836fe2fbe366,,,,,,义务教育教科书•体育与健康教师用书 篮球•乒乓球•羽毛球（全一册）,output\教材封面\3d\3d18db0f-fc23-86ce-1ac8-836fe2fbe366.jpg,True
0aa1acaa-2dcb-c5a6-6268-6a5d0e3c37c3,,,,,,义务教育教科书•体育与健康教师用书 花样跳绳•轮滑（全一册）,output\教材封面\0a\0aa1acaa-2dcb-c5a6-6268-6a5d0e3c37c3.jpg,True
5832881c-280d-8e7f-96a5-63fff4a22ac1,,,,,,义务教育教科书•体育与健康教师用书 足球•排球（全一册）,output\教材封面\58\5832881c-280d-8e7f-96a5-63fff4a22ac1.jpg,True
7528fd5d-5141-c496-419f-ebaa6685af1d,,,,,,义务教育教科书•体育与健康教师用书 长拳•毽球（全一册）,output\教材封面\75\7528fd5d-5141-c496-419f-ebaa6685af1d.jpg,True
544365c6-dee1-64c0-7174-163cf0d87e3e,,,,,,义务教育教科书•体育与健康教师用书 体能（全一册）,output\教材封面\54\544365c6-dee1-64c0-7174-163cf0d87e3e.jpg,True
bbe078b0-e1f5-8511-3c26-7e6c8617f9d0,,,,,,义务教育教科书•体育与健康教师用书 基本运动技能（全一册）,output\教材封面\bb\bbe078b0-e1f5-8511-3c26-7e6c8617f9d0.jpg,True
8daa78f1-aa13-4c04-c11a-00907fa33ed8,,,,,,义务教育教科书•体育与健康教师用书 排球（全一册）,output\教材封面\8d\8daa78f1-aa13-4c04-c11a-00907fa33ed8.jpg,True
735c381d-19ce-cf9a-272a-b8c848fa1db6,,,,,,义务教育教科书•体育与健康教师用书 游泳（全一册）,output\教材封面\73\735c381d-19ce-cf9a-272a-b8c848fa1db6.jpg,True
60513935-e464-796e-2fa0-8c161d7fce4b,,,,,,义务教育教科书•体育与健康教师用书 田径类运动（全一册）,output\教材封面\60\60513935-e464-796e-2fa0-8c161d7fce4b.jpg,True
c66140f4-6653-ec96-6cfd-96b1b494561a,,,,,,义务教育教科书•体育与健康教师用书 篮球（全一册）,output\教材封面\c6\c66140f4-6653-ec96-6cfd-96b1b494561a.jpg,True
ce5233aa-4a20-12e3-8ecc-e053e618ec6e,,,,,,义务教育教科书•体育与健康教师用书 足球（全一册）,output\教材封面\ce\ce5233aa-4a20-12e3-8ecc-e053e618ec6e.jpg,True
bc5859cc-0a98-570d-d064-c4b945f0600c,,,,,,义务教育教科书•体育与健康教师用书 体能（全一册）,output\教材封面\bc\bc5859cc-0a98-570d-d064-c4b945f0600c.jpg,True
5cbb8803-afdc-7f35-ca2b-070289d780ba,,,,,,义务教育教科书•体育与健康教师用书 排球（全一册）,output\教材封面\5c\5cbb8803-afdc-7f35-ca2b-070289d780ba.jpg,True
592389d5-e3b2-3d69-787c-9c01ee9a21e9,,,,,,义务教育教科书•体育与健康教师用书 基本运动技能（全一册）,output\教材封面\59\592389d5-e3b2-3d69-787c-9c01ee9a21e9.jpg,True
12a973b3-7f85-3cf6-fee9-b3862c5652bd,,,,,,义务教育教科书•体育与健康教师用书 游泳（全一册）,output\教材封面\12\12a973b3-7f85-3cf6-fee9-b3862c5652bd.jpg,True
7272cece-91f1-6545-b33c-3d18b9f17cfe,,,,,,义务教育教科书•体育与健康教师用书 田径类运动（全一册）,output\教材封面\72\7272cece-91f1-6545-b33c-3d18b9f17cfe.jpg,True
8df1ed8e-0fdc-b145-a8a3-efa23e4103de,,,,,,义务教育教科书•体育与健康教师用书 篮球（全一册）,output\教材封面\8d\8df1ed8e-0fdc-b145-a8a3-efa23e4103de.jpg,True
78578005-6997-68e4-622a-7c2556d9daeb,,,,,,义务教育教科书•体育与健康教师用书 足球（全一册）,output\教材封面\78\78578005-6997-68e4-622a-7c2556d9daeb.jpg,True
d1f0b130-30f2-a3c1-8084-332fa94655e9,,,,,,义务教育教科书（五•四学制）•体育与健康教师用书 体操类运动（全一册）,output\教材封面\d1\d1f0b130-30f2-a3c1-8084-332fa94655e9.jpg,True
6ab795b9-2ebe-7c8d-127a-5ed215232a9a,,,,,,义务教育教科书（五•四学制）•体育与健康教师用书 乒乓球运动（全一册）,output\教材封面\6a\6ab795b9-2ebe-7c8d-127a-5ed215232a9a.jpg,True
8d1cff05-8f52-8521-ba8b-a2905a9d429f,,,,,,义务教育教科书（五•四学制）•体育与健康教师用书 体能（全一册）,output\教材封面\8d\8d1cff05-8f52-8521-ba8b-a2905a9d429f.jpg,True
2f974786-b78d-fc53-f010-13b5b8716dc7,,,,,,义务教育教科书（五•四学制）•体育与健康教师用书 其他民族民间传统体育类运动（全一册）,output\教材封面\2f\2f974786-b78d-fc53-f010-13b5b8716dc7.jpg,True
49781dd8-a3fe-cea7-03b4-1f7a40981502,,,,,,义务教育教科书（五•四学制）•体育与健康教师用书 基本运动技能（全一册）,output\教材封面\49\49781dd8-a3fe-cea7-03b4-1f7a40981502.jpg,True
d9bce3ae-f4d9-1540-25e0-5630cd54d31e,,,,,,义务教育教科书（五•四学制）•体育与健康教师用书 排球运动（全一册）,output\教材封面\d9\d9bce3ae-f4d9-1540-25e0-5630cd54d31e.jpg,True
d3dcf3d4-3264-0b99-81b4-8d36eb3aa17d,,,,,,义务教育教科书（五•四学制）•体育与健康教师用书 新兴体育类运动（全一册）,output\教材封面\d3\d3dcf3d4-3264-0b99-81b4-8d36eb3aa17d.jpg,True
3bd32693-57f2-6850-d2ba-85bdbfea3757,,,,,,义务教育教科书（五•四学制）•体育与健康教师用书 武术类运动（全一册）,output\教材封面\3b\3bd32693-57f2-6850-d2ba-85bdbfea3757.jpg,True
15d4d458-1048-0d70-82d9-d1ac65b7733a,,,,,,义务教育教科书（五•四学制）•体育与健康教师用书 游泳•滑冰（全一册）,output\教材封面\15\15d4d458-1048-0d70-82d9-d1ac65b7733a.jpg,True
e7b70e7c-708f-3be3-568b-2973b145c807,,,,,,义务教育教科书（五•四学制）•体育与健康教师用书 田径类运动（全一册）,output\教材封面\e7\e7b70e7c-708f-3be3-568b-2973b145c807.jpg,True
ad6540b0-fa57-ece5-e40a-9a92c692c4ff,,,,,,义务教育教科书（五•四学制）•体育与健康教师用书 篮球运动（全一册）,output\教材封面\ad\ad6540b0-fa57-ece5-e40a-9a92c692c4ff.jpg,True
3601957f-70c9-9d43-45ce-826f49b25197,,,,,,义务教育教科书（五•四学制）•体育与健康教师用书 羽毛球•网球（全一册）,output\教材封面\36\3601957f-70c9-9d43-45ce-826f49b25197.jpg,True
9c23702c-b53f-d87c-eb29-26e26ba6e7ef,,,,,,义务教育教科书（五•四学制）•体育与健康教师用书 足球运动（全一册）,output\教材封面\9c\9c23702c-b53f-d87c-eb29-26e26ba6e7ef.jpg,True
4c867357-47c5-df84-6356-1b3b3f00471d,,,,,,义务教育教科书（五•四学制）•体育与健康教师用书 乒乓球运动（全一册）,output\教材封面\4c\4c867357-47c5-df84-6356-1b3b3f00471d.jpg,True
fdc96222-1d68-dd5f-9722-ff8f56b886de,,,,,,义务教育教科书（五•四学制）•体育与健康教师用书 体操类运动（全一册）,output\教材封面\fd\fdc96222-1d68-dd5f-9722-ff8f56b886de.jpg,True
f64ce2c6-b564-e788-e4a0-0071a2946fb2,,,,,,义务教育教科书（五•四学制）•体育与健康教师用书 体能（全一册）,output\教材封面\f6\f64ce2c6-b564-e788-e4a0-0071a2946fb2.jpg,True
27d41f01-3139-8199-8b87-00d18da7095b,,,,,,义务教育教科书（五•四学制）•体育与健康教师用书 其他民族民间传统体育类运动（全一册）,output\教材封面\27\27d41f01-3139-8199-8b87-00d18da7095b.jpg,True
dccb391c-3a8e-36df-4358-415cf1f8e91a,,,,,,义务教育教科书（五•四学制）•体育与健康教师用书 基本运动技能（全一册）,output\教材封面\dc\dccb391c-3a8e-36df-4358-415cf1f8e91a.jpg,True
948f74a4-3697-8b81-ac97-5466fc8158c1,,,,,,义务教育教科书（五•四学制）•体育与健康教师用书 排球运动（全一册）,output\教材封面\94\948f74a4-3697-8b81-ac97-5466fc8158c1.jpg,True
ce864264-5caa-9d0c-263d-c8ed51764e49,,,,,,义务教育教科书（五•四学制）•体育与健康教师用书 新兴体育类运动（全一册）,output\教材封面\ce\ce864264-5caa-9d0c-263d-c8ed51764e49.jpg,True
5e9ef517-52a1-1da7-de48-acceecc1abf8,,,,,,义务教育教科书（五•四学制）•体育与健康教师用书 武术类运动（全一册）,output\教材封面\5e\5e9ef517-52a1-1da7-de48-acceecc1abf8.jpg,True
705baab1-590a-8276-1be3-5b6f363dc203,,,,,,义务教育教科书（五•四学制）•体育与健康教师用书 游泳•滑冰（全一册）,output\教材封面\70\705baab1-590a-8276-1be3-5b6f363dc203.jpg,True
c170967a-f2e6-8088-8c60-1e83fb1fb51f,,,,,,义务教育教科书（五•四学制）•体育与健康教师用书 田径类运动（全一册）,output\教材封面\c1\c170967a-f2e6-8088-8c60-1e83fb1fb51f.jpg,True
7f18ca20-79a1-c997-994f-0b164370a74f,,,,,,义务教育教科书（五•四学制）•体育与健康教师用书 篮球运动（全一册）,output\教材封面\7f\7f18ca20-79a1-c997-994f-0b164370a74f.jpg,True
4d31925f-c161-5aa8-711c-15c22b7613f0,,,,,,义务教育教科书（五•四学制）•体育与健康教师用书 羽毛球•网球（全一册）,output\教材封面\4d\4d31925f-c161-5aa8-711c-15c22b7613f0.jpg,True
b0fa5fdb-f3fb-87cb-f18e-c08c89c587b3,,,,,,义务教育教科书（五•四学制）•体育与健康教师用书 足球运动（全一册）,output\教材封面\b0\b0fa5fdb-f3fb-87cb-f18e-c08c89c587b3.jpg,True
bfed8a42-be8d-4579-1d9c-b66102c9ad28,,,,,,义务教育教科书•体育与健康教师用书 中华传统体育类运动（全一册）,output\教材封面\bf\bfed8a42-be8d-4579-1d9c-b66102c9ad28.jpg,True
c64405ed-a3a1-2f0e-938a-0fab521aef6b,,,,,,义务教育教科书•体育与健康教师用书 乒乓球运动（全一册）,output\教材封面\c6\c64405ed-a3a1-2f0e-938a-0fab521aef6b.jpg,True
f0d8f10f-7d14-41a4-c0f8-5f6f0e8e676b,,,,,,义务教育教科书•体育与健康教师用书 体能（全一册）,output\教材封面\f0\f0d8f10f-7d14-41a4-c0f8-5f6f0e8e676b.jpg,True
89c9ef1d-b07e-0691-c6fa-9ae82921d734,,,,,,义务教育教科书•体育与健康教师用书 基本运动技能（全一册）,output\教材封面\89\89c9ef1d-b07e-0691-c6fa-9ae82921d734.jpg,True
e25af2ae-f14d-70ce-d531-aaf3ce16bb54,,,,,,义务教育教科书•体育与健康教师用书 排球运动（全一册）,output\教材封面\e2\e25af2ae-f14d-70ce-d531-aaf3ce16bb54.jpg,True
b2d84205-25cb-fde4-eaf0-a57fc46e3f7c,,,,,,义务教育教科书•体育与健康教师用书 花样跳绳•轮滑（全一册）,output\教材封面\b2\b2d84205-25cb-fde4-eaf0-a57fc46e3f7c.jpg,True
dfc128f0-3284-4c24-ff95-6bf90b1fcf6a,,,,,,义务教育教科书•体育与健康教师用书 体操类运动（全一册）,output\教材封面\df\dfc128f0-3284-4c24-ff95-6bf90b1fcf6a.jpg,True
7b5d5f90-b013-71ef-9a1c-504bcc1aa126,,,,,,义务教育教科书•体育与健康教师用书 定向运动（全一册）,output\教材封面\7b\7b5d5f90-b013-71ef-9a1c-504bcc1aa126.jpg,True
a3110eaf-ad60-d51f-54cd-06d6a56dd203,,,,,,义务教育教科书•体育与健康教师用书 游泳（全一册）,output\教材封面\a3\a3110eaf-ad60-d51f-54cd-06d6a56dd203.jpg,True
6d9b277b-1db5-a94f-6ad6-398d3565544f,,,,,,义务教育教科书•体育与健康教师用书 田径类运动（全一册）,output\教材封面\6d\6d9b277b-1db5-a94f-6ad6-398d3565544f.jpg,True
1ad65050-792b-c877-0f92-16c289763450,,,,,,义务教育教科书•体育与健康教师用书 篮球运动（全一册）,output\教材封面\1a\1ad65050-792b-c877-0f92-16c289763450.jpg,True
6a383f9c-529a-a0d0-d66c-d3c6c8c02578,,,,,,义务教育教科书•体育与健康教师用书 足球运动（全一册）,output\教材封面\6a\6a383f9c-529a-a0d0-d66c-d3c6c8c02578.jpg,True
1763c1a1-ace2-6a17-be22-ce1c54393487,,,,,,义务教育教科书•体育与健康教师用书 速度滑冰•高山滑雪（全一册）,output\教材封面\17\1763c1a1-ace2-6a17-be22-ce1c54393487.jpg,True
6c315dfe-279b-6bf8-1338-c6583923b2e7,,,,,,义务教育教科书•体育与健康教师用书 中华传统体育类运动（全一册）,output\教材封面\6c\6c315dfe-279b-6bf8-1338-c6583923b2e7.jpg,True
e614dbd1-e912-dd56-b4e6-6f4f53c1ef8a,,,,,,义务教育教科书•体育与健康教师用书 乒乓球运动（全一册）,output\教材封面\e6\e614dbd1-e912-dd56-b4e6-6f4f53c1ef8a.jpg,True
3b6a5860-bbb2-a1fb-2bf3-37e04e05437b,,,,,,义务教育教科书•体育与健康教师用书 体能（全一册）,output\教材封面\3b\3b6a5860-bbb2-a1fb-2bf3-37e04e05437b.jpg,True
2a6fc7d1-d44b-f533-bf79-e72b8af78633,,,,,,义务教育教科书•体育与健康教师用书 基本运动技能（全一册）,output\教材封面\2a\2a6fc7d1-d44b-f533-bf79-e72b8af78633.jpg,True
b0d75d5c-cca6-0518-5dfd-ad8d5d32d8ab,,,,,,义务教育教科书•体育与健康教师用书 排球运动（全一册）,output\教材封面\b0\b0d75d5c-cca6-0518-5dfd-ad8d5d32d8ab.jpg,True
fce9f483-068e-b30b-17c4-447caeb2d1be,,,,,,义务教育教科书•体育与健康教师用书 花样跳绳•轮滑（全一册）,output\教材封面\fc\fce9f483-068e-b30b-17c4-447caeb2d1be.jpg,True
efdb7750-8c65-24cc-b69e-16e8bfdefca4,,,,,,义务教育教科书•体育与健康教师用书 体操类运动（全一册）,output\教材封面\ef\efdb7750-8c65-24cc-b69e-16e8bfdefca4.jpg,True
de30902f-d963-a62d-c89a-897b6f0641d1,,,,,,义务教育教科书•体育与健康教师用书 定向运动（全一册）,output\教材封面\de\de30902f-d963-a62d-c89a-897b6f0641d1.jpg,True
21200e21-663a-471f-cbe5-e023720f334d,,,,,,义务教育教科书•体育与健康教师用书 游泳（全一册）,output\教材封面\21\21200e21-663a-471f-cbe5-e023720f334d.jpg,True
0a7fd835-b1be-a239-16b0-dc857036b240,,,,,,义务教育教科书•体育与健康教师用书 田径类运动（全一册）,output\教材封面\0a\0a7fd835-b1be-a239-16b0-dc857036b240.jpg,True
a437c472-cf7a-a722-6f57-2afcb090a780,,,,,,义务教育教科书•体育与健康教师用书 篮球运动（全一册）,output\教材封面\a4\a437c472-cf7a-a722-6f57-2afcb090a780.jpg,True
07c97878-a70c-a0ad-4644-e84188d05930,,,,,,义务教育教科书•体育与健康教师用书 足球运动（全一册）,output\教材封面\07\07c97878-a70c-a0ad-4644-e84188d05930.jpg,True
988927b9-f656-6ee4-9526-d8ddcdfe98e6,,,,,,义务教育教科书•体育与健康教师用书 速度滑冰•高山滑雪（全一册）,output\教材封面\98\988927b9-f656-6ee4-9526-d8ddcdfe98e6.jpg,True
282465d9-3654-b164-055a-be1521705dc3,,,,,,义务教育教科书•体育与健康教师用书 中华传统体育类运动（全一册）,output\教材封面\28\282465d9-3654-b164-055a-be1521705dc3.jpg,True
506cfd80-8342-da3e-6296-e1f6702a0368,,,,,,义务教育教科书•体育与健康教师用书 乒乓球运动（全一册）,output\教材封面\50\506cfd80-8342-da3e-6296-e1f6702a0368.jpg,True
c4e553a7-b934-1d08-7a2a-b24d56c7ccf2,,,,,,义务教育教科书•体育与健康教师用书 体操类运动（全一册）,output\教材封面\c4\c4e553a7-b934-1d08-7a2a-b24d56c7ccf2.jpg,True
e354e7be-d3aa-3289-8f47-2037c32990f8,,,,,,义务教育教科书•体育与健康教师用书 体能（全一册）,output\教材封面\e3\e354e7be-d3aa-3289-8f47-2037c32990f8.jpg,True
49e4fc42-59d0-7806-1ceb-755df6efc2f3,,,,,,义务教育教科书•体育与健康教师用书 冰雪类运动（全一册）,output\教材封面\49\49e4fc42-59d0-7806-1ceb-755df6efc2f3.jpg,True
9f1495e4-d6ec-9636-7315-c9535cd796e7,,,,,,义务教育教科书•体育与健康教师用书 基本运动技能（全一册）,output\教材封面\9f\9f1495e4-d6ec-9636-7315-c9535cd796e7.jpg,True
76676d2f-225a-ef83-3fec-074e2d761a5d,,,,,,义务教育教科书•体育与健康教师用书 排球运动（全一册）,output\教材封面\76\76676d2f-225a-ef83-3fec-074e2d761a5d.jpg,True
cd17c85f-2bae-35b0-af56-ab5fcb1c0b2e,,,,,,义务教育教科书•体育与健康教师用书 新兴体育类运动（全一册）,output\教材封面\cd\cd17c85f-2bae-35b0-af56-ab5fcb1c0b2e.jpg,True
3e821ff4-6d45-1697-b6c9-2834283d632f,,,,,,义务教育教科书•体育与健康教师用书 游泳运动（全一册）,output\教材封面\3e\3e821ff4-6d45-1697-b6c9-2834283d632f.jpg,True
3200b817-6e9d-38fc-0f2a-ab8749bc60b0,,,,,,义务教育教科书•体育与健康教师用书 田径类运动（全一册）,output\教材封面\32\3200b817-6e9d-38fc-0f2a-ab8749bc60b0.jpg,True
e1b61e3b-def8-ea99-e59d-c5e776fc7801,,,,,,义务教育教科书•体育与健康教师用书 篮球运动（全一册）,output\教材封面\e1\e1b61e3b-def8-ea99-e59d-c5e776fc7801.jpg,True
3701792c-d694-1f36-c846-49cdec16c565,,,,,,义务教育教科书•体育与健康教师用书 羽毛球运动（全一册）,output\教材封面\37\3701792c-d694-1f36-c846-49cdec16c565.jpg,True
b6994a69-f0a1-ede7-6774-590cb35a34f4,,,,,,义务教育教科书•体育与健康教师用书 足球运动（全一册）,output\教材封面\b6\b6994a69-f0a1-ede7-6774-590cb35a34f4.jpg,True
a8a434f3-c133-31f0-7bd3-4b7757ac5744,,,,,,义务教育教科书•体育与健康教师用书  中华传统体育类运动（全一册）,output\教材封面\a8\a8a434f3-c133-31f0-7bd3-4b7757ac5744.jpg,True
1a0c0a6a-816f-713a-0fd5-0e069abc0492,,,,,,义务教育教科书•体育与健康教师用书  乒乓球运动（全一册）,output\教材封面\1a\1a0c0a6a-816f-713a-0fd5-0e069abc0492.jpg,True
b7cd565c-6d0b-4d15-764a-d2cd2aea8be0,,,,,,义务教育教科书•体育与健康教师用书  技巧与器械体操类运动（全一册）,output\教材封面\b7\b7cd565c-6d0b-4d15-764a-d2cd2aea8be0.jpg,True
9d620ae0-ccc6-6499-06c5-f975a531babe,,,,,,义务教育教科书•体育与健康教师用书  新兴体育类运动（全一册）,output\教材封面\9d\9d620ae0-ccc6-6499-06c5-f975a531babe.jpg,True
b46737b7-b756-cc35-2557-935eb85bb7b9,,,,,,义务教育教科书•体育与健康教师用书  田径类运动（全一册）,output\教材封面\b4\b46737b7-b756-cc35-2557-935eb85bb7b9.jpg,True
a083e312-703b-d89b-01cc-5d63038c2d7b,,,,,,义务教育教科书•体育与健康教师用书 体能（全一册）,output\教材封面\a0\a083e312-703b-d89b-01cc-5d63038c2d7b.jpg,True
e14e6ea3-afeb-f4a8-f751-c7adfc8dcabf,,,,,,义务教育教科书•体育与健康教师用书 基本运动技能（全一册）,output\教材封面\e1\e14e6ea3-afeb-f4a8-f751-c7adfc8dcabf.jpg,True
8df9b0fe-d8da-3960-3a30-9d50c624cb0f,,,,,,义务教育教科书•体育与健康教师用书 排球运动（全一册）,output\教材封面\8d\8df9b0fe-d8da-3960-3a30-9d50c624cb0f.jpg,True
eb7cfdfd-2419-0790-acda-0794f7913ee4,,,,,,义务教育教科书•体育与健康教师用书 游泳•滑冰•滑雪（全一册）,output\教材封面\eb\eb7cfdfd-2419-0790-acda-0794f7913ee4.jpg,True
00bebce0-c44c-972e-1535-742ac223df38,,,,,,义务教育教科书•体育与健康教师用书 篮球运动（全一册）,output\教材封面\00\00bebce0-c44c-972e-1535-742ac223df38.jpg,True
bb9f923a-9c32-0fde-ac33-a23524768400,,,,,,义务教育教科书•体育与健康教师用书 羽毛球运动（全一册）,output\教材封面\bb\bb9f923a-9c32-0fde-ac33-a23524768400.jpg,True
678bc42e-2a2f-5d11-2d9d-59e13df3a2fd,,,,,,义务教育教科书•体育与健康教师用书 艺术性体操类运动（全一册）,output\教材封面\67\678bc42e-2a2f-5d11-2d9d-59e13df3a2fd.jpg,True
2fb95471-fe86-cb55-c816-9ebc1b21ba7f,,,,,,义务教育教科书•体育与健康教师用书 足球运动（全一册）,output\教材封面\2f\2fb95471-fe86-cb55-c816-9ebc1b21ba7f.jpg,True
3b5ba9e3-cb04-bb2a-a00d-94e2e8fd55a6,,,,,,义务教育教科书•体育与健康教师用书  中华传统体育类运动（全一册）,output\教材封面\3b\3b5ba9e3-cb04-bb2a-a00d-94e2e8fd55a6.jpg,True
89be5efc-5209-f466-8009-6dcfed0d35b7,,,,,,义务教育教科书•体育与健康教师用书  乒乓球运动（全一册）,output\教材封面\89\89be5efc-5209-f466-8009-6dcfed0d35b7.jpg,True
639c29e0-c7bf-1f68-9cb0-ac99464385e8,,,,,,义务教育教科书•体育与健康教师用书  技巧与器械体操类运动（全一册）,output\教材封面\63\639c29e0-c7bf-1f68-9cb0-ac99464385e8.jpg,True
d1dc33c5-f26b-4ea8-0f49-49e104f1704b,,,,,,义务教育教科书•体育与健康教师用书  新兴体育类运动（全一册）,output\教材封面\d1\d1dc33c5-f26b-4ea8-0f49-49e104f1704b.jpg,True
4fd56b31-2072-ed70-c9f6-e01ad3d2d6fa,,,,,,义务教育教科书•体育与健康教师用书  田径类运动（全一册）,output\教材封面\4f\4fd56b31-2072-ed70-c9f6-e01ad3d2d6fa.jpg,True
cf08e293-e74c-db86-6eb5-98d3948f668a,,,,,,义务教育教科书•体育与健康教师用书 体能（全一册）,output\教材封面\cf\cf08e293-e74c-db86-6eb5-98d3948f668a.jpg,True
9dc6da70-d360-2138-e633-5db14b3e5575,,,,,,义务教育教科书•体育与健康教师用书 基本运动技能（全一册）,output\教材封面\9d\9dc6da70-d360-2138-e633-5db14b3e5575.jpg,True
50c35f03-592d-454b-135d-fb3cfeb660df,,,,,,义务教育教科书•体育与健康教师用书 排球运动（全一册）,output\教材封面\50\50c35f03-592d-454b-135d-fb3cfeb660df.jpg,True
0fc37e06-5636-1351-bb26-d75bcb9c5b04,,,,,,义务教育教科书•体育与健康教师用书 游泳•滑冰•滑雪（全一册）,output\教材封面\0f\0fc37e06-5636-1351-bb26-d75bcb9c5b04.jpg,True
cbee8c73-252f-51ab-9127-4084278a7228,,,,,,义务教育教科书•体育与健康教师用书 篮球运动（全一册）,output\教材封面\cb\cbee8c73-252f-51ab-9127-4084278a7228.jpg,True
3d0a7e37-e46d-f534-5c96-e2cfc0363c87,,,,,,义务教育教科书•体育与健康教师用书 羽毛球运动（全一册）,output\教材封面\3d\3d0a7e37-e46d-f534-5c96-e2cfc0363c87.jpg,True
744c058b-f92f-8439-8d78-1905c0dd9a42,,,,,,义务教育教科书•体育与健康教师用书 艺术性体操类运动（全一册）,output\教材封面\74\744c058b-f92f-8439-8d78-1905c0dd9a42.jpg,True
6d8634d4-bf46-313b-c8f9-584b77ad2984,,,,,,义务教育教科书•体育与健康教师用书 足球运动（全一册）,output\教材封面\6d\6d8634d4-bf46-313b-c8f9-584b77ad2984.jpg,True
f1d44a89-9dfc-03ea-4131-6d10bdbcae78,,,,,,义务教育教科书•体育与健康教师用书 新兴体育类运动（全一册）,output\教材封面\f1\f1d44a89-9dfc-03ea-4131-6d10bdbcae78.jpg,True
3e0da27a-a47c-3319-072d-fba89ef606dc,,,,,,义务教育教科书•体育与健康教师用书 武术类运动（全一册）,output\教材封面\3e\3e0da27a-a47c-3319-072d-fba89ef606dc.jpg,True
2ccd937e-c150-0985-7006-828c690da752,,,,,,义务教育教科书•体育与健康教师用书 民族民间传统体育类运动（全一册）,output\教材封面\2c\2ccd937e-c150-0985-7006-828c690da752.jpg,True
90097786-4f44-b633-e777-e3c3960a35e0,,,,,,义务教育教科书•体育与健康教师用书 冰雪类运动（全一册）,output\教材封面\90\90097786-4f44-b633-e777-e3c3960a35e0.jpg,True
c595f29d-ec4e-86e9-9862-b3f3778276c5,,,,,,义务教育教科书•体育与健康教师用书 乒乓球•羽毛球•网球（全一册）,output\教材封面\c5\c595f29d-ec4e-86e9-9862-b3f3778276c5.jpg,True
8d46ad37-2368-9644-6661-27e476cdfd41,,,,,,义务教育教科书•体育与健康教师用书 体操类运动（全一册）,output\教材封面\8d\8d46ad37-2368-9644-6661-27e476cdfd41.jpg,True
84307a88-569a-5b74-be7f-d43b4585ac89,,,,,,义务教育教科书•体育与健康教师用书 武术类运动（全一册）,output\教材封面\84\84307a88-569a-5b74-be7f-d43b4585ac89.jpg,True
4b22b45f-3a1c-4fbc-23e0-4761f5ba4a75,,,,,,义务教育教科书•体育与健康教师用书 民族民间传统体育类运动（全一册）,output\教材封面\4b\4b22b45f-3a1c-4fbc-23e0-4761f5ba4a75.jpg,True
b232b910-5e3b-15b6-5da9-d02aba323abc,,,,,,义务教育教科书•体育与健康教师用书 冰雪类运动（全一册）,output\教材封面\b2\b232b910-5e3b-15b6-5da9-d02aba323abc.jpg,True
d73bd922-d484-b56e-84a1-5ec9d043e59b,,,,,,义务教育教科书•体育与健康教师用书 乒乓球•羽毛球•网球（全一册）,output\教材封面\d7\d73bd922-d484-b56e-84a1-5ec9d043e59b.jpg,True
7706c854-61d4-e770-7948-faccc3228147,,,,,,义务教育教科书•体育与健康教师用书 体操类运动（全一册）,output\教材封面\77\7706c854-61d4-e770-7948-faccc3228147.jpg,True
fb2b09a4-8777-67da-3ae4-c5079a47beb0,,,,,,义务教育教科书•体育与健康教师用书 中华传统体育项目（全一册）,output\教材封面\fb\fb2b09a4-8777-67da-3ae4-c5079a47beb0.jpg,True
9f5ad5bd-98e5-fc35-b547-0f933fb33e0a,,,,,,义务教育教科书•体育与健康教师用书 乒乓球运动（全一册）,output\教材封面\9f\9f5ad5bd-98e5-fc35-b547-0f933fb33e0a.jpg,True
a62800e0-cb93-6bfe-4e0e-f5f157edfa91,,,,,,义务教育教科书•体育与健康教师用书 体操运动（全一册）,output\教材封面\a6\a62800e0-cb93-6bfe-4e0e-f5f157edfa91.jpg,True
9b209efc-ef58-2374-b33a-c161295278ed,,,,,,义务教育教科书•体育与健康教师用书 体能（全一册）,output\教材封面\9b\9b209efc-ef58-2374-b33a-c161295278ed.jpg,True
d8153714-4608-a593-28c7-add0e0ad7e9d,,,,,,义务教育教科书•体育与健康教师用书 基本运动技能（全一册）,output\教材封面\d8\d8153714-4608-a593-28c7-add0e0ad7e9d.jpg,True
205291ba-b8cb-5b0e-335c-21e6e361e701,,,,,,义务教育教科书•体育与健康教师用书 排球运动（全一册）,output\教材封面\20\205291ba-b8cb-5b0e-335c-21e6e361e701.jpg,True
148ff54a-e00d-9d12-a405-1bb0d301622a,,,,,,义务教育教科书•体育与健康教师用书 新兴体育类运动（全一册）,output\教材封面\14\148ff54a-e00d-9d12-a405-1bb0d301622a.jpg,True
49986d4d-29f5-1023-5303-4325dc312fdb,,,,,,义务教育教科书•体育与健康教师用书 游泳•滑冰•滑雪（全一册）,output\教材封面\49\49986d4d-29f5-1023-5303-4325dc312fdb.jpg,True
49c1a8f2-ac38-636c-1e2f-41aa44d75ef5,,,,,,义务教育教科书•体育与健康教师用书 篮球运动（全一册）,output\教材封面\49\49c1a8f2-ac38-636c-1e2f-41aa44d75ef5.jpg,True
31ecfeba-1ee5-be2a-0527-8848ad74b83d,,,,,,义务教育教科书•体育与健康教师用书 田径类运动（全一册）,output\教材封面\31\31ecfeba-1ee5-be2a-0527-8848ad74b83d.jpg,True
7466e786-f8ad-fc3a-c659-5aa72575115f,,,,,,义务教育教科书•体育与健康教师用书 羽毛球运动（全一册）,output\教材封面\74\7466e786-f8ad-fc3a-c659-5aa72575115f.jpg,True
228e8b67-c408-5fac-5ce9-57cc209f68c7,,,,,,义务教育教科书•体育与健康教师用书 足球运动（全一册）,output\教材封面\22\228e8b67-c408-5fac-5ce9-57cc209f68c7.jpg,True
3304fd2e-3f8e-a8f9-df36-4241360092bf,,,,,,义务教育教科书•体育与健康教师用书 新兴体育类运动（全一册）,output\教材封面\33\3304fd2e-3f8e-a8f9-df36-4241360092bf.jpg,True
c5f94038-aad6-53cd-69a8-dfd96ee1cedb,小学,体育与健康,教师用书,乒乓球（全一册）,地质社版,（根据2022年版课程标准修订）义务教育教科书•体育与健康教师用书 乒乓球（全一册）,output\教材封面\c5\c5f94038-aad6-53cd-69a8-dfd96ee1cedb.jpg,True
85bd6e5a-d404-7df2-0ac2-2a6a9d8d54f0,,,,,,义务教育教科书•体育与健康教师用书 乒乓球（全一册）,output\教材封面\85\85bd6e5a-d404-7df2-0ac2-2a6a9d8d54f0.jpg,True
bf7f422d-44b1-c1f0-18cd-e62934c2a2ee,小学,体育与健康,教师用书,体操（全一册）,地质社版,（根据2022年版课程标准修订）义务教育教科书•体育与健康教师用书 体操（全一册）,output\教材封面\bf\bf7f422d-44b1-c1f0-18cd-e62934c2a2ee.jpg,True
023bd75d-a300-e79f-bc76-5b005d732d29,,,,,,义务教育教科书•体育与健康教师用书 体操（全一册）,output\教材封面\02\023bd75d-a300-e79f-bc76-5b005d732d29.jpg,True
1312629e-fb9c-0fef-8dc2-d9e036627a97,小学,体育与健康,教师用书,体能（全一册）,地质社版,（根据2022年版课程标准修订）义务教育教科书•体育与健康教师用书 体能（全一册）,output\教材封面\13\1312629e-fb9c-0fef-8dc2-d9e036627a97.jpg,True
75123e00-379c-0818-06ef-719c89a80ae3,,,,,,义务教育教科书•体育与健康教师用书 体能（全一册）,output\教材封面\75\75123e00-379c-0818-06ef-719c89a80ae3.jpg,True
89c18706-aa0a-0de4-4c26-b18c23c1e37e,小学,体育与健康,教师用书,基本运动技能（全一册）,地质社版,（根据2022年版课程标准修订）义务教育教科书•体育与健康教师用书 基本运动技能（全一册）,output\教材封面\89\89c18706-aa0a-0de4-4c26-b18c23c1e37e.jpg,True
d3fb2338-a0b2-dcaa-3e11-d20fbb42214c,,,,,,义务教育教科书•体育与健康教师用书 基本运动技能（全一册）,output\教材封面\d3\d3fb2338-a0b2-dcaa-3e11-d20fbb42214c.jpg,True
49387033-750f-e6f3-7ebd-8eb278da4531,小学,体育与健康,教师用书,排球（全一册）,地质社版,（根据2022年版课程标准修订）义务教育教科书•体育与健康教师用书 排球（全一册）,output\教材封面\49\49387033-750f-e6f3-7ebd-8eb278da4531.jpg,True
835c94cd-0896-c89f-0573-ca0ac418f301,,,,,,义务教育教科书•体育与健康教师用书 排球（全一册）,output\教材封面\83\835c94cd-0896-c89f-0573-ca0ac418f301.jpg,True
06695e25-eba1-2a9e-f3ad-c361b7d434b4,小学,体育与健康,教师用书,新兴体育类运动（全一册）,地质社版,（根据2022年版课程标准修订）义务教育教科书•体育与健康教师用书 新兴体育类运动（全一册）,output\教材封面\06\06695e25-eba1-2a9e-f3ad-c361b7d434b4.jpg,True
a37cf421-ae29-cf0b-030e-b2969fb67d26,,,,,,义务教育教科书•体育与健康教师用书 新兴体育类运动（全一册）,output\教材封面\a3\a37cf421-ae29-cf0b-030e-b2969fb67d26.jpg,True
b19ebbc8-3be0-1a83-1e71-682d2bab40e3,,,,,,义务教育教科书•体育与健康教师用书 武术（全一册）,output\教材封面\b1\b19ebbc8-3be0-1a83-1e71-682d2bab40e3.jpg,True
387b2226-3313-4442-d55a-0bf13062b128,小学,体育与健康,教师用书,民族民间传统体育（全一册）,地质社版,（根据2022年版课程标准修订）义务教育教科书•体育与健康教师用书 民族民间传统体育（全一册）,output\教材封面\38\387b2226-3313-4442-d55a-0bf13062b128.jpg,True
7311d213-c752-d632-c81d-f80554d89a0f,,,,,,义务教育教科书•体育与健康教师用书 民族民间传统体育（全一册）,output\教材封面\73\7311d213-c752-d632-c81d-f80554d89a0f.jpg,True
3081fb32-2159-7ea2-593f-7263df6dac16,小学,体育与健康,教师用书,游泳▪滑冰▪滑雪▪冰球（全一册）,地质社版,（根据2022年版课程标准修订）义务教育教科书•体育与健康教师用书 游泳▪滑冰▪滑雪▪冰球（全一册）,output\教材封面\30\3081fb32-2159-7ea2-593f-7263df6dac16.jpg,True
01c744fd-0ab5-43ca-c141-74f11e7ed3cf,,,,,,义务教育教科书•体育与健康教师用书 游泳▪滑冰▪滑雪▪冰球（全一册）,output\教材封面\01\01c744fd-0ab5-43ca-c141-74f11e7ed3cf.jpg,True
1838c99b-783d-4f6f-debf-77a3f53a7638,小学,体育与健康,教师用书,田径（全一册）,地质社版,（根据2022年版课程标准修订）义务教育教科书•体育与健康教师用书 田径（全一册）,output\教材封面\18\1838c99b-783d-4f6f-debf-77a3f53a7638.jpg,True
df4d6663-1f3f-526a-cb89-4e87b693de71,,,,,,义务教育教科书•体育与健康教师用书 田径（全一册）,output\教材封面\df\df4d6663-1f3f-526a-cb89-4e87b693de71.jpg,True
18d63a95-292e-57a4-d2c6-a7919984e4c2,小学,体育与健康,教师用书,篮球（全一册）,地质社版,（根据2022年版课程标准修订）义务教育教科书•体育与健康教师用书 篮球（全一册）,output\教材封面\18\18d63a95-292e-57a4-d2c6-a7919984e4c2.jpg,True
408814b2-bd56-b407-b48e-6fb979ca2efa,,,,,,义务教育教科书•体育与健康教师用书 篮球（全一册）,output\教材封面\40\408814b2-bd56-b407-b48e-6fb979ca2efa.jpg,True
b1d1baea-7580-ecd0-d969-f1476048fd76,小学,体育与健康,教师用书,羽毛球•网球（全一册）,地质社版,（根据2022年版课程标准修订）义务教育教科书•体育与健康教师用书 羽毛球•网球（全一册）,output\教材封面\b1\b1d1baea-7580-ecd0-d969-f1476048fd76.jpg,True
d3a05124-0235-5c4c-3a5e-489b1cc9dfa8,,,,,,义务教育教科书•体育与健康教师用书 羽毛球•网球（全一册）,output\教材封面\d3\d3a05124-0235-5c4c-3a5e-489b1cc9dfa8.jpg,True
042a07fb-bbf3-4f0e-9b65-3eb44f67c4e7,小学,体育与健康,教师用书,足球（全一册）,地质社版,（根据2022年版课程标准修订）义务教育教科书•体育与健康教师用书 足球（全一册）,output\教材封面\04\042a07fb-bbf3-4f0e-9b65-3eb44f67c4e7.jpg,True
7144040a-8842-7ef9-a054-51f5487477cf,,,,,,义务教育教科书•体育与健康教师用书 足球（全一册）,output\教材封面\71\7144040a-8842-7ef9-a054-51f5487477cf.jpg,True
bbf81a21-7ed4-301a-19d7-92ca4e175653,小学,体育与健康,教师用书,武术（全一册）,地质社版,（根据2022年版课程标准修订）义务教育教科书•体育与健康教师用书 武术（全一册）,output\教材封面\bb\bbf81a21-7ed4-301a-19d7-92ca4e175653.jpg,True
5027903a-edbe-ca73-8942-41da2c4b3bb3,,,,,,义务教育教科书•体育与健康教师用书 武术（全一册）,output\教材封面\50\5027903a-edbe-ca73-8942-41da2c4b3bb3.jpg,True
20e56f27-e8ea-6962-7164-9d3113d5132b,,,,,,义务教育教科书•体育与健康教师用书 中华传统体育类运动（全一册）,output\教材封面\20\20e56f27-e8ea-6962-7164-9d3113d5132b.jpg,True
68b1cfa4-ea1d-32bf-876d-82ba6477ab01,,,,,,义务教育教科书•体育与健康教师用书 乒乓球运动（全一册）,output\教材封面\68\68b1cfa4-ea1d-32bf-876d-82ba6477ab01.jpg,True
df834b54-8f50-198f-b400-c739030ece46,,,,,,义务教育教科书•体育与健康教师用书 体操类运动（全一册）,output\教材封面\df\df834b54-8f50-198f-b400-c739030ece46.jpg,True
c68abf60-dc77-3b08-adfa-697edfb1a070,,,,,,义务教育教科书•体育与健康教师用书 体能（全一册）,output\教材封面\c6\c68abf60-dc77-3b08-adfa-697edfb1a070.jpg,True
3378fd70-cc51-fae7-7b4e-fa1508839115,,,,,,义务教育教科书•体育与健康教师用书 冰雪类运动（全一册）,output\教材封面\33\3378fd70-cc51-fae7-7b4e-fa1508839115.jpg,True
9d22ded5-9133-57cd-0f0b-8291caac0b71,,,,,,义务教育教科书•体育与健康教师用书 基本运动技能（全一册）,output\教材封面\9d\9d22ded5-9133-57cd-0f0b-8291caac0b71.jpg,True
51ba4f6f-14e6-a75d-5f9a-ae34968c8799,,,,,,义务教育教科书•体育与健康教师用书 排球运动（全一册）,output\教材封面\51\51ba4f6f-14e6-a75d-5f9a-ae34968c8799.jpg,True
8beaa982-9df5-c66e-9971-0d8784d09244,,,,,,义务教育教科书•体育与健康教师用书 新兴体育类运动（全一册）,output\教材封面\8b\8beaa982-9df5-c66e-9971-0d8784d09244.jpg,True
9d904381-d0c5-b38c-7798-c6e43205ba31,,,,,,义务教育教科书•体育与健康教师用书 游泳运动（全一册）,output\教材封面\9d\9d904381-d0c5-b38c-7798-c6e43205ba31.jpg,True
7a3ef8ff-4b0b-3f63-d23b-47146af11231,,,,,,义务教育教科书•体育与健康教师用书 田径类运动（全一册）,output\教材封面\7a\7a3ef8ff-4b0b-3f63-d23b-47146af11231.jpg,True
91569322-a685-e38a-456a-9c7381579e8b,,,,,,义务教育教科书•体育与健康教师用书 篮球运动（全一册）,output\教材封面\91\91569322-a685-e38a-456a-9c7381579e8b.jpg,True
980f5be1-0086-7b9e-6c44-1c502b17e7e8,,,,,,义务教育教科书•体育与健康教师用书 羽毛球运动（全一册）,output\教材封面\98\980f5be1-0086-7b9e-6c44-1c502b17e7e8.jpg,True
b62a3e6c-c22c-2866-5c1a-cb5c674681ec,,,,,,义务教育教科书•体育与健康教师用书 足球运动（全一册）,output\教材封面\b6\b62a3e6c-c22c-2866-5c1a-cb5c674681ec.jpg,True
6f5a474d-db37-94a0-f132-bd2336e7b937,,,,,,义务教育教科书•体育与健康教师用书 中华传统体育项目（全一册）,output\教材封面\6f\6f5a474d-db37-94a0-f132-bd2336e7b937.jpg,True
d3a59364-aaf9-eba5-0c95-4634fb9f8a93,,,,,,义务教育教科书•体育与健康教师用书 乒乓球运动（全一册）,output\教材封面\d3\d3a59364-aaf9-eba5-0c95-4634fb9f8a93.jpg,True
1a07eeac-5bec-e7a7-bcab-f283c7acdf1e,,,,,,义务教育教科书•体育与健康教师用书 体操运动（全一册）,output\教材封面\1a\1a07eeac-5bec-e7a7-bcab-f283c7acdf1e.jpg,True
12b8f236-45af-0b50-0683-f5bca2c7a414,,,,,,义务教育教科书•体育与健康教师用书 体能（全一册）,output\教材封面\12\12b8f236-45af-0b50-0683-f5bca2c7a414.jpg,True
fb71e32c-38fd-b923-c5c5-cd7cf910dcde,,,,,,义务教育教科书•体育与健康教师用书 基本运动技能（全一册）,output\教材封面\fb\fb71e32c-38fd-b923-c5c5-cd7cf910dcde.jpg,True
fde17bf0-b727-4a1a-ea77-5ad6464dd678,,,,,,义务教育教科书•体育与健康教师用书 排球运动（全一册）,output\教材封面\fd\fde17bf0-b727-4a1a-ea77-5ad6464dd678.jpg,True
a445f59b-69a0-ceb2-f02f-25824848eaa8,,,,,,义务教育教科书•体育与健康教师用书 新兴体育类运动（全一册）,output\教材封面\a4\a445f59b-69a0-ceb2-f02f-25824848eaa8.jpg,True
82721122-0a18-b9a0-9712-2e66dda5a43f,,,,,,义务教育教科书•体育与健康教师用书 游泳•滑冰•滑雪（全一册）,output\教材封面\82\82721122-0a18-b9a0-9712-2e66dda5a43f.jpg,True
14eb2850-1885-6af5-1d5e-d55e00a4cfce,,,,,,义务教育教科书•体育与健康教师用书 田径类运动（全一册）,output\教材封面\14\14eb2850-1885-6af5-1d5e-d55e00a4cfce.jpg,True
f47942c3-f744-d9fa-ecc0-0dda3342ebdd,,,,,,义务教育教科书•体育与健康教师用书 篮球运动（全一册）,output\教材封面\f4\f47942c3-f744-d9fa-ecc0-0dda3342ebdd.jpg,True
6ee736c5-28ff-ea21-9cba-0f74450afecc,,,,,,义务教育教科书•体育与健康教师用书 羽毛球运动（全一册）,output\教材封面\6e\6ee736c5-28ff-ea21-9cba-0f74450afecc.jpg,True
5134d83a-0e89-fe78-7349-de9d5f560d63,,,,,,义务教育教科书•体育与健康教师用书 足球运动（全一册）,output\教材封面\51\5134d83a-0e89-fe78-7349-de9d5f560d63.jpg,True
fa4ae732-7d7d-747c-db62-55b1790e045b,,,,,,义务教育教科书•体育与健康教师用书 乒乓球（全一册）,output\教材封面\fa\fa4ae732-7d7d-747c-db62-55b1790e045b.jpg,True
bd12a0b7-bbf5-575c-40a9-d158c59da992,,,,,,义务教育教科书•体育与健康教师用书 体操（全一册）,output\教材封面\bd\bd12a0b7-bbf5-575c-40a9-d158c59da992.jpg,True
db929ccc-2dbe-a282-433d-0568f3dae0e8,,,,,,义务教育教科书•体育与健康教师用书 体能（全一册）,output\教材封面\db\db929ccc-2dbe-a282-433d-0568f3dae0e8.jpg,True
b1a977dc-f295-e1b9-da18-90298f27e6d9,,,,,,义务教育教科书•体育与健康教师用书 基本运动技能（全一册）,output\教材封面\b1\b1a977dc-f295-e1b9-da18-90298f27e6d9.jpg,True
f5a246ac-b87a-9129-2c13-6a7d1acd9efa,,,,,,义务教育教科书•体育与健康教师用书 排球（全一册）,output\教材封面\f5\f5a246ac-b87a-9129-2c13-6a7d1acd9efa.jpg,True
649f0dff-5b06-146f-ec7c-f224ba4339c6,,,,,,义务教育教科书•体育与健康教师用书 新兴体育类运动（全一册）,output\教材封面\64\649f0dff-5b06-146f-ec7c-f224ba4339c6.jpg,True
c682d1b4-f621-cb77-3031-63ef62979fa1,,,,,,义务教育教科书•体育与健康教师用书 武术（全一册）,output\教材封面\c6\c682d1b4-f621-cb77-3031-63ef62979fa1.jpg,True
249906d3-460b-f350-bbfc-dbe9e46675fc,,,,,,义务教育教科书•体育与健康教师用书 民族民间传统体育（全一册）,output\教材封面\24\249906d3-460b-f350-bbfc-dbe9e46675fc.jpg,True
41550721-c3a6-f9c0-73c1-1118c326a983,,,,,,义务教育教科书•体育与健康教师用书 游泳▪滑冰▪滑雪▪冰球（全一册）,output\教材封面\41\41550721-c3a6-f9c0-73c1-1118c326a983.jpg,True
bf7f5fc7-5301-fd13-211b-a4993960d77e,,,,,,义务教育教科书•体育与健康教师用书 田径（全一册）,output\教材封面\bf\bf7f5fc7-5301-fd13-211b-a4993960d77e.jpg,True
13527541-295d-9428-a0b2-30cc9d6eef40,,,,,,义务教育教科书•体育与健康教师用书 篮球（全一册）,output\教材封面\13\13527541-295d-9428-a0b2-30cc9d6eef40.jpg,True
197c4093-31d9-ca2c-bc32-d0abe5df08c7,,,,,,义务教育教科书•体育与健康教师用书 羽毛球•网球（全一册）,output\教材封面\19\197c4093-31d9-ca2c-bc32-d0abe5df08c7.jpg,True
7ca65070-09b6-67a8-6f82-8b8be08639a2,,,,,,义务教育教科书•体育与健康教师用书 足球（全一册）,output\教材封面\7c\7ca65070-09b6-67a8-6f82-8b8be08639a2.jpg,True
b3b41cd0-2169-d99a-a8b8-a8f67ec68cbe,特殊教育,道德与法治,一年级,上册,,盲校义务教育实验教科书 道德与法治 一年级 上册（供低视力学生使用）,output\教材封面\b3\b3b41cd0-2169-d99a-a8b8-a8f67ec68cbe.jpg,True
a766eb28-7f9c-6d36-48bb-52e7edf7276d,特殊教育,道德与法治,二年级,上册,,盲校义务教育实验教科书 道德与法治 二年级 上册（供低视力学生使用）,output\教材封面\a7\a766eb28-7f9c-6d36-48bb-52e7edf7276d.jpg,True
ac10d786-3d5d-72e6-3ed4-6e360974afca,特殊教育,道德与法治,三年级,上册,,盲校义务教育实验教科书 道德与法治 三年级 上册（供低视力学生使用）,output\教材封面\ac\ac10d786-3d5d-72e6-3ed4-6e360974afca.jpg,True
391558f2-fde8-9ed9-e3a0-31a73cd35c34,特殊教育,道德与法治,四年级,上册,,盲校义务教育实验教科书 道德与法治 四年级 上册（供低视力学生使用）,output\教材封面\39\391558f2-fde8-9ed9-e3a0-31a73cd35c34.jpg,True
419a3eca-3b0a-fead-75d5-6802d9463dde,特殊教育,道德与法治,五年级,上册,,盲校义务教育实验教科书 道德与法治 五年级 上册（供低视力学生使用）,output\教材封面\41\419a3eca-3b0a-fead-75d5-6802d9463dde.jpg,True
a63662d7-cc18-9e06-fa22-c5d9e7eef84a,特殊教育,道德与法治,六年级,上册,,盲校义务教育实验教科书 道德与法治 六年级 上册（供低视力学生使用）,output\教材封面\a6\a63662d7-cc18-9e06-fa22-c5d9e7eef84a.jpg,True
2323c93d-de45-60d7-f535-c40321d5d453,特殊教育,道德与法治,七年级,上册,,盲校义务教育实验教科书 道德与法治 七年级 上册（供低视力学生使用）,output\教材封面\23\2323c93d-de45-60d7-f535-c40321d5d453.jpg,True
610117c8-fc39-21ef-a69a-f61befdd8edf,特殊教育,道德与法治,八年级,上册,,盲校义务教育实验教科书 道德与法治 八年级 上册（供低视力学生使用）,output\教材封面\61\610117c8-fc39-21ef-a69a-f61befdd8edf.jpg,True
ce29d1f7-efa9-f297-37c2-3d1cb2e94c78,特殊教育,道德与法治,九年级,上册,,盲校义务教育实验教科书 道德与法治 九年级 上册（供低视力学生使用）,output\教材封面\ce\ce29d1f7-efa9-f297-37c2-3d1cb2e94c78.jpg,True
ad3fd910-23ac-ae51-a51a-86a7b8272b7a,特殊教育,语文,一年级,上册,,盲校义务教育实验教科书 语文 一年级 上册（供低视力学生使用）,output\教材封面\ad\ad3fd910-23ac-ae51-a51a-86a7b8272b7a.jpg,True
37656090-33fc-d84e-abe2-47ce05ba6067,特殊教育,语文,二年级,上册,,盲校义务教育实验教科书 语文 二年级 上册（供低视力学生使用）,output\教材封面\37\37656090-33fc-d84e-abe2-47ce05ba6067.jpg,True
2910fc69-751f-0691-2f13-df7aa351b571,特殊教育,语文,三年级,上册,,盲校义务教育实验教科书 语文 三年级 上册（供低视力学生使用）,output\教材封面\29\2910fc69-751f-0691-2f13-df7aa351b571.jpg,True
0450198f-b489-f6fc-6bb8-80a1dead1d2b,特殊教育,语文,四年级,上册,,盲校义务教育实验教科书 语文 四年级 上册（供低视力学生使用）,output\教材封面\04\0450198f-b489-f6fc-6bb8-80a1dead1d2b.jpg,True
c4bcf213-9a16-760c-7898-0179ac7dd94e,特殊教育,语文,五年级,上册,,盲校义务教育实验教科书 语文 五年级 上册（供低视力学生使用）,output\教材封面\c4\c4bcf213-9a16-760c-7898-0179ac7dd94e.jpg,True
4730cb43-6768-5bce-3b5e-cdba92854f89,特殊教育,语文,六年级,上册,,盲校义务教育实验教科书 语文 六年级 上册（供低视力学生使用）,output\教材封面\47\4730cb43-6768-5bce-3b5e-cdba92854f89.jpg,True
2031b281-6558-1fb3-9448-4502fcf8357e,特殊教育,语文,七年级,上册,,盲校义务教育实验教科书 语文 七年级 上册（供低视力学生使用）,output\教材封面\20\2031b281-6558-1fb3-9448-4502fcf8357e.jpg,True
8162bb0c-8b3a-ab21-1f9d-ba556895017d,特殊教育,语文,八年级,上册,,盲校义务教育实验教科书 语文 八年级 上册（供低视力学生使用）,output\教材封面\81\8162bb0c-8b3a-ab21-1f9d-ba556895017d.jpg,True
4b46975b-69ec-3660-9f29-07a7f7a41798,特殊教育,语文,九年级,上册,,盲校义务教育实验教科书 语文 九年级 上册（供低视力学生使用）,output\教材封面\4b\4b46975b-69ec-3660-9f29-07a7f7a41798.jpg,True
958a3d42-3621-0fb6-6c87-86c4e292e4aa,特殊教育,中国历史,七年级,上册,,盲校义务教育实验教科书 中国历史 七年级 上册（供低视力学生使用）,output\教材封面\95\958a3d42-3621-0fb6-6c87-86c4e292e4aa.jpg,True
c3b4cba4-6b36-d13d-b8ff-c226cb51d9a4,特殊教育,中国历史,八年级,上册,,盲校义务教育实验教科书 中国历史 八年级 上册（供低视力学生使用）,output\教材封面\c3\c3b4cba4-6b36-d13d-b8ff-c226cb51d9a4.jpg,True
bd42f03c-c3c4-97f4-7852-c8a4e3864a46,特殊教育,世界历史,九年级,上册,,盲校义务教育实验教科书 世界历史 九年级 上册（供低视力学生使用）,output\教材封面\bd\bd42f03c-c3c4-97f4-7852-c8a4e3864a46.jpg,True
765b1f31-3ed8-9fa8-5f86-310709337f53,特殊教育,数学,七年级,上册,,盲校义务教育实验教科书 数学 七年级 上册（供低视力学生使用）,output\教材封面\76\765b1f31-3ed8-9fa8-5f86-310709337f53.jpg,True
85e6bf5a-9180-0f09-a431-d1c7a3c33d99,特殊教育,数学,八年级,上册,,盲校义务教育实验教科书 数学 八年级 上册（供低视力学生使用）,output\教材封面\85\85e6bf5a-9180-0f09-a431-d1c7a3c33d99.jpg,True
b7328025-a8ae-07f4-42c4-44be0b092c45,特殊教育,数学,九年级,上册,,盲校义务教育实验教科书 数学 九年级 上册（供低视力学生使用）,output\教材封面\b7\b7328025-a8ae-07f4-42c4-44be0b092c45.jpg,True
156154dc-0633-124c-9d8c-c51c777d4830,特殊教育,数学,一年级,上册,,盲校义务教育实验教科书 数学 一年级 上册（供低视力学生使用）,output\教材封面\15\156154dc-0633-124c-9d8c-c51c777d4830.jpg,True
eed0078a-1e5d-12d2-0eb7-2724a9412d55,特殊教育,数学,二年级,上册,,盲校义务教育实验教科书 数学 二年级 上册（供低视力学生使用）,output\教材封面\ee\eed0078a-1e5d-12d2-0eb7-2724a9412d55.jpg,True
a5613a77-0306-72d7-4a43-2bd7f08fe1ce,特殊教育,数学,三年级,上册,,盲校义务教育实验教科书 数学 三年级 上册（供低视力学生使用）,output\教材封面\a5\a5613a77-0306-72d7-4a43-2bd7f08fe1ce.jpg,True
e4c0fb68-ce0d-314b-0d0c-00df01acf14c,特殊教育,数学,四年级,上册,,盲校义务教育实验教科书 数学 四年级 上册（供低视力学生使用）,output\教材封面\e4\e4c0fb68-ce0d-314b-0d0c-00df01acf14c.jpg,True
ceda483f-421e-44d3-62a4-8fadfb67ae5c,特殊教育,数学,五年级,上册,,盲校义务教育实验教科书 数学 五年级 上册（供低视力学生使用）,output\教材封面\ce\ceda483f-421e-44d3-62a4-8fadfb67ae5c.jpg,True
b6edf051-43ad-56b4-49b0-4b9aa12b9271,特殊教育,数学,六年级,上册,,盲校义务教育实验教科书 数学 六年级 上册（供低视力学生使用）,output\教材封面\b6\b6edf051-43ad-56b4-49b0-4b9aa12b9271.jpg,True
3e3b3b95-aa20-3bbd-5b36-24308aac3f01,特殊教育,英语（三年级起点）,三年级,上册,,盲校义务教育实验教科书 英语（三年级起点） 三年级 上册（供低视力学生使用）,output\教材封面\3e\3e3b3b95-aa20-3bbd-5b36-24308aac3f01.jpg,True
08a776d9-7639-45d3-528d-80ad8e603b50,特殊教育,英语（三年级起点）,四年级,上册,,盲校义务教育实验教科书 英语（三年级起点） 四年级 上册（供低视力学生使用）,output\教材封面\08\08a776d9-7639-45d3-528d-80ad8e603b50.jpg,True
317d7dad-5268-ceea-f13f-ec20b97ff16e,特殊教育,英语（三年级起点）,五年级,上册,,盲校义务教育实验教科书 英语（三年级起点） 五年级 上册（供低视力学生使用）,output\教材封面\31\317d7dad-5268-ceea-f13f-ec20b97ff16e.jpg,True
89b77ec6-a8b9-7f93-3eb9-28e3438edf93,特殊教育,英语（三年级起点）,六年级,上册,,盲校义务教育实验教科书 英语（三年级起点） 六年级 上册（供低视力学生使用）,output\教材封面\89\89b77ec6-a8b9-7f93-3eb9-28e3438edf93.jpg,True
1611a694-2473-53ef-4202-2f5aa3bb86be,特殊教育,英语,七年级,上册,,盲校义务教育实验教科书 英语 七年级 上册（供低视力学生使用）,output\教材封面\16\1611a694-2473-53ef-4202-2f5aa3bb86be.jpg,True
cee44b16-a028-73cb-9147-347c64bf3982,特殊教育,英语,八年级,上册,,盲校义务教育实验教科书 英语 八年级 上册（供低视力学生使用）,output\教材封面\ce\cee44b16-a028-73cb-9147-347c64bf3982.jpg,True
c9d50906-0ea8-da8c-3132-061d4705cd1b,特殊教育,英语,九年级,全一册,,盲校义务教育实验教科书 英语 九年级 全一册（供低视力学生使用）,output\教材封面\c9\c9d50906-0ea8-da8c-3132-061d4705cd1b.jpg,True
638b0ef6-dd55-82ae-e5e2-81299f4c7b40,特殊教育,地理,七年级,上册,,盲校义务教育实验教科书 地理 七年级 上册（供低视力学生使用）,output\教材封面\63\638b0ef6-dd55-82ae-e5e2-81299f4c7b40.jpg,True
13452927-300c-1e21-a3cf-84451e37649b,特殊教育,地理,八年级,上册,,盲校义务教育实验教科书 地理 八年级 上册（供低视力学生使用）,output\教材封面\13\13452927-300c-1e21-a3cf-84451e37649b.jpg,True
47966263-4946-2d0a-56a3-0bd4f4f0e2b0,特殊教育,物理,八年级,上册,,盲校义务教育实验教科书 物理 八年级 上册（供低视力学生使用）,output\教材封面\47\47966263-4946-2d0a-56a3-0bd4f4f0e2b0.jpg,True
1ace76ed-c5aa-6f2d-e741-36ae6f2336f2,特殊教育,物理,九年级,上册,,盲校义务教育实验教科书 物理 九年级 上册（供低视力学生使用）,output\教材封面\1a\1ace76ed-c5aa-6f2d-e741-36ae6f2336f2.jpg,True
e016f8a1-342f-3847-8ba2-7b97d795222e,特殊教育,化学,九年级,上册,,盲校义务教育实验教科书 化学 九年级 上册（供低视力学生使用）,output\教材封面\e0\e016f8a1-342f-3847-8ba2-7b97d795222e.jpg,True
d9b5e8d2-747f-1d15-8583-59b7b69ffea6,特殊教育,生物学,七年级,上册,,盲校义务教育实验教科书 生物学 七年级 上册（供低视力学生使用）,output\教材封面\d9\d9b5e8d2-747f-1d15-8583-59b7b69ffea6.jpg,True
9a0a41ff-a645-b2f5-ae7b-e99247a6788b,特殊教育,生物学,八年级,上册,,盲校义务教育实验教科书 生物学 八年级 上册（供低视力学生使用）,output\教材封面\9a\9a0a41ff-a645-b2f5-ae7b-e99247a6788b.jpg,True
79ff84b7-f1f6-0cc5-30e5-ae371ab1b9e0,特殊教育,信息技术,一年级,上册,,盲校义务教育实验教科书 信息技术 一年级 上册,output\教材封面\79\79ff84b7-f1f6-0cc5-30e5-ae371ab1b9e0.jpg,True
181240d9-c455-0ef2-f941-ba414c878503,特殊教育,信息技术,二年级,上册,,盲校义务教育实验教科书 信息技术 二年级 上册,output\教材封面\18\181240d9-c455-0ef2-f941-ba414c878503.jpg,True
bf532892-ff4d-c3a0-3a2a-eb850ea51f01,特殊教育,信息技术,三年级,上册,,盲校义务教育实验教科书 信息技术 三年级 上册,output\教材封面\bf\bf532892-ff4d-c3a0-3a2a-eb850ea51f01.jpg,True
26b01aa8-bc7f-1694-eddc-7cd9fb35b772,特殊教育,信息技术,四年级,上册,,盲校义务教育实验教科书 信息技术 四年级 上册,output\教材封面\26\26b01aa8-bc7f-1694-eddc-7cd9fb35b772.jpg,True
b9e90666-ecae-a098-0e61-1fdc8826b4a6,特殊教育,信息技术,五年级,上册,,盲校义务教育实验教科书 信息技术 五年级 上册,output\教材封面\b9\b9e90666-ecae-a098-0e61-1fdc8826b4a6.jpg,True
0b96a71c-4b03-e64a-0b1b-a8c1f1322648,特殊教育,信息技术,六年级,上册,,盲校义务教育实验教科书 信息技术 六年级 上册,output\教材封面\0b\0b96a71c-4b03-e64a-0b1b-a8c1f1322648.jpg,True
1bc24c8e-1638-5aae-8266-78e4e0650b25,特殊教育,信息技术,七年级,上册,,盲校义务教育实验教科书 信息技术 七年级 上册,output\教材封面\1b\1bc24c8e-1638-5aae-8266-78e4e0650b25.jpg,True
a80a55ae-cdd0-3a03-af25-cee241f74476,特殊教育,信息技术,八年级,上册,,盲校义务教育实验教科书 信息技术 八年级 上册,output\教材封面\a8\a80a55ae-cdd0-3a03-af25-cee241f74476.jpg,True
daf24ad7-45bf-b877-aa54-977776eb716d,特殊教育,信息技术,九年级,上册,,盲校义务教育实验教科书 信息技术 九年级 上册,output\教材封面\da\daf24ad7-45bf-b877-aa54-977776eb716d.jpg,True
2d5c4321-d9d4-00c0-146f-fb2fde1624c6,特殊教育,音乐,七年级,上册,,盲校义务教育实验教科书 音乐 七年级 上册（供低视力学生使用）,output\教材封面\2d\2d5c4321-d9d4-00c0-146f-fb2fde1624c6.jpg,True
766a9440-8afa-659a-adc0-3964fe98ba46,特殊教育,音乐,八年级,上册,,盲校义务教育实验教科书 音乐 八年级 上册（供低视力学生使用）,output\教材封面\76\766a9440-8afa-659a-adc0-3964fe98ba46.jpg,True
dc9fa6e6-6dca-7942-df71-42985ced2408,特殊教育,音乐,九年级,上册,,盲校义务教育实验教科书 音乐 九年级 上册（供低视力学生使用）,output\教材封面\dc\dc9fa6e6-6dca-7942-df71-42985ced2408.jpg,True
1d70ba18-c201-1e5d-746f-e5235554ec1b,特殊教育,音乐,一年级,上册,,盲校义务教育实验教科书 音乐 一年级 上册（供低视力学生使用）,output\教材封面\1d\1d70ba18-c201-1e5d-746f-e5235554ec1b.jpg,True
3a3e0d67-2c8d-71b4-ed74-3ad5fa1a98f4,特殊教育,音乐,二年级,上册,,盲校义务教育实验教科书 音乐 二年级 上册（供低视力学生使用）,output\教材封面\3a\3a3e0d67-2c8d-71b4-ed74-3ad5fa1a98f4.jpg,True
71e02f56-ac7f-c7bb-7496-a65bd72884d8,特殊教育,音乐,三年级,上册,,盲校义务教育实验教科书 音乐 三年级 上册（供低视力学生使用）,output\教材封面\71\71e02f56-ac7f-c7bb-7496-a65bd72884d8.jpg,True
ebeb40b0-15de-4849-92bb-22b1c83428d0,特殊教育,音乐,四年级,上册,,盲校义务教育实验教科书 音乐 四年级 上册（供低视力学生使用）,output\教材封面\eb\ebeb40b0-15de-4849-92bb-22b1c83428d0.jpg,True
162db08d-efbb-be9f-f69b-f9863dafd7f6,特殊教育,音乐,五年级,上册,,盲校义务教育实验教科书 音乐 五年级 上册（供低视力学生使用）,output\教材封面\16\162db08d-efbb-be9f-f69b-f9863dafd7f6.jpg,True
96f11444-1586-c05a-eb5e-b87a19e3a742,特殊教育,音乐,六年级,上册,,盲校义务教育实验教科书 音乐 六年级 上册（供低视力学生使用）,output\教材封面\96\96f11444-1586-c05a-eb5e-b87a19e3a742.jpg,True
c207d69b-4eda-ddea-4128-3713cfe81aaf,特殊教育,美工,一年级,全一册,,盲校义务教育实验教科书 美工 低视力版 一年级 全一册,output\教材封面\c2\c207d69b-4eda-ddea-4128-3713cfe81aaf.jpg,True
5af6a3c7-a054-44be-1cb4-00f063e4408a,特殊教育,美工,二年级,全一册,,盲校义务教育实验教科书 美工 低视力版 二年级 全一册,output\教材封面\5a\5af6a3c7-a054-44be-1cb4-00f063e4408a.jpg,True
79955faf-7283-5bb9-c993-875cdea3fa8b,特殊教育,道德与法治,一年级,上册,,聋校义务教育实验教科书 道德与法治 一年级 上册,output\教材封面\79\79955faf-7283-5bb9-c993-875cdea3fa8b.jpg,True
46c22d2b-7b4b-dc22-b272-fc3d0ea82624,特殊教育,道德与法治,二年级,上册,,聋校义务教育实验教科书 道德与法治 二年级 上册,output\教材封面\46\46c22d2b-7b4b-dc22-b272-fc3d0ea82624.jpg,True
c3e65042-dd1a-3755-cf93-8d3ea605b8ed,特殊教育,道德与法治,三年级,上册,,聋校义务教育实验教科书 道德与法治 三年级 上册,output\教材封面\c3\c3e65042-dd1a-3755-cf93-8d3ea605b8ed.jpg,True
821b1a7c-66a6-01b5-2172-4a0a7067a791,特殊教育,道德与法治,四年级,上册,,聋校义务教育实验教科书 道德与法治 四年级 上册,output\教材封面\82\821b1a7c-66a6-01b5-2172-4a0a7067a791.jpg,True
b0458331-ac28-3791-c55e-191072a2cce1,特殊教育,道德与法治,五年级,上册,,聋校义务教育实验教科书 道德与法治 五年级 上册,output\教材封面\b0\b0458331-ac28-3791-c55e-191072a2cce1.jpg,True
b10b0e23-eb68-50c0-00f4-7d51b57140fa,特殊教育,道德与法治,六年级,上册,,聋校义务教育实验教科书 道德与法治 六年级 上册,output\教材封面\b1\b10b0e23-eb68-50c0-00f4-7d51b57140fa.jpg,True
8e86aeff-7c4f-95b8-ffea-dd44dea18b94,特殊教育,道德与法治,七年级,上册,,聋校义务教育实验教科书 道德与法治 七年级 上册,output\教材封面\8e\8e86aeff-7c4f-95b8-ffea-dd44dea18b94.jpg,True
a30e57e8-db33-99b1-8d77-6a0133df4d2e,特殊教育,道德与法治,八年级,上册,,聋校义务教育实验教科书 道德与法治 八年级 上册,output\教材封面\a3\a30e57e8-db33-99b1-8d77-6a0133df4d2e.jpg,True
f3256c5f-ef60-7d5e-89a5-ee9898b7f216,特殊教育,道德与法治,九年级,上册,,聋校义务教育实验教科书 道德与法治 九年级 上册,output\教材封面\f3\f3256c5f-ef60-7d5e-89a5-ee9898b7f216.jpg,True
6eb67024-24a4-4cba-f57f-22c090203ddc,特殊教育,中国历史,七年级,上册,,聋校义务教育实验教科书 中国历史 七年级 上册,output\教材封面\6e\6eb67024-24a4-4cba-f57f-22c090203ddc.jpg,True
e1c94d9e-59e1-fc64-2de8-c994cff9d426,特殊教育,中国历史,八年级,上册,,聋校义务教育实验教科书 中国历史 八年级 上册,output\教材封面\e1\e1c94d9e-59e1-fc64-2de8-c994cff9d426.jpg,True
7ab7ea6b-28ee-d521-6432-0bed71a7ce77,特殊教育,世界历史,九年级,上册,,聋校义务教育实验教科书 世界历史 九年级 上册,output\教材封面\7a\7ab7ea6b-28ee-d521-6432-0bed71a7ce77.jpg,True
f0d6d1e9-cf2d-de42-d812-06a1de6b2621,特殊教育,语文,一年级,上册,,聋校义务教育实验教科书 语文 一年级 上册,output\教材封面\f0\f0d6d1e9-cf2d-de42-d812-06a1de6b2621.jpg,True
f6ca3ca8-95be-7504-7aac-693cdd45813a,特殊教育,语文,二年级,上册,,聋校义务教育实验教科书 语文 二年级 上册,output\教材封面\f6\f6ca3ca8-95be-7504-7aac-693cdd45813a.jpg,True
c00ec9df-e3ec-981c-835d-041338bfb913,特殊教育,语文,三年级,上册,,聋校义务教育实验教科书 语文 三年级 上册,output\教材封面\c0\c00ec9df-e3ec-981c-835d-041338bfb913.jpg,True
38dde899-77ba-fd83-17ff-dcf3cb1aa5e2,特殊教育,语文,四年级,上册,,聋校义务教育实验教科书 语文 四年级 上册,output\教材封面\38\38dde899-77ba-fd83-17ff-dcf3cb1aa5e2.jpg,True
d02edd8b-8212-33d7-1829-154ce458a368,特殊教育,语文,五年级,上册,,聋校义务教育实验教科书 语文 五年级 上册,output\教材封面\d0\d02edd8b-8212-33d7-1829-154ce458a368.jpg,True
b3d43f46-2af6-e6bd-3e89-10132e45d5cd,特殊教育,语文,六年级,上册,,聋校义务教育实验教科书 语文 六年级 上册,output\教材封面\b3\b3d43f46-2af6-e6bd-3e89-10132e45d5cd.jpg,True
f0f2061a-8ace-df77-60b2-cd00e046f814,特殊教育,语文,七年级,上册,,聋校义务教育实验教科书 语文 七年级 上册,output\教材封面\f0\f0f2061a-8ace-df77-60b2-cd00e046f814.jpg,True
6a87d3c8-70c9-27ae-2afa-35d9190552e7,特殊教育,语文,八年级,上册,,聋校义务教育实验教科书 语文 八年级 上册,output\教材封面\6a\6a87d3c8-70c9-27ae-2afa-35d9190552e7.jpg,True
b560c1d6-3503-6702-3e9b-f51449a9b96e,特殊教育,沟通与交往,一年级,上册,,聋校义务教育实验教科书 沟通与交往 一年级 上册,output\教材封面\b5\b560c1d6-3503-6702-3e9b-f51449a9b96e.jpg,True
fcff4250-c68f-d090-ec4f-8f9f74525c64,特殊教育,沟通与交往,二年级,上册,,聋校义务教育实验教科书 沟通与交往 二年级 上册,output\教材封面\fc\fcff4250-c68f-d090-ec4f-8f9f74525c64.jpg,True
6006a26c-e704-2ce9-3284-52ba0a921bf5,特殊教育,沟通与交往,三年级,上册,,聋校义务教育实验教科书 沟通与交往 三年级 上册,output\教材封面\60\6006a26c-e704-2ce9-3284-52ba0a921bf5.jpg,True
a5ea7f27-5178-2fe3-3f47-c259b01d0a59,特殊教育,沟通与交往,四年级,上册,,聋校义务教育实验教科书 沟通与交往 四年级 上册,output\教材封面\a5\a5ea7f27-5178-2fe3-3f47-c259b01d0a59.jpg,True
5dfdb57d-f006-11cb-50d9-89d9755e2a2c,特殊教育,沟通与交往,五年级,上册,,聋校义务教育实验教科书 沟通与交往 五年级 上册,output\教材封面\5d\5dfdb57d-f006-11cb-50d9-89d9755e2a2c.jpg,True
fe17399c-35c7-a5c5-b03a-a261e74a49aa,特殊教育,沟通与交往,六年级,上册,,聋校义务教育实验教科书 沟通与交往 六年级 上册,output\教材封面\fe\fe17399c-35c7-a5c5-b03a-a261e74a49aa.jpg,True
4bde380f-4e46-6d48-9a30-739ad9b5c824,特殊教育,数学,一年级,上册,,聋校义务教育实验教科书 数学 一年级 上册,output\教材封面\4b\4bde380f-4e46-6d48-9a30-739ad9b5c824.jpg,True
6141dcbf-64c9-f46d-f915-7cefe1a19b80,特殊教育,数学,二年级,上册,,聋校义务教育实验教科书 数学 二年级 上册,output\教材封面\61\6141dcbf-64c9-f46d-f915-7cefe1a19b80.jpg,True
ee7497cd-b2e3-dfb6-9e74-9a2637f51544,特殊教育,数学,三年级,上册,,聋校义务教育实验教科书 数学 三年级 上册,output\教材封面\ee\ee7497cd-b2e3-dfb6-9e74-9a2637f51544.jpg,True
6a4d644b-ddb3-16b5-1f35-228841c6e645,特殊教育,数学,四年级,上册,,聋校义务教育实验教科书 数学 四年级 上册,output\教材封面\6a\6a4d644b-ddb3-16b5-1f35-228841c6e645.jpg,True
0281908a-b144-91cf-e043-ebfaf2fc8654,特殊教育,数学,五年级,上册,,聋校义务教育实验教科书 数学 五年级 上册,output\教材封面\02\0281908a-b144-91cf-e043-ebfaf2fc8654.jpg,True
6433f71c-28f7-64ae-f40f-5dcb8c65aa81,特殊教育,数学,六年级,上册,,聋校义务教育实验教科书 数学 六年级 上册,output\教材封面\64\6433f71c-28f7-64ae-f40f-5dcb8c65aa81.jpg,True
543d5202-d3f2-0e68-dc50-da3d63896efd,特殊教育,数学,七年级,上册,,聋校义务教育实验教科书 数学 七年级 上册,output\教材封面\54\543d5202-d3f2-0e68-dc50-da3d63896efd.jpg,True
f3af85fa-75da-bf48-f3c5-39181e0c5342,特殊教育,数学,八年级,上册,,聋校义务教育实验教科书 数学 八年级 上册,output\教材封面\f3\f3af85fa-75da-bf48-f3c5-39181e0c5342.jpg,True
5bc500ae-c521-6d64-10a4-d3f6f4f34fc2,特殊教育,数学,九年级,上册,,聋校义务教育实验教科书 数学 九年级 上册,output\教材封面\5b\5bc500ae-c521-6d64-10a4-d3f6f4f34fc2.jpg,True
ba437c1a-a233-0984-177a-7465d96d97bd,特殊教育,地理,七年级,上册,,聋校义务教育实验教科书 地理 七年级 上册,output\教材封面\ba\ba437c1a-a233-0984-177a-7465d96d97bd.jpg,True
6f4f8a7e-86af-c3bb-30e9-5ec3201510fb,特殊教育,地理,八年级,上册,,聋校义务教育实验教科书 地理 八年级 上册,output\教材封面\6f\6f4f8a7e-86af-c3bb-30e9-5ec3201510fb.jpg,True
fd8ded4f-6195-83bb-2ecf-d1b84eab7dab,特殊教育,物理,八年级,上册,,聋校义务教育实验教科书 物理 八年级 上册,output\教材封面\fd\fd8ded4f-6195-83bb-2ecf-d1b84eab7dab.jpg,True
abfda45e-3b9c-9c3e-f3e4-93be68ef248e,特殊教育,物理,九年级,上册,,聋校义务教育实验教科书 物理 九年级 上册,output\教材封面\ab\abfda45e-3b9c-9c3e-f3e4-93be68ef248e.jpg,True
419779c1-4de3-b122-7f54-670ce25e7549,特殊教育,化学,九年级,上册,,聋校义务教育实验教科书 化学 九年级 上册,output\教材封面\41\419779c1-4de3-b122-7f54-670ce25e7549.jpg,True
563abcc3-eb36-391a-a76e-c3190e653c3d,特殊教育,美术,一年级,上册,,聋校义务教育实验教科书 美术 一年级 上册,output\教材封面\56\563abcc3-eb36-391a-a76e-c3190e653c3d.jpg,True
f220697a-0400-cc88-ba3f-608c96f43f81,特殊教育,美术,二年级,上册,,聋校义务教育实验教科书 美术 二年级 上册,output\教材封面\f2\f220697a-0400-cc88-ba3f-608c96f43f81.jpg,True
a538872f-2fbd-0d78-cf5a-7579c1288d91,特殊教育,美术,三年级,上册,,聋校义务教育实验教科书 美术 三年级 上册,output\教材封面\a5\a538872f-2fbd-0d78-cf5a-7579c1288d91.jpg,True
c6617e67-cc0b-cc6c-189b-6c83e5eda470,特殊教育,美术,四年级,上册,,聋校义务教育实验教科书 美术 四年级 上册,output\教材封面\c6\c6617e67-cc0b-cc6c-189b-6c83e5eda470.jpg,True
fd84f880-3fad-c443-ba1e-5b80013340fb,特殊教育,美术,五年级,上册,,聋校义务教育实验教科书 美术 五年级 上册,output\教材封面\fd\fd84f880-3fad-c443-ba1e-5b80013340fb.jpg,True
abdcb1f1-3037-e343-156b-d7a1b3839259,特殊教育,美术,六年级,上册,,聋校义务教育实验教科书 美术 六年级 上册,output\教材封面\ab\abdcb1f1-3037-e343-156b-d7a1b3839259.jpg,True
cb6bf4d2-4676-0289-5fae-2cf3146085b5,特殊教育,美术,七年级,上册,,聋校义务教育实验教科书 美术 七年级 上册,output\教材封面\cb\cb6bf4d2-4676-0289-5fae-2cf3146085b5.jpg,True
87d27037-279a-ce03-03f3-775638db4f0f,特殊教育,体育与健康,七至九年级,全一册,,聋校义务教育实验教科书 体育与健康 七至九年级 全一册,output\教材封面\87\87d27037-279a-ce03-03f3-775638db4f0f.jpg,True
f09d9a2e-13fb-a082-60a3-b628b8391a99,特殊教育,生活语文,七年级,上册,,培智学校义务教育实验教科书 生活语文 七年级 上册,output\教材封面\f0\f09d9a2e-13fb-a082-60a3-b628b8391a99.jpg,True
c88c4d70-dd76-8255-ea0b-4f43eb90282f,特殊教育,生活语文,八年级,上册,,培智学校义务教育实验教科书 生活语文 八年级 上册,output\教材封面\c8\c88c4d70-dd76-8255-ea0b-4f43eb90282f.jpg,True
6f09f8c3-e89d-22d5-ee4b-0c0dc50fc646,特殊教育,生活语文,一年级,上册,,培智学校义务教育实验教科书 生活语文 一年级 上册,output\教材封面\6f\6f09f8c3-e89d-22d5-ee4b-0c0dc50fc646.jpg,True
19a6e084-4836-f5cf-4432-f1a7158ad75b,特殊教育,生活语文,二年级,上册,,培智学校义务教育实验教科书 生活语文 二年级 上册,output\教材封面\19\19a6e084-4836-f5cf-4432-f1a7158ad75b.jpg,True
c32521e8-3ab1-502f-0c4c-73f2d112f2b4,特殊教育,生活语文,三年级,上册,,培智学校义务教育实验教科书 生活语文 三年级 上册,output\教材封面\c3\c32521e8-3ab1-502f-0c4c-73f2d112f2b4.jpg,True
cc3e2cb4-f1e8-a467-1adf-a1c4d2adcb67,特殊教育,生活语文,四年级,上册,,培智学校义务教育实验教科书 生活语文 四年级 上册,output\教材封面\cc\cc3e2cb4-f1e8-a467-1adf-a1c4d2adcb67.jpg,True
266c5a7d-25e2-5cd7-ab31-5c4ed271de58,特殊教育,生活语文,五年级,上册,,培智学校义务教育实验教科书 生活语文 五年级 上册,output\教材封面\26\266c5a7d-25e2-5cd7-ab31-5c4ed271de58.jpg,True
014a6c2e-7ad2-c615-ef15-a29c2de0210f,特殊教育,生活语文,六年级,上册,,培智学校义务教育实验教科书 生活语文 六年级 上册,output\教材封面\01\014a6c2e-7ad2-c615-ef15-a29c2de0210f.jpg,True
695258e5-1b2e-6462-50ea-2f286b4aefd1,特殊教育,生活数学,七年级,上册,,培智学校义务教育实验教科书 生活数学 七年级 上册,output\教材封面\69\695258e5-1b2e-6462-50ea-2f286b4aefd1.jpg,True
bbcca843-5c49-0fc2-c8b2-1223520d3f92,特殊教育,生活数学,八年级,上册,,培智学校义务教育实验教科书 生活数学 八年级 上册,output\教材封面\bb\bbcca843-5c49-0fc2-c8b2-1223520d3f92.jpg,True
03e062ef-2dea-d96c-f015-9085c6b8cab5,特殊教育,生活数学,一年级,上册,,培智学校义务教育实验教科书 生活数学 一年级 上册,output\教材封面\03\03e062ef-2dea-d96c-f015-9085c6b8cab5.jpg,True
f48dbb4d-ff71-c125-c9ca-ab1a2dda37c4,特殊教育,生活数学,二年级,上册,,培智学校义务教育实验教科书 生活数学 二年级 上册,output\教材封面\f4\f48dbb4d-ff71-c125-c9ca-ab1a2dda37c4.jpg,True
3a0ae0e1-b862-4781-e9b8-1e7907beb2d5,特殊教育,生活数学,三年级,上册,,培智学校义务教育实验教科书 生活数学 三年级 上册,output\教材封面\3a\3a0ae0e1-b862-4781-e9b8-1e7907beb2d5.jpg,True
b4e2feb8-fe83-3d32-bdb1-3857f75b6969,特殊教育,生活数学,四年级,上册,,培智学校义务教育实验教科书 生活数学 四年级 上册,output\教材封面\b4\b4e2feb8-fe83-3d32-bdb1-3857f75b6969.jpg,True
378cbea2-7371-e6a7-71fa-0c6355f490ad,特殊教育,生活数学,五年级,上册,,培智学校义务教育实验教科书 生活数学 五年级 上册,output\教材封面\37\378cbea2-7371-e6a7-71fa-0c6355f490ad.jpg,True
f3290dd7-74ae-9fd2-ca60-1bab4c3b8c72,特殊教育,生活数学,六年级,上册,,培智学校义务教育实验教科书 生活数学 六年级 上册,output\教材封面\f3\f3290dd7-74ae-9fd2-ca60-1bab4c3b8c72.jpg,True
47e5a000-fcf0-d19a-62b2-e5c8bda07b79,特殊教育,生活适应,一年级,上册,,培智学校义务教育实验教科书 生活适应 一年级 上册,output\教材封面\47\47e5a000-fcf0-d19a-62b2-e5c8bda07b79.jpg,True
fbd7876b-7054-6aa2-0372-fd2e652f327c,特殊教育,生活适应,二年级,上册,,培智学校义务教育实验教科书 生活适应 二年级 上册,output\教材封面\fb\fbd7876b-7054-6aa2-0372-fd2e652f327c.jpg,True
c9d6d33f-1f8e-8d82-7afd-5464b840e0bc,特殊教育,生活适应,三年级,上册,,培智学校义务教育实验教科书 生活适应 三年级 上册,output\教材封面\c9\c9d6d33f-1f8e-8d82-7afd-5464b840e0bc.jpg,True
96bcaa87-1b17-3890-c01a-fa6c2363353c,特殊教育,生活适应,四年级,上册,,培智学校义务教育实验教科书 生活适应 四年级 上册,output\教材封面\96\96bcaa87-1b17-3890-c01a-fa6c2363353c.jpg,True
e61525e9-e1c2-e7c6-9ac2-8bba5ff2bd45,特殊教育,生活适应,五年级,上册,,培智学校义务教育实验教科书 生活适应 五年级 上册,output\教材封面\e6\e61525e9-e1c2-e7c6-9ac2-8bba5ff2bd45.jpg,True
7be864ca-67b1-3ec9-64a5-1a16595706b9,特殊教育,生活适应,六年级,上册,,培智学校义务教育实验教科书 生活适应 六年级 上册,output\教材封面\7b\7be864ca-67b1-3ec9-64a5-1a16595706b9.jpg,True
1b2b959e-7a42-71c0-48f9-99b0d425d5a5,特殊教育,生活适应,七年级,上册,,培智学校义务教育实验教科书 生活适应 七年级 上册,output\教材封面\1b\1b2b959e-7a42-71c0-48f9-99b0d425d5a5.jpg,True
2ee3d96e-1329-e491-88b0-88829a829a03,特殊教育,生活适应,八年级,上册,,培智学校义务教育实验教科书 生活适应 八年级 上册,output\教材封面\2e\2ee3d96e-1329-e491-88b0-88829a829a03.jpg,True
39f25762-48e1-e0c4-9fe6-99c0d653b6da,特殊教育,信息技术,,第一册,,培智学校义务教育实验教科书 信息技术 第一册,output\教材封面\39\39f25762-48e1-e0c4-9fe6-99c0d653b6da.jpg,True
9133ee29-9586-7c46-7c69-e6a7144c1f7c,特殊教育,信息技术,,第二册,,培智学校义务教育实验教科书 信息技术 第二册,output\教材封面\91\9133ee29-9586-7c46-7c69-e6a7144c1f7c.jpg,True
7b2395da-e0d9-e37f-435c-38ad205c219f,特殊教育,信息技术,,第三册,,培智学校义务教育实验教科书 信息技术 第三册,output\教材封面\7b\7b2395da-e0d9-e37f-435c-38ad205c219f.jpg,True
60eedd33-f813-3876-e2f1-2e25b7250aea,特殊教育,信息技术,,第四册,,培智学校义务教育实验教科书 信息技术 第四册,output\教材封面\60\60eedd33-f813-3876-e2f1-2e25b7250aea.jpg,True
47b5a5dc-e48c-c13e-f27c-34859913b2b9,特殊教育,信息技术,,第五册,,培智学校义务教育实验教科书 信息技术 第五册,output\教材封面\47\47b5a5dc-e48c-c13e-f27c-34859913b2b9.jpg,True
973e2df2-d73b-8a08-d0d1-00849a1edcf3,特殊教育,信息技术,,第六册,,培智学校义务教育实验教科书 信息技术 第六册,output\教材封面\97\973e2df2-d73b-8a08-d0d1-00849a1edcf3.jpg,True
116b3483-d548-b56f-dd8f-761c866aa6fa,,,,,,义务教育教科书•体育与健康教师用书 中华传统体育类运动（全一册）,output\教材封面\11\116b3483-d548-b56f-dd8f-761c866aa6fa.jpg,True
de10d70a-4c0f-9bd9-5030-14bbe5016107,,,,,,义务教育教科书•体育与健康教师用书 乒乓球运动（全一册）,output\教材封面\de\de10d70a-4c0f-9bd9-5030-14bbe5016107.jpg,True
a248abce-7a29-2428-3da4-a2efbdc2a5b0,,,,,,义务教育教科书•体育与健康教师用书 体操类运动（全一册）,output\教材封面\a2\a248abce-7a29-2428-3da4-a2efbdc2a5b0.jpg,True
feb9049f-364c-bf73-2d57-26aa5c075d99,,,,,,义务教育教科书•体育与健康教师用书 体能（全一册）,output\教材封面\fe\feb9049f-364c-bf73-2d57-26aa5c075d99.jpg,True
1a15d8b4-6603-b965-dada-7b286900e464,,,,,,义务教育教科书•体育与健康教师用书 冰雪类运动（全一册）,output\教材封面\1a\1a15d8b4-6603-b965-dada-7b286900e464.jpg,True
a0ff89d9-70f5-c1a2-0acf-ffdf7a106751,,,,,,义务教育教科书•体育与健康教师用书 基本运动技能（全一册）,output\教材封面\a0\a0ff89d9-70f5-c1a2-0acf-ffdf7a106751.jpg,True
fb3f0eff-4133-851c-8e7d-a053acb0986d,,,,,,义务教育教科书•体育与健康教师用书 排球运动（全一册）,output\教材封面\fb\fb3f0eff-4133-851c-8e7d-a053acb0986d.jpg,True
803e38bd-2aed-07d2-a5de-5770e3a572ae,,,,,,义务教育教科书•体育与健康教师用书 新兴体育类运动（全一册）,output\教材封面\80\803e38bd-2aed-07d2-a5de-5770e3a572ae.jpg,True
1fe1c4e7-c6c1-b5de-702e-2ceb3d622273,,,,,,义务教育教科书•体育与健康教师用书 游泳运动（全一册）,output\教材封面\1f\1fe1c4e7-c6c1-b5de-702e-2ceb3d622273.jpg,True
d8d41854-7db2-db19-8931-a5d63b24c989,,,,,,义务教育教科书•体育与健康教师用书 田径类运动（全一册）,output\教材封面\d8\d8d41854-7db2-db19-8931-a5d63b24c989.jpg,True
a712c37d-1909-b4fa-51f6-042184dc0ae1,,,,,,义务教育教科书•体育与健康教师用书 篮球运动（全一册）,output\教材封面\a7\a712c37d-1909-b4fa-51f6-042184dc0ae1.jpg,True
31c0194e-3a38-19da-d6d1-856c4c14647d,,,,,,义务教育教科书•体育与健康教师用书 羽毛球运动（全一册）,output\教材封面\31\31c0194e-3a38-19da-d6d1-856c4c14647d.jpg,True
4b7a01db-0c5d-b858-14ea-9f6ac6230237,,,,,,义务教育教科书•体育与健康教师用书 足球运动（全一册）,output\教材封面\4b\4b7a01db-0c5d-b858-14ea-9f6ac6230237.jpg,True
f06ff8a0-9df3-2119-be86-5becd16eb120,,,,,,义务教育教科书•体育与健康教师用书 中华传统体育类运动（全一册）,output\教材封面\f0\f06ff8a0-9df3-2119-be86-5becd16eb120.jpg,True
d7bcd8b0-0770-b14a-ea21-f523601a9f97,,,,,,义务教育教科书•体育与健康教师用书 乒乓球运动（全一册）,output\教材封面\d7\d7bcd8b0-0770-b14a-ea21-f523601a9f97.jpg,True
73b2d9a9-8048-a0b9-8b94-a4344010d60c,,,,,,义务教育教科书•体育与健康教师用书 体操类运动（全一册）,output\教材封面\73\73b2d9a9-8048-a0b9-8b94-a4344010d60c.jpg,True
1c9421e0-0ec8-b2bc-30c2-c940ca8646ba,,,,,,义务教育教科书•体育与健康教师用书 体能（全一册）,output\教材封面\1c\1c9421e0-0ec8-b2bc-30c2-c940ca8646ba.jpg,True
df8aa5c5-1b81-33b9-2f79-048825672ffd,,,,,,义务教育教科书•体育与健康教师用书 冰雪类运动（全一册）,output\教材封面\df\df8aa5c5-1b81-33b9-2f79-048825672ffd.jpg,True
ead82257-f983-41f6-6cb1-90c9bb5945fe,,,,,,义务教育教科书•体育与健康教师用书 基本运动技能（全一册）,output\教材封面\ea\ead82257-f983-41f6-6cb1-90c9bb5945fe.jpg,True
41f3aaf6-2f80-020b-ed9c-b7e480dbf433,,,,,,义务教育教科书•体育与健康教师用书 排球运动（全一册）,output\教材封面\41\41f3aaf6-2f80-020b-ed9c-b7e480dbf433.jpg,True
e421b6d9-be54-446c-40b1-d8491ec23117,,,,,,义务教育教科书•体育与健康教师用书 新兴体育类运动（全一册）,output\教材封面\e4\e421b6d9-be54-446c-40b1-d8491ec23117.jpg,True
42b05ffb-7419-6544-8c0a-a162ae8cdb47,,,,,,义务教育教科书•体育与健康教师用书 游泳运动（全一册）,output\教材封面\42\42b05ffb-7419-6544-8c0a-a162ae8cdb47.jpg,True
e532b7c9-7ab7-3fe6-54d1-c5b1146911c4,,,,,,义务教育教科书•体育与健康教师用书 田径类运动（全一册）,output\教材封面\e5\e532b7c9-7ab7-3fe6-54d1-c5b1146911c4.jpg,True
8c26a1a6-d4fd-8ace-d534-277741ebffdb,,,,,,义务教育教科书•体育与健康教师用书 篮球运动（全一册）,output\教材封面\8c\8c26a1a6-d4fd-8ace-d534-277741ebffdb.jpg,True
d92aa1c6-3f03-d8da-55b3-cfb435015633,,,,,,义务教育教科书•体育与健康教师用书 羽毛球运动（全一册）,output\教材封面\d9\d92aa1c6-3f03-d8da-55b3-cfb435015633.jpg,True
85cfcb62-288a-b988-46c5-3869ba70f5fb,,,,,,义务教育教科书•体育与健康教师用书 足球运动（全一册）,output\教材封面\85\85cfcb62-288a-b988-46c5-3869ba70f5fb.jpg,True
23947678-94d1-e988-8af1-f7d68b6963ee,,,,,,义务教育教科书•体育与健康教师用书 体能（全一册）,output\教材封面\23\23947678-94d1-e988-8af1-f7d68b6963ee.jpg,True
00df8e81-7e55-3ffe-d1a1-331efceae396,,,,,,义务教育教科书•体育与健康教师用书 健美操•技巧•啦啦操（全一册）,output\教材封面\00\00df8e81-7e55-3ffe-d1a1-331efceae396.jpg,True
3268dd37-bf30-e01e-54a1-a7ae8800328f,,,,,,义务教育教科书•体育与健康教师用书 剑术•短棍（全一册）,output\教材封面\32\3268dd37-bf30-e01e-54a1-a7ae8800328f.jpg,True
7551fcca-1345-2dd3-bfc1-d508693d89e7,,,,,,义务教育教科书•体育与健康教师用书 基本运动技能（全一册）,output\教材封面\75\7551fcca-1345-2dd3-bfc1-d508693d89e7.jpg,True
c0135dae-39e9-d727-5400-b854b652fd40,,,,,,义务教育教科书•体育与健康教师用书 游泳•速度滑冰（全一册）,output\教材封面\c0\c0135dae-39e9-d727-5400-b854b652fd40.jpg,True
f2758c9e-64af-2508-ed34-f1761e915b91,,,,,,义务教育教科书•体育与健康教师用书 田径类运动（全一册）,output\教材封面\f2\f2758c9e-64af-2508-ed34-f1761e915b91.jpg,True
41fcdda7-681a-ba93-d68a-1af78bfda881,,,,,,义务教育教科书•体育与健康教师用书 篮球•乒乓球•羽毛球（全一册）,output\教材封面\41\41fcdda7-681a-ba93-d68a-1af78bfda881.jpg,True
ed45b116-02a8-0c44-a52f-8d70e9cb3fcb,,,,,,义务教育教科书•体育与健康教师用书 花样跳绳•轮滑（全一册）,output\教材封面\ed\ed45b116-02a8-0c44-a52f-8d70e9cb3fcb.jpg,True
58d9f79d-d38f-7f5f-2357-b2569b1991d9,,,,,,义务教育教科书•体育与健康教师用书 足球•排球（全一册）,output\教材封面\58\58d9f79d-d38f-7f5f-2357-b2569b1991d9.jpg,True
37a62e82-8cf0-292a-a518-353c0e9b2109,,,,,,义务教育教科书•体育与健康教师用书 长拳•毽球（全一册）,output\教材封面\37\37a62e82-8cf0-292a-a518-353c0e9b2109.jpg,True
865e4b1b-45ac-18c7-7570-4aa2d18e7a79,,,,,,义务教育教科书•体育与健康教师用书 体能（全一册）,output\教材封面\86\865e4b1b-45ac-18c7-7570-4aa2d18e7a79.jpg,True
fe4ed4a8-859e-3ab0-62e0-d112fc7a3529,,,,,,义务教育教科书•体育与健康教师用书 健美操•技巧•啦啦操（全一册）,output\教材封面\fe\fe4ed4a8-859e-3ab0-62e0-d112fc7a3529.jpg,True
904dda3a-2b96-ae52-eea0-64437502aa70,,,,,,义务教育教科书•体育与健康教师用书 剑术•短棍（全一册）,output\教材封面\90\904dda3a-2b96-ae52-eea0-64437502aa70.jpg,True
5b07b143-3dab-ae7e-190b-847b230f06a2,,,,,,义务教育教科书•体育与健康教师用书 基本运动技能（全一册）,output\教材封面\5b\5b07b143-3dab-ae7e-190b-847b230f06a2.jpg,True
cf22eff8-97d9-03bb-e3a3-a0067ac7329c,,,,,,义务教育教科书•体育与健康教师用书 游泳•速度滑冰（全一册）,output\教材封面\cf\cf22eff8-97d9-03bb-e3a3-a0067ac7329c.jpg,True
fdf4e1f5-396e-58db-5111-a99088afd915,,,,,,义务教育教科书•体育与健康教师用书 田径类运动（全一册）,output\教材封面\fd\fdf4e1f5-396e-58db-5111-a99088afd915.jpg,True
b8097f07-7199-7248-586a-d6ef58720a08,,,,,,义务教育教科书•体育与健康教师用书 篮球•乒乓球•羽毛球（全一册）,output\教材封面\b8\b8097f07-7199-7248-586a-d6ef58720a08.jpg,True
6597c0cb-b52c-7259-f46c-8c91970c72e7,,,,,,义务教育教科书•体育与健康教师用书 花样跳绳•轮滑（全一册）,output\教材封面\65\6597c0cb-b52c-7259-f46c-8c91970c72e7.jpg,True
50d5c82b-66d0-6683-45a3-6132981a4612,,,,,,义务教育教科书•体育与健康教师用书 足球•排球（全一册）,output\教材封面\50\50d5c82b-66d0-6683-45a3-6132981a4612.jpg,True
7d641cfe-6f4f-f884-ebb7-c917da1e82a7,,,,,,义务教育教科书•体育与健康教师用书 长拳•毽球（全一册）,output\教材封面\7d\7d641cfe-6f4f-f884-ebb7-c917da1e82a7.jpg,True
64ddeaff-657a-4662-808b-b9ef2707c899,小学,英语,三年级,上册,人教版（精通）（主编：苗兴伟）,（根据2022年版课程标准修订）义务教育教科书 英语 三年级 上册,output\教材封面\64\64ddeaff-657a-4662-808b-b9ef2707c899.jpg,True
0ff655ac-5fdf-769d-71ac-ebd4ac1b2dd9,小学,英语,三年级,上册,外研社版(主编：张祖春）,（根据2022年版课程标准修订）义务教育教科书 英语 三年级上册,output\教材封面\0f\0ff655ac-5fdf-769d-71ac-ebd4ac1b2dd9.jpg,True
003ad68d-f596-a2a6-9325-a740c32f30c4,,,,,,义务教育教科书•体育与健康 一年级（全一册）,output\教材封面\00\003ad68d-f596-a2a6-9325-a740c32f30c4.jpg,True
b585b8d4-b61b-dbe2-4eb0-8fcb5c86e9f8,,,,,,（根据2022年版课程标准修订）义务教育教科书•体育与健康教师用书  基本运动技能（全一册）,output\教材封面\b5\b585b8d4-b61b-dbe2-4eb0-8fcb5c86e9f8.jpg,True
40369c8e-f267-a087-3fe0-a411b88b26cf,,,,,,（根据2022年版课程标准修订）义务教育教科书•体育与健康教师用书  体能（全一册）,output\教材封面\40\40369c8e-f267-a087-3fe0-a411b88b26cf.jpg,True
7361d511-13f1-83cd-11d7-2724a5d24585,,,,,,（根据2022年版课程标准修订）义务教育教科书•体育与健康教师用书  足球（全一册）,output\教材封面\73\7361d511-13f1-83cd-11d7-2724a5d24585.jpg,True
91b66dd5-960e-65fe-9a3e-53f8ba24d1c0,,,,,,（根据2022年版课程标准修订）义务教育教科书•体育与健康教师用书  篮球（全一册）,output\教材封面\91\91b66dd5-960e-65fe-9a3e-53f8ba24d1c0.jpg,True
02d2315c-4d75-4f88-3c7e-12242a02b847,,,,,,（根据2022年版课程标准修订）义务教育教科书•体育与健康教师用书  排球（全一册）,output\教材封面\02\02d2315c-4d75-4f88-3c7e-12242a02b847.jpg,True
6d463250-238d-021a-3013-96874f6337b9,,,,,,（根据2022年版课程标准修订）义务教育教科书•体育与健康教师用书  羽毛球（全一册）,output\教材封面\6d\6d463250-238d-021a-3013-96874f6337b9.jpg,True
f627a8af-fc70-5d5d-de78-fa0381748902,,,,,,（根据2022年版课程标准修订）义务教育教科书•体育与健康教师用书  乒乓球（全一册）,output\教材封面\f6\f627a8af-fc70-5d5d-de78-fa0381748902.jpg,True
e2216afa-aabc-8238-81ab-5d6741bf1148,,,,,,（根据2022年版课程标准修订）义务教育教科书•体育与健康教师用书  田径类运动（全一册）,output\教材封面\e2\e2216afa-aabc-8238-81ab-5d6741bf1148.jpg,True
f385279c-e3f4-119d-0630-c58a53037fb1,,,,,,（根据2022年版课程标准修订）义务教育教科书•体育与健康教师用书  体操类运动（全一册）,output\教材封面\f3\f385279c-e3f4-119d-0630-c58a53037fb1.jpg,True
90f773f7-69ba-a489-8b72-4a23bc4e9fae,,,,,,（根据2022年版课程标准修订）义务教育教科书•体育与健康教师用书  游泳（全一册）,output\教材封面\90\90f773f7-69ba-a489-8b72-4a23bc4e9fae.jpg,True
3a2166ca-2d17-4369-29b8-6558816441a1,,,,,,（根据2022年版课程标准修订）义务教育教科书•体育与健康教师用书  中华传统体育类运动（全一册）,output\教材封面\3a\3a2166ca-2d17-4369-29b8-6558816441a1.jpg,True
ef8f4029-d534-6b13-eaad-f6958b72e992,,,,,,（根据2022年版课程标准修订）义务教育教科书•体育与健康教师用书  新兴体育类运动（全一册）,output\教材封面\ef\ef8f4029-d534-6b13-eaad-f6958b72e992.jpg,True
9f78ee16-bc43-0ad7-e3f0-e8399bbfcd04,,,,,,（根据2022年版课程标准修订）义务教育教科书•体育与健康教师用书  基本运动技能（全一册）,output\教材封面\9f\9f78ee16-bc43-0ad7-e3f0-e8399bbfcd04.jpg,True
1c5655ed-1156-c149-f771-f8010daf9ca6,,,,,,（根据2022年版课程标准修订）义务教育教科书•体育与健康教师用书  体能（全一册）,output\教材封面\1c\1c5655ed-1156-c149-f771-f8010daf9ca6.jpg,True
b033387d-c2c5-472c-a3a9-677571ea900d,,,,,,（根据2022年版课程标准修订）义务教育教科书•体育与健康教师用书  足球（全一册）,output\教材封面\b0\b033387d-c2c5-472c-a3a9-677571ea900d.jpg,True
ad7605be-5839-59f6-91c8-567a419113be,,,,,,（根据2022年版课程标准修订）义务教育教科书•体育与健康教师用书  篮球（全一册）,output\教材封面\ad\ad7605be-5839-59f6-91c8-567a419113be.jpg,True
ee38924a-5b95-673b-ad1d-4f27aa822592,,,,,,（根据2022年版课程标准修订）义务教育教科书•体育与健康教师用书  排球（全一册）,output\教材封面\ee\ee38924a-5b95-673b-ad1d-4f27aa822592.jpg,True
6706d632-6ca6-68fc-b2f1-fdffc97048c8,,,,,,（根据2022年版课程标准修订）义务教育教科书•体育与健康教师用书  羽毛球（全一册）,output\教材封面\67\6706d632-6ca6-68fc-b2f1-fdffc97048c8.jpg,True
d69c6604-f24a-2ea8-f6e4-8bd72800373b,,,,,,（根据2022年版课程标准修订）义务教育教科书•体育与健康教师用书  乒乓球（全一册）,output\教材封面\d6\d69c6604-f24a-2ea8-f6e4-8bd72800373b.jpg,True
a93f846c-e5d7-2db4-1007-1a247bbf6d19,,,,,,（根据2022年版课程标准修订）义务教育教科书•体育与健康教师用书  田径类运动（全一册）,output\教材封面\a9\a93f846c-e5d7-2db4-1007-1a247bbf6d19.jpg,True
d304a52b-84f0-25d8-cdc5-7ee4c81821e5,,,,,,（根据2022年版课程标准修订）义务教育教科书•体育与健康教师用书  体操类运动（全一册）,output\教材封面\d3\d304a52b-84f0-25d8-cdc5-7ee4c81821e5.jpg,True
9d062dca-89ed-57a5-6e33-e414e03e1468,,,,,,（根据2022年版课程标准修订）义务教育教科书•体育与健康教师用书  游泳（全一册）,output\教材封面\9d\9d062dca-89ed-57a5-6e33-e414e03e1468.jpg,True
a9b94ee2-2499-e7e3-f19f-a9755e6b3edd,,,,,,（根据2022年版课程标准修订）义务教育教科书•体育与健康教师用书  中华传统体育类运动（全一册）,output\教材封面\a9\a9b94ee2-2499-e7e3-f19f-a9755e6b3edd.jpg,True
f510bc2a-0382-418b-dc6c-475520a8e9fc,,,,,,（根据2022年版课程标准修订）义务教育教科书•体育与健康教师用书  新兴体育类运动（全一册）,output\教材封面\f5\f510bc2a-0382-418b-dc6c-475520a8e9fc.jpg,True
17e474cc-a682-9ca9-d9d0-3bdad839b09a,高中,西班牙语,高一年级,必修Ⅳ 第一册,外研社版,（根据2022年版课程标准修订）普通中学教科书·西班牙语 必修IV第一册,output\教材封面\17\17e474cc-a682-9ca9-d9d0-3bdad839b09a.jpg,True
4b32c515-febf-3ec6-f173-bfb0609cb5a1,高中,西班牙语,高一年级,必修Ⅳ 第二册,外研社版,普通中学教科书·西班牙语 必修IV第二册,output\教材封面\4b\4b32c515-febf-3ec6-f173-bfb0609cb5a1.jpg,True
e1f11b00-f030-5a36-2ddb-a7f146c9088a,高中,西班牙语,高一年级,必修Ⅳ 第三册,外研社版,（根据2022年版课程标准修订）普通中学教科书·西班牙语 必修IV第三册,output\教材封面\e1\e1f11b00-f030-5a36-2ddb-a7f146c9088a.jpg,True
d1fb1fc7-ee3e-a063-2cc4-599844ca1d5d,初中,西班牙语,七年级,必修Ⅰ（上册）,外研社版,（根据2022年版课程标准修订）普通中学教科书·西班牙语 必修I上册,output\教材封面\d1\d1fb1fc7-ee3e-a063-2cc4-599844ca1d5d.jpg,True
aabbea3e-d7a1-6cc0-df50-cb7ccc3e22a7,初中,西班牙语,七年级,必修Ⅰ（下册）,外研社版,（根据2022年版课程标准修订）普通中学教科书·西班牙语 必修I下册,output\教材封面\aa\aabbea3e-d7a1-6cc0-df50-cb7ccc3e22a7.jpg,True
7e863511-dfec-9278-3cf0-713efe11eec4,初中,法语,七年级,法语起步（上册）,外研社版,（根据2022年版课程标准修订）普通中学教科书·法语 必修起步上册,output\教材封面\7e\7e863511-dfec-9278-3cf0-713efe11eec4.jpg,True
9f40c97e-7ae0-0af4-d913-fb9caeacc2ce,初中,法语,七年级,法语起步（下册）,外研社版,普通中学教科书·法语 必修起步下册,output\教材封面\9f\9f40c97e-7ae0-0af4-d913-fb9caeacc2ce.jpg,True
8f07191f-d153-56b3-cd68-fa9a5804c9ba,高中,法语,高一年级,法语III（上册）,外研社版,（根据2022年版课程标准修订）普通中学教科书·法语 必修III上册,output\教材封面\8f\8f07191f-d153-56b3-cd68-fa9a5804c9ba.jpg,True
b2463a54-97b8-dfe4-91ca-986d10303eab,高中,法语,高一年级,法语III（下册）,外研社版,（根据2022年版课程标准修订）普通中学教科书·法语 必修III下册,output\教材封面\b2\b2463a54-97b8-dfe4-91ca-986d10303eab.jpg,True
c34faed1-4deb-053a-1cd1-6d569471969b,初中,德语,七年级,C1,外研社版,（根据2022年版课程标准修订）普通中学教科书·德语 必修 C1,output\教材封面\c3\c34faed1-4deb-053a-1cd1-6d569471969b.jpg,True
12bac515-c77e-4d86-7c2d-90f039eb4018,初中,德语,七年级,C2,外研社版,（根据2022年版课程标准修订）普通中学教科书·德语 必修 C2,output\教材封面\12\12bac515-c77e-4d86-7c2d-90f039eb4018.jpg,True
3977102d-b9e5-ec20-aeb6-e806ad5fa6f2,高中,德语,高一年级,G1,外研社版,普通中学教科书·德语 必修 G1,output\教材封面\39\3977102d-b9e5-ec20-aeb6-e806ad5fa6f2.jpg,True
f0776cc1-a7c4-eb3e-ddeb-48a2b0b7624c,高中,德语,高一年级,G2,外研社版,（根据2022年版课程标准修订）普通中学教科书·德语 必修 G2,output\教材封面\f0\f0776cc1-a7c4-eb3e-ddeb-48a2b0b7624c.jpg,True
8b054c65-f7a3-90a5-d246-9f9f0c4743ac,初中,物理,八年级,下册,教科版,（根据2022年版课程标准修订）义务教育教科书·物理八年级下册,output\教材封面\8b\8b054c65-f7a3-90a5-d246-9f9f0c4743ac.jpg,True
34d65287-2672-d365-e99a-95cbf487de5a,初中,物理,九年级,下册,教科版,（根据2022年版课程标准修订）义务教育教科书·物理九年级下册,output\教材封面\34\34d65287-2672-d365-e99a-95cbf487de5a.jpg,True
b0be47bc-e545-c754-fb69-7d1bbb916996,高中,物理,高中年级,选择性必修 第二册,教科版,普通高中教科书·物理选择性必修 第二册,output\教材封面\b0\b0be47bc-e545-c754-fb69-7d1bbb916996.jpg,True
0c70ed75-dbf3-48d3-9aef-b1dd40dc3151,高中,物理,高中年级,选择性必修 第三册,教科版,普通高中教科书·物理选择性必修 第三册,output\教材封面\0c\0c70ed75-dbf3-48d3-9aef-b1dd40dc3151.jpg,True
7743387b-2644-4661-3469-bbd667e889a3,,,,,,（根据2022年版课程标准修订）义务教育教科书•体育与健康 一年级（全一册）,output\教材封面\77\7743387b-2644-4661-3469-bbd667e889a3.jpg,True
0f8fef61-5d68-a84b-449e-c7275287e9b0,,,,,,（根据2022年版课程标准修订）义务教育教科书• 体育与健康教师用书 中华传统体育类运动（全一册）,output\教材封面\0f\0f8fef61-5d68-a84b-449e-c7275287e9b0.jpg,True
0dc3d544-f490-62e4-b0d3-43d495fe5b14,,,,,,（根据2022年版课程标准修订）义务教育教科书• 体育与健康教师用书 乒乓球运动（全一册）,output\教材封面\0d\0dc3d544-f490-62e4-b0d3-43d495fe5b14.jpg,True
dcbc132a-b0e6-2fd2-e664-a2ef78442041,,,,,,（根据2022年版课程标准修订）义务教育教科书• 体育与健康教师用书 体操类运动（全一册）,output\教材封面\dc\dcbc132a-b0e6-2fd2-e664-a2ef78442041.jpg,True
a63aadac-95e8-793d-c608-317a9118d4f6,,,,,,（根据2022年版课程标准修订）义务教育教科书• 体育与健康教师用书 体能（全一册）,output\教材封面\a6\a63aadac-95e8-793d-c608-317a9118d4f6.jpg,True
f35d7ee3-aa75-64e5-2f8b-df479baba566,,,,,,（根据2022年版课程标准修订）义务教育教科书• 体育与健康教师用书 冰雪类运动（全一册）,output\教材封面\f3\f35d7ee3-aa75-64e5-2f8b-df479baba566.jpg,True
bbd2e64a-2cde-13bc-4689-e2776b1c72f6,,,,,,（根据2022年版课程标准修订）义务教育教科书• 体育与健康教师用书 基本运动技能（全一册）,output\教材封面\bb\bbd2e64a-2cde-13bc-4689-e2776b1c72f6.jpg,True
300ea8fe-3970-0ad3-f1b3-878bc1d11c5e,,,,,,（根据2022年版课程标准修订）义务教育教科书• 体育与健康教师用书 排球运动（全一册）,output\教材封面\30\300ea8fe-3970-0ad3-f1b3-878bc1d11c5e.jpg,True
63baeba5-bc80-93ca-b32b-bdcff2279ddf,,,,,,（根据2022年版课程标准修订）义务教育教科书• 体育与健康教师用书 新兴体育类运动（全一册）,output\教材封面\63\63baeba5-bc80-93ca-b32b-bdcff2279ddf.jpg,True
e33602c0-3723-2ecd-45a3-472d902c5fba,,,,,,（根据2022年版课程标准修订）义务教育教科书• 体育与健康教师用书 游泳运动（全一册）,output\教材封面\e3\e33602c0-3723-2ecd-45a3-472d902c5fba.jpg,True
c41ac312-285b-02cc-cd41-226aa35ca04c,,,,,,（根据2022年版课程标准修订）义务教育教科书• 体育与健康教师用书 田径类运动（全一册）,output\教材封面\c4\c41ac312-285b-02cc-cd41-226aa35ca04c.jpg,True
649b370e-189d-7cc2-5f5c-eceb05ed2613,,,,,,（根据2022年版课程标准修订）义务教育教科书• 体育与健康教师用书 篮球运动（全一册）,output\教材封面\64\649b370e-189d-7cc2-5f5c-eceb05ed2613.jpg,True
e541ae7f-9b85-e336-8a7d-574bbd04d9b7,,,,,,（根据2022年版课程标准修订）义务教育教科书• 体育与健康教师用书 羽毛球运动（全一册）,output\教材封面\e5\e541ae7f-9b85-e336-8a7d-574bbd04d9b7.jpg,True
521ac1c1-893d-db27-8f86-af41501fbd84,,,,,,（根据2022年版课程标准修订）义务教育教科书• 体育与健康教师用书 足球运动（全一册）,output\教材封面\52\521ac1c1-893d-db27-8f86-af41501fbd84.jpg,True
7e1a187c-67ba-cbb4-0768-be00ed8e6030,,,,,,（根据2022年版课程标准修订）义务教育教科书•体育与健康 七年级（全一册）,output\教材封面\7e\7e1a187c-67ba-cbb4-0768-be00ed8e6030.jpg,True
462e38a0-50c9-53f6-ecb9-d9d50973104b,,,,,,（根据2022年版课程标准修订）义务教育教科书• 体育与健康教师用书 中华传统体育类运动（全一册）,output\教材封面\46\462e38a0-50c9-53f6-ecb9-d9d50973104b.jpg,True
303ee93d-f435-8d72-34af-f01f4e83f55e,,,,,,（根据2022年版课程标准修订）义务教育教科书• 体育与健康教师用书 乒乓球运动（全一册）,output\教材封面\30\303ee93d-f435-8d72-34af-f01f4e83f55e.jpg,True
e7bf0e18-2e41-408a-0216-7ef6b51f0910,,,,,,（根据2022年版课程标准修订）义务教育教科书• 体育与健康教师用书 体操类运动（全一册）,output\教材封面\e7\e7bf0e18-2e41-408a-0216-7ef6b51f0910.jpg,True
34c42761-ffec-c304-5e24-441441455e17,,,,,,（根据2022年版课程标准修订）义务教育教科书• 体育与健康教师用书 体能（全一册）,output\教材封面\34\34c42761-ffec-c304-5e24-441441455e17.jpg,True
200925a9-9617-ef38-0342-18f8cd2ef20b,,,,,,（根据2022年版课程标准修订）义务教育教科书• 体育与健康教师用书 冰雪类运动（全一册）,output\教材封面\20\200925a9-9617-ef38-0342-18f8cd2ef20b.jpg,True
1fbcecb6-df0e-dee3-03a5-9a9f3c927cd8,,,,,,（根据2022年版课程标准修订）义务教育教科书• 体育与健康教师用书 基本运动技能（全一册）,output\教材封面\1f\1fbcecb6-df0e-dee3-03a5-9a9f3c927cd8.jpg,True
e94834c1-5c87-14bd-f573-b30b4e460a6d,,,,,,（根据2022年版课程标准修订）义务教育教科书• 体育与健康教师用书 排球运动（全一册）,output\教材封面\e9\e94834c1-5c87-14bd-f573-b30b4e460a6d.jpg,True
3989ca22-7434-18e7-c777-45fe40430583,,,,,,（根据2022年版课程标准修订）义务教育教科书• 体育与健康教师用书 新兴体育类运动（全一册）,output\教材封面\39\3989ca22-7434-18e7-c777-45fe40430583.jpg,True
b1d0049d-6407-5382-11f3-fa5f9f3be44c,,,,,,（根据2022年版课程标准修订）义务教育教科书• 体育与健康教师用书 游泳运动（全一册）,output\教材封面\b1\b1d0049d-6407-5382-11f3-fa5f9f3be44c.jpg,True
6d9ff748-795b-f7ab-8657-38ad02b90c2f,,,,,,（根据2022年版课程标准修订）义务教育教科书• 体育与健康教师用书 田径类运动（全一册）,output\教材封面\6d\6d9ff748-795b-f7ab-8657-38ad02b90c2f.jpg,True
cb68c9fe-2bac-5723-f163-4624dc4abf6f,,,,,,（根据2022年版课程标准修订）义务教育教科书• 体育与健康教师用书 篮球运动（全一册）,output\教材封面\cb\cb68c9fe-2bac-5723-f163-4624dc4abf6f.jpg,True
fa4bf04f-7d31-d55e-cff8-0d78f635a5ad,,,,,,（根据2022年版课程标准修订）义务教育教科书• 体育与健康教师用书 羽毛球运动（全一册）,output\教材封面\fa\fa4bf04f-7d31-d55e-cff8-0d78f635a5ad.jpg,True
5a28f138-1ff8-d469-e0f1-cac58f3bd425,,,,,,（根据2022年版课程标准修订）义务教育教科书• 体育与健康教师用书 足球运动（全一册）,output\教材封面\5a\5a28f138-1ff8-d469-e0f1-cac58f3bd425.jpg,True
b2dcf3a9-bb46-4da9-8ede-435bac7fc176,小学,体育与健康,一年级,全一册,华中师大版,（根据2022年版课程标准修订）义务教育教科书• 体育与健康 一年级（全一册）,output\教材封面\b2\b2dcf3a9-bb46-4da9-8ede-435bac7fc176.jpg,True
d857ff69-4baa-c3d8-dd4d-4e5931943f28,高中,通用技术,高中年级,,人教版,普通高中教科书·通用技术选择性必修5 服装及其设计,output\教材封面\d8\d857ff69-4baa-c3d8-dd4d-4e5931943f28.jpg,True
f9baa0b7-785d-f075-7a42-d8baed28018a,特殊教育,道德与法治,一年级,下册,,聋校义务教育实验教科书 道德与法治 一年级 下册,output\教材封面\f9\f9baa0b7-785d-f075-7a42-d8baed28018a.jpg,True
525597ba-faef-a887-22d7-24525c2e6b81,特殊教育,道德与法治,二年级,下册,,聋校义务教育实验教科书 道德与法治 二年级 下册,output\教材封面\52\525597ba-faef-a887-22d7-24525c2e6b81.jpg,True
91275d85-6bab-87bb-c791-ecd58255a1a4,特殊教育,道德与法治,三年级,下册,,聋校义务教育实验教科书 道德与法治 三年级 下册,output\教材封面\91\91275d85-6bab-87bb-c791-ecd58255a1a4.jpg,True
2228f53b-6437-74db-9f81-7fdb886ceeda,特殊教育,道德与法治,四年级,下册,,聋校义务教育实验教科书 道德与法治 四年级 下册,output\教材封面\22\2228f53b-6437-74db-9f81-7fdb886ceeda.jpg,True
3d7c1497-30a5-4411-5a6a-7f4ccced660d,特殊教育,道德与法治,五年级,下册,,聋校义务教育实验教科书 道德与法治 五年级 下册,output\教材封面\3d\3d7c1497-30a5-4411-5a6a-7f4ccced660d.jpg,True
d8f7d0c3-944b-846c-2058-851c5a81f442,特殊教育,道德与法治,七年级,下册,,聋校义务教育实验教科书 道德与法治 七年级 下册,output\教材封面\d8\d8f7d0c3-944b-846c-2058-851c5a81f442.jpg,True
4d9617bf-ffa5-7bc5-cd27-75d904dad40d,特殊教育,道德与法治,八年级,下册,,聋校义务教育实验教科书 道德与法治 八年级 下册,output\教材封面\4d\4d9617bf-ffa5-7bc5-cd27-75d904dad40d.jpg,True
3783a242-bac5-108c-22ad-d6ff0effd452,特殊教育,道德与法治,九年级,下册,,聋校义务教育实验教科书 道德与法治 九年级 下册,output\教材封面\37\3783a242-bac5-108c-22ad-d6ff0effd452.jpg,True
978f1226-9670-bc32-a33a-7011de1beb2b,特殊教育,地理,七年级,下册,,聋校义务教育实验教科书 地理 七年级 下册,output\教材封面\97\978f1226-9670-bc32-a33a-7011de1beb2b.jpg,True
26a1c91d-7901-b0f5-1e72-5185c2b531ab,特殊教育,地理,八年级,下册,,聋校义务教育实验教科书 地理 八年级 下册,output\教材封面\26\26a1c91d-7901-b0f5-1e72-5185c2b531ab.jpg,True
c24a2583-1e7c-e7d9-1efe-9a8b6f8b7530,特殊教育,沟通与交往,一年级,下册,,聋校义务教育实验教科书 沟通与交往 一年级 下册,output\教材封面\c2\c24a2583-1e7c-e7d9-1efe-9a8b6f8b7530.jpg,True
b159b56d-0431-8247-a7ba-135548c2b74e,特殊教育,沟通与交往,二年级,下册,,聋校义务教育实验教科书 沟通与交往 二年级 下册,output\教材封面\b1\b159b56d-0431-8247-a7ba-135548c2b74e.jpg,True
a701e434-21eb-8ead-5534-c959ca95a37a,特殊教育,沟通与交往,三年级,下册,,聋校义务教育实验教科书 沟通与交往 三年级 下册,output\教材封面\a7\a701e434-21eb-8ead-5534-c959ca95a37a.jpg,True
2fd3dbf1-cf3b-1cef-51ea-5df180c83953,特殊教育,沟通与交往,四年级,下册,,聋校义务教育实验教科书 沟通与交往 四年级 下册,output\教材封面\2f\2fd3dbf1-cf3b-1cef-51ea-5df180c83953.jpg,True
95d5fcf1-31cb-8352-bd77-21145d7ca2a8,特殊教育,沟通与交往,五年级,下册,,聋校义务教育实验教科书 沟通与交往 五年级 下册,output\教材封面\95\95d5fcf1-31cb-8352-bd77-21145d7ca2a8.jpg,True
14ba093e-a4b3-a47d-0f8c-229b27db7d39,特殊教育,沟通与交往,六年级,下册,,聋校义务教育实验教科书 沟通与交往 六年级 下册,output\教材封面\14\14ba093e-a4b3-a47d-0f8c-229b27db7d39.jpg,True
ea92a62d-91b2-b160-f8a5-42d455ede32f,特殊教育,化学,九年级,下册,,聋校义务教育实验教科书 化学 九年级 下册,output\教材封面\ea\ea92a62d-91b2-b160-f8a5-42d455ede32f.jpg,True
3360eddc-fc54-fefa-7240-c4f36b4ac6df,特殊教育,中国历史,七年级,下册,,聋校义务教育实验教科书 中国历史 七年级 下册,output\教材封面\33\3360eddc-fc54-fefa-7240-c4f36b4ac6df.jpg,True
87fdeff2-4778-3655-5edc-77afa6e731ad,特殊教育,中国历史,八年级,下册,,聋校义务教育实验教科书 中国历史 八年级 下册,output\教材封面\87\87fdeff2-4778-3655-5edc-77afa6e731ad.jpg,True
c8d23991-f36c-a90b-f9fd-a83d659545fc,特殊教育,世界历史,九年级,下册,,聋校义务教育实验教科书 世界历史 九年级 下册,output\教材封面\c8\c8d23991-f36c-a90b-f9fd-a83d659545fc.jpg,True
32a93acf-e5cd-5fef-d949-ae1eede67fe0,特殊教育,美术,一年级,下册,,聋校义务教育实验教科书 美术 一年级 下册,output\教材封面\32\32a93acf-e5cd-5fef-d949-ae1eede67fe0.jpg,True
0bae3ea9-f501-9d96-e1c6-782c9012b25e,特殊教育,美术,二年级,下册,,聋校义务教育实验教科书 美术 二年级 下册,output\教材封面\0b\0bae3ea9-f501-9d96-e1c6-782c9012b25e.jpg,True
5d2cd921-4a65-c1ce-0de8-6f6923d22ae3,特殊教育,美术,三年级,下册,,聋校义务教育实验教科书 美术 三年级 下册,output\教材封面\5d\5d2cd921-4a65-c1ce-0de8-6f6923d22ae3.jpg,True
dbc5008d-2d53-f33a-23eb-2e974931b4d5,特殊教育,美术,四年级,下册,,聋校义务教育实验教科书 美术 四年级 下册,output\教材封面\db\dbc5008d-2d53-f33a-23eb-2e974931b4d5.jpg,True
5d6a17a6-968f-6f2e-4ef5-02203765bc0d,特殊教育,美术,五年级,下册,,聋校义务教育实验教科书 美术 五年级 下册,output\教材封面\5d\5d6a17a6-968f-6f2e-4ef5-02203765bc0d.jpg,True
574aaf3e-8e6a-9554-9fb0-5ad3d134d5ba,特殊教育,美术,六年级,下册,,聋校义务教育实验教科书 美术 六年级 下册,output\教材封面\57\574aaf3e-8e6a-9554-9fb0-5ad3d134d5ba.jpg,True
a034490c-a4af-071e-526e-7cb8b2ada899,特殊教育,美术,七年级,下册,,聋校义务教育实验教科书 美术 七年级 下册,output\教材封面\a0\a034490c-a4af-071e-526e-7cb8b2ada899.jpg,True
df0b818a-ce6a-10bc-b829-24bfb253c4ff,特殊教育,数学,一年级,下册,,聋校义务教育实验教科书 数学 一年级 下册,output\教材封面\df\df0b818a-ce6a-10bc-b829-24bfb253c4ff.jpg,True
8d23c2d0-69ef-2bbc-c477-eaefe5388f6e,特殊教育,数学,二年级,下册,,聋校义务教育实验教科书 数学 二年级 下册,output\教材封面\8d\8d23c2d0-69ef-2bbc-c477-eaefe5388f6e.jpg,True
21288687-e17c-5641-3ccc-6ed68f94560a,特殊教育,数学,三年级,下册,,聋校义务教育实验教科书 数学 三年级 下册,output\教材封面\21\21288687-e17c-5641-3ccc-6ed68f94560a.jpg,True
f2d9b64a-d715-1084-faee-fac323b882f9,特殊教育,数学,四年级,下册,,聋校义务教育实验教科书 数学 四年级 下册,output\教材封面\f2\f2d9b64a-d715-1084-faee-fac323b882f9.jpg,True
32c5ac09-31f9-32d3-f2d6-cd40c08964f1,特殊教育,数学,五年级,下册,,聋校义务教育实验教科书 数学 五年级 下册,output\教材封面\32\32c5ac09-31f9-32d3-f2d6-cd40c08964f1.jpg,True
5e7ada5e-6657-b40e-532d-24da9ae8a3bb,特殊教育,数学,六年级,下册,,聋校义务教育实验教科书 数学 六年级 下册,output\教材封面\5e\5e7ada5e-6657-b40e-532d-24da9ae8a3bb.jpg,True
59819296-e6bf-28ad-bb2d-db4a5185efe6,特殊教育,数学,七年级,下册,,聋校义务教育实验教科书 数学 七年级 下册,output\教材封面\59\59819296-e6bf-28ad-bb2d-db4a5185efe6.jpg,True
3dc14e41-f746-78c6-5616-9ad0e044ed21,特殊教育,数学,八年级,下册,,聋校义务教育实验教科书 数学 八年级 下册,output\教材封面\3d\3dc14e41-f746-78c6-5616-9ad0e044ed21.jpg,True
95fbbd48-d6b4-334a-b007-c7e40acffcb2,特殊教育,数学,九年级,下册,,聋校义务教育实验教科书 数学 九年级 下册,output\教材封面\95\95fbbd48-d6b4-334a-b007-c7e40acffcb2.jpg,True
b89c200f-6060-d25f-a7a0-7ee629f2bd7d,特殊教育,物理,八年级,下册,,聋校义务教育实验教科书 物理 八年级 下册,output\教材封面\b8\b89c200f-6060-d25f-a7a0-7ee629f2bd7d.jpg,True
7ce63829-15aa-974a-dcd9-85f687337e14,特殊教育,物理,九年级,下册,,聋校义务教育实验教科书 物理 九年级 下册,output\教材封面\7c\7ce63829-15aa-974a-dcd9-85f687337e14.jpg,True
36929744-2a57-883c-9f94-526e3068b7fd,特殊教育,语文,一年级,下册,,聋校义务教育实验教科书 语文 一年级 下册,output\教材封面\36\36929744-2a57-883c-9f94-526e3068b7fd.jpg,True
c13df99a-667f-72a7-dfbe-89829cda14e2,特殊教育,语文,二年级,下册,,聋校义务教育实验教科书 语文 二年级 下册,output\教材封面\c1\c13df99a-667f-72a7-dfbe-89829cda14e2.jpg,True
b9d84b97-1a12-1370-6a29-43acb391cef8,特殊教育,语文,三年级,下册,,聋校义务教育实验教科书 语文 三年级 下册,output\教材封面\b9\b9d84b97-1a12-1370-6a29-43acb391cef8.jpg,True
c0694881-6af0-a045-27e8-2ea11ccde001,特殊教育,语文,四年级,下册,,聋校义务教育实验教科书 语文 四年级 下册,output\教材封面\c0\c0694881-6af0-a045-27e8-2ea11ccde001.jpg,True
0d7637e3-96a3-e9bd-3ed6-04d251d61d53,特殊教育,语文,五年级,下册,,聋校义务教育实验教科书 语文 五年级 下册,output\教材封面\0d\0d7637e3-96a3-e9bd-3ed6-04d251d61d53.jpg,True
c2406743-76de-8d7e-204f-cff34230e2ad,特殊教育,语文,六年级,下册,,聋校义务教育实验教科书 语文 六年级 下册,output\教材封面\c2\c2406743-76de-8d7e-204f-cff34230e2ad.jpg,True
96b2e002-627d-4232-9ba9-d214b2aedc17,特殊教育,语文,七年级,下册,,聋校义务教育实验教科书 语文 七年级 下册,output\教材封面\96\96b2e002-627d-4232-9ba9-d214b2aedc17.jpg,True
2783a71f-8905-7bcf-94ce-0aa1ede6a707,特殊教育,语文,八年级,下册,,聋校义务教育实验教科书 语文 八年级 下册,output\教材封面\27\2783a71f-8905-7bcf-94ce-0aa1ede6a707.jpg,True
f52c23d7-6ba9-47ef-fbc3-9331700eae52,特殊教育,道德与法治,一年级,下册,,盲校义务教育实验教科书 道德与法治 一年级 下册（供低视力学生使用）,output\教材封面\f5\f52c23d7-6ba9-47ef-fbc3-9331700eae52.jpg,True
c5ea490d-0f1e-68d7-7670-07730b242441,特殊教育,道德与法治,二年级,下册,,盲校义务教育实验教科书 道德与法治 二年级 下册（供低视力学生使用）,output\教材封面\c5\c5ea490d-0f1e-68d7-7670-07730b242441.jpg,True
75442c2f-0947-b42d-c8b7-2d5f8db3e6bf,特殊教育,道德与法治,三年级,下册,,盲校义务教育实验教科书 道德与法治 三年级 下册（供低视力学生使用）,output\教材封面\75\75442c2f-0947-b42d-c8b7-2d5f8db3e6bf.jpg,True
7f816c7d-d836-b506-3f1d-c9a5c95cf431,特殊教育,道德与法治,四年级,下册,,盲校义务教育实验教科书 道德与法治 四年级 下册（供低视力学生使用）,output\教材封面\7f\7f816c7d-d836-b506-3f1d-c9a5c95cf431.jpg,True
4dc571f7-57ac-3e4a-e4b4-f41c6ca43fe4,特殊教育,道德与法治,五年级,下册,,盲校义务教育实验教科书 道德与法治 五年级 下册（供低视力学生使用）,output\教材封面\4d\4dc571f7-57ac-3e4a-e4b4-f41c6ca43fe4.jpg,True
ec8a428e-b987-07aa-135a-09792aeab0b4,特殊教育,道德与法治,六年级,下册,,盲校义务教育实验教科书 道德与法治 六年级 下册（供低视力学生使用）,output\教材封面\ec\ec8a428e-b987-07aa-135a-09792aeab0b4.jpg,True
9828d978-b4fe-1878-9bff-3b260a81943d,特殊教育,道德与法治,七年级,下册,,盲校义务教育实验教科书 道德与法治 七年级 下册（供低视力学生使用）,output\教材封面\98\9828d978-b4fe-1878-9bff-3b260a81943d.jpg,True
a014bbbd-6868-9812-1846-f5b618134437,特殊教育,道德与法治,八年级,下册,,盲校义务教育实验教科书 道德与法治 八年级 下册（供低视力学生使用）,output\教材封面\a0\a014bbbd-6868-9812-1846-f5b618134437.jpg,True
43b46b67-0100-3ffc-a5e6-3af0867ec1db,特殊教育,道德与法治,九年级,下册,,盲校义务教育实验教科书 道德与法治 九年级 下册（供低视力学生使用）,output\教材封面\43\43b46b67-0100-3ffc-a5e6-3af0867ec1db.jpg,True
617cceb0-a231-522d-ba61-bc216c8b444f,特殊教育,地理,七年级,下册,,盲校义务教育实验教科书 地理 七年级 下册（供低视力学生使用）,output\教材封面\61\617cceb0-a231-522d-ba61-bc216c8b444f.jpg,True
f7efbcfd-d78e-8bfe-d113-cdba02418988,特殊教育,地理,八年级,下册,,盲校义务教育实验教科书 地理 八年级 下册（供低视力学生使用）,output\教材封面\f7\f7efbcfd-d78e-8bfe-d113-cdba02418988.jpg,True
e406830a-110d-0d4e-1d85-3cda14e47032,特殊教育,化学,九年级,下册,,盲校义务教育实验教科书 化学 九年级 下册（供低视力学生使用）,output\教材封面\e4\e406830a-110d-0d4e-1d85-3cda14e47032.jpg,True
59787f5e-7f18-51e4-189f-398b71b72e16,特殊教育,中国历史,七年级,下册,,盲校义务教育实验教科书 中国历史 七年级 下册（供低视力学生使用）,output\教材封面\59\59787f5e-7f18-51e4-189f-398b71b72e16.jpg,True
fbcb117a-3030-5b18-5640-59930c5f526a,特殊教育,中国历史,八年级,下册,,盲校义务教育实验教科书 中国历史 八年级 下册（供低视力学生使用）,output\教材封面\fb\fbcb117a-3030-5b18-5640-59930c5f526a.jpg,True
1ad7a563-3315-b46f-03da-f565f643bb73,特殊教育,世界历史,九年级,下册,,盲校义务教育实验教科书 世界历史 九年级 下册（供低视力学生使用）,output\教材封面\1a\1ad7a563-3315-b46f-03da-f565f643bb73.jpg,True
4a940c5c-423e-2072-630b-cbd5ea63aaab,特殊教育,生物学,七年级,下册,,盲校义务教育实验教科书 生物学 七年级 下册（供低视力学生使用）,output\教材封面\4a\4a940c5c-423e-2072-630b-cbd5ea63aaab.jpg,True
0942789f-f02b-df04-1efe-fdc20ad5425d,特殊教育,生物学,八年级,下册,,盲校义务教育实验教科书 生物学 八年级 下册（供低视力学生使用）,output\教材封面\09\0942789f-f02b-df04-1efe-fdc20ad5425d.jpg,True
494c4ca9-b0e8-e9f8-95e8-e1142962dbe9,特殊教育,数学,一年级,下册,,盲校义务教育实验教科书 数学 一年级 下册（供低视力学生使用）,output\教材封面\49\494c4ca9-b0e8-e9f8-95e8-e1142962dbe9.jpg,True
3ce564ee-f4a1-db60-b656-02d7028749d7,特殊教育,数学,二年级,下册,,盲校义务教育实验教科书 数学 二年级 下册（供低视力学生使用）,output\教材封面\3c\3ce564ee-f4a1-db60-b656-02d7028749d7.jpg,True
eb9f1466-30ac-a072-d2ed-f744536c3a32,特殊教育,数学,三年级,下册,,盲校义务教育实验教科书 数学 三年级 下册（供低视力学生使用）,output\教材封面\eb\eb9f1466-30ac-a072-d2ed-f744536c3a32.jpg,True
a3b4492b-71ef-d3e9-3b19-7d8a8ad68954,特殊教育,数学,四年级,下册,,盲校义务教育实验教科书 数学 四年级 下册（供低视力学生使用）,output\教材封面\a3\a3b4492b-71ef-d3e9-3b19-7d8a8ad68954.jpg,True
7c8deffe-053e-9132-6311-5b58b8257162,特殊教育,数学,五年级,下册,,盲校义务教育实验教科书 数学 五年级 下册（供低视力学生使用）,output\教材封面\7c\7c8deffe-053e-9132-6311-5b58b8257162.jpg,True
fb86bfe9-3c8d-df2f-fa89-8cd62a8352af,特殊教育,数学,六年级,下册,,盲校义务教育实验教科书 数学 六年级 下册（供低视力学生使用）,output\教材封面\fb\fb86bfe9-3c8d-df2f-fa89-8cd62a8352af.jpg,True
cf975e64-c61e-431e-16d6-a03239e35d40,特殊教育,数学,七年级,下册,,盲校义务教育实验教科书 数学 七年级 下册（供低视力学生使用）,output\教材封面\cf\cf975e64-c61e-431e-16d6-a03239e35d40.jpg,True
5fd2f539-53b9-eb3b-9228-46f3861caacf,特殊教育,数学,八年级,下册,,盲校义务教育实验教科书 数学 八年级 下册（供低视力学生使用）,output\教材封面\5f\5fd2f539-53b9-eb3b-9228-46f3861caacf.jpg,True
eb4934af-d97a-50ef-dd6b-16d426783c61,特殊教育,数学,九年级,下册,,盲校义务教育实验教科书 数学 九年级 下册（供低视力学生使用）,output\教材封面\eb\eb4934af-d97a-50ef-dd6b-16d426783c61.jpg,True
04fca672-7790-8d77-aada-4963cf7f6ac0,特殊教育,物理,八年级,下册,,盲校义务教育实验教科书 物理 八年级 下册（供低视力学生使用）,output\教材封面\04\04fca672-7790-8d77-aada-4963cf7f6ac0.jpg,True
3e23c3d7-bb0b-4738-4115-2c3d447c0bd9,特殊教育,物理,九年级,下册,,盲校义务教育实验教科书 物理 九年级 下册（供低视力学生使用）,output\教材封面\3e\3e23c3d7-bb0b-4738-4115-2c3d447c0bd9.jpg,True
64e1c30f-4070-7ce2-e98a-cfe4d9b7ecb4,特殊教育,信息技术,一年级,下册,,盲校义务教育实验教科书 信息技术 一年级 下册,output\教材封面\64\64e1c30f-4070-7ce2-e98a-cfe4d9b7ecb4.jpg,True
9c44b614-f550-f48f-98e7-0d64519eb5e8,特殊教育,信息技术,二年级,下册,,盲校义务教育实验教科书 信息技术 二年级 下册,output\教材封面\9c\9c44b614-f550-f48f-98e7-0d64519eb5e8.jpg,True
abe48b7a-5e22-0388-e44f-180eeb615215,特殊教育,信息技术,三年级,下册,,盲校义务教育实验教科书 信息技术 三年级 下册,output\教材封面\ab\abe48b7a-5e22-0388-e44f-180eeb615215.jpg,True
1f4ce9f5-7fc9-d137-6ded-72429ad9d9ec,特殊教育,信息技术,四年级,下册,,盲校义务教育实验教科书 信息技术 四年级 下册,output\教材封面\1f\1f4ce9f5-7fc9-d137-6ded-72429ad9d9ec.jpg,True
ebad66f3-12b9-d4c7-00ea-7afc8c0fe889,特殊教育,信息技术,五年级,下册,,盲校义务教育实验教科书 信息技术 五年级 下册,output\教材封面\eb\ebad66f3-12b9-d4c7-00ea-7afc8c0fe889.jpg,True
914ad113-7d1c-5758-9c45-d0526c1df70b,特殊教育,信息技术,六年级,下册,,盲校义务教育实验教科书 信息技术 六年级 下册,output\教材封面\91\914ad113-7d1c-5758-9c45-d0526c1df70b.jpg,True
8c8a97d1-915e-fc4b-d667-6e2e698c08f0,特殊教育,信息技术,七年级,下册,,盲校义务教育实验教科书 信息技术 七年级 下册,output\教材封面\8c\8c8a97d1-915e-fc4b-d667-6e2e698c08f0.jpg,True
7ec5931b-f8d3-7606-e6c0-c495b3d10f9e,特殊教育,信息技术,八年级,下册,,盲校义务教育实验教科书 信息技术 八年级 下册,output\教材封面\7e\7ec5931b-f8d3-7606-e6c0-c495b3d10f9e.jpg,True
be9a85c0-ab89-3a13-9f25-79b637afa43f,特殊教育,信息技术,九年级,下册,,盲校义务教育实验教科书 信息技术 九年级 下册,output\教材封面\be\be9a85c0-ab89-3a13-9f25-79b637afa43f.jpg,True
d7fb97b7-eebc-87d2-ac66-6aa59b8fca44,特殊教育,音乐,一年级,下册,,盲校义务教育实验教科书 音乐 一年级 下册（供低视力学生使用）,output\教材封面\d7\d7fb97b7-eebc-87d2-ac66-6aa59b8fca44.jpg,True
4d050d98-3161-7c0d-2ada-962976a432a9,特殊教育,音乐,二年级,下册,,盲校义务教育实验教科书 音乐 二年级 下册（供低视力学生使用）,output\教材封面\4d\4d050d98-3161-7c0d-2ada-962976a432a9.jpg,True
bde5f1b5-ba75-7717-8ee7-724e147d674b,特殊教育,音乐,三年级,下册,,盲校义务教育实验教科书 音乐 三年级 下册（供低视力学生使用）,output\教材封面\bd\bde5f1b5-ba75-7717-8ee7-724e147d674b.jpg,True
149dc133-696a-7438-a009-4126552b2763,特殊教育,音乐,四年级,下册,,盲校义务教育实验教科书 音乐 四年级 下册（供低视力学生使用）,output\教材封面\14\149dc133-696a-7438-a009-4126552b2763.jpg,True
3d29959c-9bdc-9ee8-309d-ef306017d4fc,特殊教育,音乐,五年级,下册,,盲校义务教育实验教科书 音乐 五年级 下册（供低视力学生使用）,output\教材封面\3d\3d29959c-9bdc-9ee8-309d-ef306017d4fc.jpg,True
39d83028-1c99-52d1-5e17-081f3fb7a2b0,特殊教育,音乐,六年级,下册,,盲校义务教育实验教科书 音乐 六年级 下册（供低视力学生使用）,output\教材封面\39\39d83028-1c99-52d1-5e17-081f3fb7a2b0.jpg,True
c574cd1b-5edb-aeb2-1bea-138920d8cb67,特殊教育,音乐,七年级,下册,,盲校义务教育实验教科书 音乐 七年级 下册（供低视力学生使用）,output\教材封面\c5\c574cd1b-5edb-aeb2-1bea-138920d8cb67.jpg,True
c180dc9b-91db-c375-a6c0-97d9866d9ad0,特殊教育,音乐,八年级,下册,,盲校义务教育实验教科书 音乐 八年级 下册（供低视力学生使用）,output\教材封面\c1\c180dc9b-91db-c375-a6c0-97d9866d9ad0.jpg,True
c9aa9367-251c-96eb-eb60-a0e333ed9b01,特殊教育,音乐,九年级,下册,,盲校义务教育实验教科书 音乐 九年级 下册（供低视力学生使用）,output\教材封面\c9\c9aa9367-251c-96eb-eb60-a0e333ed9b01.jpg,True
837ca6db-846e-7d6b-75b9-326c0f092690,特殊教育,英语（三年级起点）,三年级,下册,,盲校义务教育实验教科书 英语（三年级起点） 三年级 下册（供低视力学生使用）,output\教材封面\83\837ca6db-846e-7d6b-75b9-326c0f092690.jpg,True
f4aef7d6-fe1f-cb3c-e825-72b659537c37,特殊教育,英语（三年级起点）,四年级,下册,,盲校义务教育实验教科书 英语（三年级起点） 四年级 下册（供低视力学生使用）,output\教材封面\f4\f4aef7d6-fe1f-cb3c-e825-72b659537c37.jpg,True
f67d23c3-7e2d-01f0-98b1-90f147bb7192,特殊教育,英语（三年级起点）,五年级,下册,,盲校义务教育实验教科书 英语（三年级起点） 五年级 下册（供低视力学生使用）,output\教材封面\f6\f67d23c3-7e2d-01f0-98b1-90f147bb7192.jpg,True
8c0e974d-5d01-9c1d-c990-af2e12164f01,特殊教育,英语（三年级起点）,六年级,下册,,盲校义务教育实验教科书 英语（三年级起点） 六年级 下册（供低视力学生使用）,output\教材封面\8c\8c0e974d-5d01-9c1d-c990-af2e12164f01.jpg,True
86cee2ef-8abf-e433-6b1f-ecf1d5d9c0c3,特殊教育,英语,七年级,下册,,盲校义务教育实验教科书 英语 七年级 下册（供低视力学生使用）,output\教材封面\86\86cee2ef-8abf-e433-6b1f-ecf1d5d9c0c3.jpg,True
3eccf57a-3af7-9c6c-afa4-81997ae6a25c,特殊教育,英语,八年级,下册,,盲校义务教育实验教科书 英语 八年级 下册（供低视力学生使用）,output\教材封面\3e\3eccf57a-3af7-9c6c-afa4-81997ae6a25c.jpg,True
b38c1559-1a91-138f-1050-0c56b392a2b9,特殊教育,语文,一年级,下册,,盲校义务教育实验教科书 语文 一年级 下册（供低视力学生使用）,output\教材封面\b3\b38c1559-1a91-138f-1050-0c56b392a2b9.jpg,True
bccff7a1-53f0-7ce2-b10c-32039605c98e,特殊教育,语文,二年级,下册,,盲校义务教育实验教科书 语文 二年级 下册（供低视力学生使用）,output\教材封面\bc\bccff7a1-53f0-7ce2-b10c-32039605c98e.jpg,True
13120ce2-2015-8a36-999c-88335b58b2d1,特殊教育,语文,三年级,下册,,盲校义务教育实验教科书 语文 三年级 下册（供低视力学生使用）,output\教材封面\13\13120ce2-2015-8a36-999c-88335b58b2d1.jpg,True
a6e08225-d399-9020-13f8-98f90cb69543,特殊教育,语文,四年级,下册,,盲校义务教育实验教科书 语文 四年级 下册（供低视力学生使用）,output\教材封面\a6\a6e08225-d399-9020-13f8-98f90cb69543.jpg,True
233ac804-200e-5c3b-3746-0abb9996897c,特殊教育,语文,五年级,下册,,盲校义务教育实验教科书 语文 五年级 下册（供低视力学生使用）,output\教材封面\23\233ac804-200e-5c3b-3746-0abb9996897c.jpg,True
84d3daf9-06d8-2757-2db1-3082027bd1b8,特殊教育,语文,六年级,下册,,盲校义务教育实验教科书 语文 六年级 下册（供低视力学生使用）,output\教材封面\84\84d3daf9-06d8-2757-2db1-3082027bd1b8.jpg,True
0f765b61-317c-2747-0459-3cd3e56e3364,特殊教育,语文,七年级,下册,,盲校义务教育实验教科书 语文 七年级 下册（供低视力学生使用）,output\教材封面\0f\0f765b61-317c-2747-0459-3cd3e56e3364.jpg,True
c74da57f-d654-fa0b-f9b4-9fb6c6a39cc8,特殊教育,语文,八年级,下册,,盲校义务教育实验教科书 语文 八年级 下册（供低视力学生使用）,output\教材封面\c7\c74da57f-d654-fa0b-f9b4-9fb6c6a39cc8.jpg,True
eae83318-3674-6cb9-061e-33ef05d04640,特殊教育,语文,九年级,下册,,盲校义务教育实验教科书 语文 九年级 下册（供低视力学生使用）,output\教材封面\ea\eae83318-3674-6cb9-061e-33ef05d04640.jpg,True
29257875-b429-11da-10d3-f7b1c034a3f6,特殊教育,生活适应,一年级,下册,,培智学校义务教育实验教科书 生活适应 一年级 下册,output\教材封面\29\29257875-b429-11da-10d3-f7b1c034a3f6.jpg,True
819322b7-51d0-2df4-4d01-5c9af05f9ae5,特殊教育,生活适应,二年级,下册,,培智学校义务教育实验教科书 生活适应 二年级 下册,output\教材封面\81\819322b7-51d0-2df4-4d01-5c9af05f9ae5.jpg,True
39a491ef-8263-ad36-1965-b6cd7d52c3be,特殊教育,生活适应,三年级,下册,,培智学校义务教育实验教科书 生活适应 三年级 下册,output\教材封面\39\39a491ef-8263-ad36-1965-b6cd7d52c3be.jpg,True
83d31786-a700-0b01-f486-71933d689831,特殊教育,生活适应,四年级,下册,,培智学校义务教育实验教科书 生活适应 四年级 下册,output\教材封面\83\83d31786-a700-0b01-f486-71933d689831.jpg,True
eede4754-9d8e-dbcd-6ebd-64a5aa11c6a7,特殊教育,生活适应,五年级,下册,,培智学校义务教育实验教科书 生活适应 五年级 下册,output\教材封面\ee\eede4754-9d8e-dbcd-6ebd-64a5aa11c6a7.jpg,True
0699833b-23c9-40ec-0388-af6ad681c3af,特殊教育,生活适应,六年级,下册,,培智学校义务教育实验教科书 生活适应 六年级 下册,output\教材封面\06\0699833b-23c9-40ec-0388-af6ad681c3af.jpg,True
4c8c7bd6-b91a-b5a2-e1ce-015ea37ddc09,特殊教育,生活适应,七年级,下册,,培智学校义务教育实验教科书 生活适应 七年级 下册,output\教材封面\4c\4c8c7bd6-b91a-b5a2-e1ce-015ea37ddc09.jpg,True
55591c31-f9c0-33fd-6299-8a7cb1c9363f,特殊教育,生活适应,八年级,下册,,培智学校义务教育实验教科书 生活适应 八年级 下册,output\教材封面\55\55591c31-f9c0-33fd-6299-8a7cb1c9363f.jpg,True
c0e63c1a-8b88-bda3-1867-d50e46aea4c2,特殊教育,生活数学,一年级,下册,,培智学校义务教育实验教科书 生活数学 一年级 下册,output\教材封面\c0\c0e63c1a-8b88-bda3-1867-d50e46aea4c2.jpg,True
3f966858-f97e-8a09-6675-e6e1714e9eae,特殊教育,生活数学,二年级,下册,,培智学校义务教育实验教科书 生活数学 二年级 下册,output\教材封面\3f\3f966858-f97e-8a09-6675-e6e1714e9eae.jpg,True
0323c7ce-6e36-838c-171e-6560156a4d96,特殊教育,生活数学,三年级,下册,,培智学校义务教育实验教科书 生活数学 三年级 下册,output\教材封面\03\0323c7ce-6e36-838c-171e-6560156a4d96.jpg,True
f63186c9-abc9-b810-0fcb-0d8486fcbb44,特殊教育,生活数学,四年级,下册,,培智学校义务教育实验教科书 生活数学 四年级 下册,output\教材封面\f6\f63186c9-abc9-b810-0fcb-0d8486fcbb44.jpg,True
8e3326ed-de15-7ae9-1b9e-a27e5b5d8878,特殊教育,生活数学,五年级,下册,,培智学校义务教育实验教科书 生活数学 五年级 下册,output\教材封面\8e\8e3326ed-de15-7ae9-1b9e-a27e5b5d8878.jpg,True
2f6ba8bf-e3f4-fc8f-d5d4-b280243e04d4,特殊教育,生活数学,六年级,下册,,培智学校义务教育实验教科书 生活数学 六年级 下册,output\教材封面\2f\2f6ba8bf-e3f4-fc8f-d5d4-b280243e04d4.jpg,True
c2c4ba67-010c-fc43-81d3-be51e5137e8b,特殊教育,生活数学,七年级,下册,,培智学校义务教育实验教科书 生活数学 七年级 下册,output\教材封面\c2\c2c4ba67-010c-fc43-81d3-be51e5137e8b.jpg,True
1f2f5be6-c146-2121-dc5f-83efd76b6083,特殊教育,生活数学,八年级,下册,,培智学校义务教育实验教科书 生活数学 八年级 下册,output\教材封面\1f\1f2f5be6-c146-2121-dc5f-83efd76b6083.jpg,True
d0c47d6d-c705-dbf0-d7a5-776aff5edb7f,特殊教育,生活语文,一年级,下册,,培智学校义务教育实验教科书 生活语文 一年级 下册,output\教材封面\d0\d0c47d6d-c705-dbf0-d7a5-776aff5edb7f.jpg,True
f9044713-e252-f27c-8816-1e5f4bf5767a,特殊教育,生活语文,二年级,下册,,培智学校义务教育实验教科书 生活语文 二年级 下册,output\教材封面\f9\f9044713-e252-f27c-8816-1e5f4bf5767a.jpg,True
eb8b3a73-835a-5b86-0f5c-abb3e939c9df,特殊教育,生活语文,三年级,下册,,培智学校义务教育实验教科书 生活语文 三年级 下册,output\教材封面\eb\eb8b3a73-835a-5b86-0f5c-abb3e939c9df.jpg,True
c4747392-68fe-533d-49de-6edec3630d10,特殊教育,生活语文,四年级,下册,,培智学校义务教育实验教科书 生活语文 四年级 下册,output\教材封面\c4\c4747392-68fe-533d-49de-6edec3630d10.jpg,True
5d2077b2-61b9-0b74-b7d2-dc986615d5c9,特殊教育,生活语文,五年级,下册,,培智学校义务教育实验教科书 生活语文 五年级 下册,output\教材封面\5d\5d2077b2-61b9-0b74-b7d2-dc986615d5c9.jpg,True
73a84789-353c-d7dd-816b-a7335758bb0b,特殊教育,生活语文,六年级,下册,,培智学校义务教育实验教科书 生活语文 六年级 下册,output\教材封面\73\73a84789-353c-d7dd-816b-a7335758bb0b.jpg,True
a1b8d9f9-d094-0ecb-4f6f-02e0786b8a17,特殊教育,生活语文,七年级,下册,,培智学校义务教育实验教科书 生活语文 七年级 下册,output\教材封面\a1\a1b8d9f9-d094-0ecb-4f6f-02e0786b8a17.jpg,True
d37efaa0-e97d-2786-15a8-e038c305cd75,特殊教育,生活语文,八年级,下册,,培智学校义务教育实验教科书 生活语文 八年级 下册,output\教材封面\d3\d37efaa0-e97d-2786-15a8-e038c305cd75.jpg,True
42be294d-c12a-7fde-2f89-72f462b7f73c,初中（五•四学制）,地理,六年级,下册,中华中图版,（根据2022年版课程标准修订）义务教育教科书_地理_六年级_下册,output\教材封面\42\42be294d-c12a-7fde-2f89-72f462b7f73c.jpg,True
5af3920e-d1b0-74ce-9b02-46edfe8586a5,初中（五•四学制）,地理,七年级,下册,中华中图版,（根据2022年版课程标准修订）义务教育教科书_地理_七年级_下册,output\教材封面\5a\5af3920e-d1b0-74ce-9b02-46edfe8586a5.jpg,True
1f7efa20-6678-6fad-8392-1de3ff46ac6f,初中（五•四学制）,地理图册,六年级,下册,配套中图中华地图版,（根据2022年版课程标准修订）义务教育教科书（五•四学制）_地理图册_六年级_下册,output\教材封面\1f\1f7efa20-6678-6fad-8392-1de3ff46ac6f.jpg,True
c2c0ad26-d3e5-e4a1-316f-6e461294f957,初中（五•四学制）,地理图册,七年级,下册,配套中图中华地图版,（根据2022年版课程标准修订）义务教育教科书（五•四学制）_地理图册_七年级_下册,output\教材封面\c2\c2c0ad26-d3e5-e4a1-316f-6e461294f957.jpg,True
e506264f-3eca-2eaf-1fce-0f7a51c34b98,小学（五•四学制）,科学,一年级,下册,沪科技版,（根据2022年版课程标准修订）义务教育教科书（五•四学制）•科学一年级下册,output\教材封面\e5\e506264f-3eca-2eaf-1fce-0f7a51c34b98.jpg,True
f2ec04b9-1617-2a43-8cd6-8fe79f8b69fe,初中（五•四学制）,科学,六年级,下册,沪科技版,（根据2022年版课程标准修订）义务教育教科书（五•四学制）•科学六年级下册,output\教材封面\f2\f2ec04b9-1617-2a43-8cd6-8fe79f8b69fe.jpg,True
dffe0037-89b6-68a3-f55e-42cf82bc3dea,初中（五•四学制）,生物学,七年级,下册,沪教版,（根据2022年版课程标准修订）义务教育教科书（五•四学制）•生物学七年级下册,output\教材封面\df\dffe0037-89b6-68a3-f55e-42cf82bc3dea.jpg,True
12118d5e-0af8-b9c9-9f3b-d2d901f8c5a2,小学（五•四学制）,数学,一年级,下册,沪教版,（根据2022年版课程标准修订）义务教育教科书（五•四学制）•数学一年级下册,output\教材封面\12\12118d5e-0af8-b9c9-9f3b-d2d901f8c5a2.jpg,True
3e205dcb-0b51-85c2-8b66-4b623ccc3988,初中（五•四学制）,数学,六年级,下册,沪教版,（根据2022年版课程标准修订）义务教育教科书（五•四学制）•数学六年级下册,output\教材封面\3e\3e205dcb-0b51-85c2-8b66-4b623ccc3988.jpg,True
bd9bb1d9-3f3d-3b64-57b6-de27fe319865,初中（五•四学制）,数学,七年级,下册,沪教版,（根据2022年版课程标准修订）义务教育教科书（五•四学制）•数学七年级下册,output\教材封面\bd\bd9bb1d9-3f3d-3b64-57b6-de27fe319865.jpg,True
5537cb12-34f9-0656-72ac-890d7ea5280a,初中（五•四学制）,物理,八年级,下册,沪科技版,（根据2022年版课程标准修订）义务教育教科书（五•四学制）•物理八年级下册,output\教材封面\55\5537cb12-34f9-0656-72ac-890d7ea5280a.jpg,True
e5f6250b-f2c0-dccc-52e8-71e6da4087c1,小学（五•四学制）,艺术·美术,一年级,下册,沪书画版,（根据2022年版课程标准修订）义务教育教科书（五•四学制）•艺术•美术一年级下册,output\教材封面\e5\e5f6250b-f2c0-dccc-52e8-71e6da4087c1.jpg,True
c96a066d-d5fb-6675-a080-62eed5f010b0,初中（五•四学制）,艺术·美术,六年级,下册,沪书画版,（根据2022年版课程标准修订）义务教育教科书（五•四学制）•美术六年级下册,output\教材封面\c9\c96a066d-d5fb-6675-a080-62eed5f010b0.jpg,True
5e640f7f-5bd9-2fae-52ce-d79b63913a17,初中（五•四学制）,艺术·美术,七年级,下册,沪书画版,（根据2022年版课程标准修订）义务教育教科书（五•四学制）•美术七年级下册,output\教材封面\5e\5e640f7f-5bd9-2fae-52ce-d79b63913a17.jpg,True
5dbfa2a0-5b8c-13f8-4484-10d7950714b1,初中,艺术·舞蹈/影视/戏剧,八年级,下册,湘美版,（根据2022年版课程标准修订）义务教育教科书•艺术•舞蹈八年级上册,output\教材封面\5d\5dbfa2a0-5b8c-13f8-4484-10d7950714b1.jpg,True
5ed10a9d-396a-8f59-8aa9-c62408eb3031,初中,艺术·舞蹈/影视/戏剧,八年级,下册,湘美版,（根据2022年版课程标准修订）义务教育教科书•艺术•戏剧（含戏曲）八年级下册,output\教材封面\5e\5ed10a9d-396a-8f59-8aa9-c62408eb3031.jpg,True
da726abc-4404-8eb7-ca75-7830610bb4e7,初中,艺术·舞蹈/影视/戏剧,八年级,下册,湘文艺版,（根据2022年版课程标准修订）义务教育教科书•艺术•影视（含数字媒体艺术）八年级下册,output\教材封面\da\da726abc-4404-8eb7-ca75-7830610bb4e7.jpg,True
1caf171a-523b-1ab0-2c93-8916cbd0369d,初中,艺术·舞蹈/影视/戏剧,八年级,下册,湘文艺版,（根据2022年版课程标准修订）义务教育教科书•艺术•舞蹈八年级下册,output\教材封面\1c\1caf171a-523b-1ab0-2c93-8916cbd0369d.jpg,True
bfe27ad8-bc6b-7020-0875-5c55c8c7e5a8,初中,艺术·舞蹈/影视/戏剧,八年级,下册,湘文艺版,（根据2022年版课程标准修订）义务教育教科书•艺术•戏剧（含戏曲）八年级下册,output\教材封面\bf\bfe27ad8-bc6b-7020-0875-5c55c8c7e5a8.jpg,True
da274cae-d861-14ff-2d8b-aa360ed2e825,初中,艺术·舞蹈/影视/戏剧,八年级,下册,苏少版,（根据2022年版课程标准修订）义务教育教科书•艺术•影视（含数字媒体艺术）八年级下册,output\教材封面\da\da274cae-d861-14ff-2d8b-aa360ed2e825.jpg,True
67a02c16-424f-8778-3767-5d5da230c1fc,初中,艺术·舞蹈/影视/戏剧,八年级,下册,苏少版,（根据2022年版课程标准修订）义务教育教科书•艺术•戏剧（含戏曲）八年级下册,output\教材封面\67\67a02c16-424f-8778-3767-5d5da230c1fc.jpg,True
2006d828-f02c-1236-bc81-59ab86a5afad,初中,艺术·舞蹈/影视/戏剧,八年级,下册,苏少版,（根据2022年版课程标准修订）义务教育教科书•艺术•舞蹈八年级下册,output\教材封面\20\2006d828-f02c-1236-bc81-59ab86a5afad.jpg,True
754e8472-515a-8d8b-0a51-bc99bee43028,初中,艺术·舞蹈/影视/戏剧,八年级,下册,教科版,（根据2022年版课程标准修订）义务教育教科书•艺术•影视（含数字媒体艺术）八年级下册,output\教材封面\75\754e8472-515a-8d8b-0a51-bc99bee43028.jpg,True
562d43ac-d257-f007-e1af-e8ec522c7f9d,初中,艺术·舞蹈/影视/戏剧,八年级,下册,教科版,（根据2022年版课程标准修订）义务教育教科书•艺术•戏剧（含戏曲）八年级下册,output\教材封面\56\562d43ac-d257-f007-e1af-e8ec522c7f9d.jpg,True
55f40f1f-34f0-489c-183e-94617e795716,初中,艺术·舞蹈/影视/戏剧,八年级,下册,教科版,（根据2022年版课程标准修订）义务教育教科书•艺术•舞蹈八年级下册,output\教材封面\55\55f40f1f-34f0-489c-183e-94617e795716.jpg,True
1eb7cd25-1c21-f1a9-bf9c-786133479aac,初中,艺术·舞蹈/影视/戏剧,八年级,下册,人美版,（根据2022年版课程标准修订）义务教育教科书•艺术•舞蹈八年级下册,output\教材封面\1e\1eb7cd25-1c21-f1a9-bf9c-786133479aac.jpg,True
e774bde9-061a-bbc9-9a57-78c00026851e,初中,艺术·舞蹈/影视/戏剧,八年级,上册,人美版,（根据2022年版课程标准修订）义务教育教科书•艺术•戏剧（含戏曲）八年级上册,output\教材封面\e7\e774bde9-061a-bbc9-9a57-78c00026851e.jpg,True
91b3f536-9a39-cbc3-9d84-f605fa5ffc79,初中,艺术·舞蹈/影视/戏剧,八年级,下册,人美版,（根据2022年版课程标准修订）义务教育教科书•艺术•戏剧（含戏曲）八年级下册,output\教材封面\91\91b3f536-9a39-cbc3-9d84-f605fa5ffc79.jpg,True
3c1102db-8da7-97d4-92fd-5aba0821d8b2,初中,艺术·舞蹈/影视/戏剧,八年级,上册,人美版,（根据2022年版课程标准修订）义务教育教科书•艺术•影视（含数字媒体艺术）八年级上册,output\教材封面\3c\3c1102db-8da7-97d4-92fd-5aba0821d8b2.jpg,True
e153275d-7d88-a7a4-d489-3fc90cddbc46,初中（五•四学制）,艺术·舞蹈/影视/戏剧,八年级,下册,鲁教版,（根据2022年版课程标准修订）义务教育教科书（五•四学制）•艺术•影视（含数字媒体艺术）八年级下册,output\教材封面\e1\e153275d-7d88-a7a4-d489-3fc90cddbc46.jpg,True
08217721-c007-a73a-a3f7-6dffa8d433f2,初中（五•四学制）,艺术·舞蹈/影视/戏剧,八年级,下册,鲁教版,（根据2022年版课程标准修订）义务教育教科书（五•四学制）•艺术•戏剧（含戏曲）八年级下册,output\教材封面\08\08217721-c007-a73a-a3f7-6dffa8d433f2.jpg,True
5b45c2bb-cba5-388b-04c2-185156f7bcf3,初中（五•四学制）,艺术·舞蹈/影视/戏剧,八年级,下册,鲁教版,（根据2022年版课程标准修订）义务教育教科书（五•四学制）•舞蹈八年级下册,output\教材封面\5b\5b45c2bb-cba5-388b-04c2-185156f7bcf3.jpg,True
464d4692-6efe-80bb-b199-0bc2537ee15e,小学,艺术·音乐,一年级,下册,鄂教版,（根据2022年版课程标准修订）义务教育教科书•艺术•音乐（简谱）一年级下册,output\教材封面\46\464d4692-6efe-80bb-b199-0bc2537ee15e.jpg,True
237f0236-b0ee-d413-e135-e55701a066b4,初中,艺术·音乐,七年级,下册,鄂教版,（根据2022年版课程标准修订）义务教育教科书•艺术•音乐（简谱）七年级下册,output\教材封面\23\237f0236-b0ee-d413-e135-e55701a066b4.jpg,True
f96a9449-2e22-e3a0-e93e-2bd3b32a0cae,小学,艺术·音乐,一年级,下册,教科版,（根据2022年版课程标准修订）义务教育教科书•艺术•音乐一年级下册,output\教材封面\f9\f96a9449-2e22-e3a0-e93e-2bd3b32a0cae.jpg,True
be8dad21-7d3b-ab0b-24e7-9183223fd988,初中,艺术·音乐,七年级,下册,教科版,（根据2022年版课程标准修订）义务教育教科书•艺术•音乐七年级下册,output\教材封面\be\be8dad21-7d3b-ab0b-24e7-9183223fd988.jpg,True
e7c48f53-87a0-6d95-ad3f-2f8f722b2b68,小学（五•四学制）,艺术·音乐,一年级,下册,沪音版,（根据2022年版课程标准修订）义务教育教科书（五•四学制）•艺术•音乐一年级下册,output\教材封面\e7\e7c48f53-87a0-6d95-ad3f-2f8f722b2b68.jpg,True
ad1beb95-bb2e-7734-ae4f-fa4efc87492f,初中（五•四学制）,艺术·音乐,六年级,下册,沪音版,（根据2022年版课程标准修订）义务教育教科书（五•四学制）•音乐六年级下册,output\教材封面\ad\ad1beb95-bb2e-7734-ae4f-fa4efc87492f.jpg,True
44142530-6cd1-ccf4-4435-dcae81a4b0ae,初中（五•四学制）,艺术·音乐,七年级,下册,沪音版,（根据2022年版课程标准修订）义务教育教科书（五•四学制）•音乐七年级下册,output\教材封面\44\44142530-6cd1-ccf4-4435-dcae81a4b0ae.jpg,True
0b0a036f-c24f-3187-b9e8-e65f8b408770,小学,英语,三年级,下册,人教大同版,（根据2022年版课程标准修订）义务教育教科书 英语 三年级 下册,output\教材封面\0b\0b0a036f-c24f-3187-b9e8-e65f8b408770.jpg,True
935fb9e6-a448-74ad-eb25-e7022ddfc6d5,初中（五•四学制）,英语,六年级,下册,沪教版,（根据2022年版课程标准修订）义务教育教科书（五·四学制） 英语 六年级 下册,output\教材封面\93\935fb9e6-a448-74ad-eb25-e7022ddfc6d5.jpg,True
13b0253e-5825-943b-007c-3110422ee884,初中（五•四学制）,英语,七年级,下册,沪教版,（根据2022年版课程标准修订）义务教育教科书（五·四学制） 英语 七年级 下册,output\教材封面\13\13b0253e-5825-943b-007c-3110422ee884.jpg,True
9b2c031b-fa86-26a5-65e0-247b5c44bc98,小学,英语,三年级,下册,外研社版（主编：孙有中）,（根据2022年版课程标准修订）义务教育教科书 英语 三年级下册,output\教材封面\9b\9b2c031b-fa86-26a5-65e0-247b5c44bc98.jpg,True
2e79da19-808c-349c-5089-9a7a39fb0803,初中,艺术·舞蹈/影视/戏剧,八年级,影视下册,人教版,（根据2022年版课程标准修订）义务教育教科书 艺术 影视（含数字媒体艺术） 八年级 下册,output\教材封面\2e\2e79da19-808c-349c-5089-9a7a39fb0803.jpg,True
c530b9c6-218e-3310-ada6-7b1efb660bfc,初中,艺术·舞蹈/影视/戏剧,八年级,舞蹈下册,人教版,（根据2022年版课程标准修订）义务教育教科书 艺术 舞蹈 八年级 下册,output\教材封面\c5\c530b9c6-218e-3310-ada6-7b1efb660bfc.jpg,True
c705258b-11bc-2e61-e8e4-9fc11b2c960a,初中,艺术·舞蹈/影视/戏剧,八年级,戏剧下册,人教版,（根据2022年版课程标准修订）义务教育教科书 艺术 戏剧（含戏曲） 八年级下册,output\教材封面\c7\c705258b-11bc-2e61-e8e4-9fc11b2c960a.jpg,True
1a2bb0a7-ec95-453e-8821-455dc7082f51,小学,英语,三年级,下册,外研社版(主编：张祖春）,（根据2022年版课程标准修订）义务教育教科书 英语 三年级下册,output\教材封面\1a\1a2bb0a7-ec95-453e-8821-455dc7082f51.jpg,True
322b859f-14ff-40db-9b58-ab19a466fd34,初中,艺术·舞蹈/影视/戏剧,八年级,上册,人美版,（根据2022年版课程标准修订）义务教育教科书•艺术•舞蹈八年级上册,output\教材封面\32\322b859f-14ff-40db-9b58-ab19a466fd34.jpg,True
1e7deb29-1fed-4759-bbb0-c07708ebcb46,初中,艺术·舞蹈/影视/戏剧,八年级,下册,人美版,（根据2022年版课程标准修订）义务教育教科书•艺术•影视（含数字媒体艺术）八年级下册,output\教材封面\1e\1e7deb29-1fed-4759-bbb0-c07708ebcb46.jpg,True
2a34b406-c735-3f08-52d7-0c8c201a6aca,高中,法语,高一年级,法语III（下册）,沪外教版,（根据2022年版课程标准修订）普通中学教科书·法语 III下册,output\教材封面\2a\2a34b406-c735-3f08-52d7-0c8c201a6aca.jpg,True
0ddc735b-f7c2-1407-8853-15ea3ec63b8a,初中,法语,七年级,下册,沪外教版,（根据2022年版课程标准修订）普通中学教科书·法语 起步下册,output\教材封面\0d\0ddc735b-f7c2-1407-8853-15ea3ec63b8a.jpg,True
291ab0fb-afd8-457a-af8a-63ee937d0840,初中,俄语,七年级,下册,人教版,（根据2022年版课程标准修订）义务教育教科书 俄语 七年级 下册,output\教材封面\29\291ab0fb-afd8-457a-af8a-63ee937d0840.jpg,True
92b0d867-b619-4dea-ad09-7948cd193d7b,初中,艺术·美术,七年级,下册,人美版(主编：李滢),（根据2022年版课程标准修订）义务教育教科书•艺术•美术• 七年级下册,output\教材封面\92\92b0d867-b619-4dea-ad09-7948cd193d7b.jpg,True
f87d5ec1-c719-4532-84b3-0f845f023711,初中,艺术·美术,七年级,下册,人美版(主编：陶涛),（根据2022年版课程标准修订）义务教育教科书•艺术•美术• 七年级下册,output\教材封面\f8\f87d5ec1-c719-4532-84b3-0f845f023711.jpg,True
34102688-1de1-4122-b928-a6998da7073a,小学,艺术·音乐,一年级,下册,人音版（主编：赵季平，杜永寿）,（根据2022年版课程标准修订）义务教育教科书•艺术•音乐（五线谱）（赵季平，杜永寿）一年级下册,output\教材封面\34\34102688-1de1-4122-b928-a6998da7073a.jpg,True
abefe580-658a-483e-9219-815897c3f9a2,小学,艺术·音乐,一年级,下册,人音版（主编：赵季平，杜永寿）,（根据2022年版课程标准修订）义务教育教科书•艺术•音乐（简谱）（赵季平，杜永寿）一年级下册,output\教材封面\ab\abefe580-658a-483e-9219-815897c3f9a2.jpg,True
09ce90a4-eff8-4f06-9d10-46e1f1cf7177,初中,艺术·音乐,七年级,下册,人音版（主编：赵季平，杜永寿）,（根据2022年版课程标准修订）义务教育教科书•艺术•音乐（五线谱）（赵季平，杜永寿）七年级下册,output\教材封面\09\09ce90a4-eff8-4f06-9d10-46e1f1cf7177.jpg,True
f6582166-fd20-4a25-a27e-6b68dbd6d28c,初中,艺术·音乐,七年级,下册,人音版（主编：赵季平，杜永寿）,（根据2022年版课程标准修订）义务教育教科书•艺术•音乐（简谱）（赵季平，杜永寿）七年级下册,output\教材封面\f6\f6582166-fd20-4a25-a27e-6b68dbd6d28c.jpg,True
3411b408-698b-4b8b-8483-a302b90139f5,,,,,,第18课 冒泡排序齐体验（1）,output\教材封面\34\3411b408-698b-4b8b-8483-a302b90139f5.jpg,True
f599c813-2e97-a581-1b25-08f45dd1dae1,,,,,,（根据2022年版课程标准修订）义务教育教科书·体育与健康学生用书 一年级（全一册）,output\教材封面\f5\f599c813-2e97-a581-1b25-08f45dd1dae1.jpg,True
68c6ba92-dc01-05e9-82ff-469a480e0da0,,,,,,（根据2022年版课程标准修订）义务教育教科书•体育与健康教师用书 篮球（全一册）,output\教材封面\68\68c6ba92-dc01-05e9-82ff-469a480e0da0.jpg,True
ffe2b0f0-528a-54f1-bff6-3919e6a21536,,,,,,（根据2022年版课程标准修订）义务教育教科书•体育与健康教师用书 篮球（全一册）,output\教材封面\ff\ffe2b0f0-528a-54f1-bff6-3919e6a21536.jpg,True
fc8d0e8d-694e-6fb7-6d5c-bc898c1e07c6,,,,,,（根据2022年版课程标准修订）义务教育教科书·体育与健康学生用书 七年级（全一册）,output\教材封面\fc\fc8d0e8d-694e-6fb7-6d5c-bc898c1e07c6.jpg,True
befa8908-a56e-4e2e-9fc7-7e69e6f50ea3,初中（五•四学制）,英语,六年级,下册,教科外研社版,（根据2022年版课程标准修订）义务教育教科书·英语（五四学制）六年级下册,output\教材封面\be\befa8908-a56e-4e2e-9fc7-7e69e6f50ea3.jpg,True
d068ad85-ce64-49f6-8ecd-11ee1e409c32,初中,英语,七年级,下册,译林版,（根据2022年版课程标准修订）义务教育教科书·英语 七年级下册,output\教材封面\d0\d068ad85-ce64-49f6-8ecd-11ee1e409c32.jpg,True
24e94978-5f1a-402d-afdd-f4848b9ac626,,,,,,义务教育教科书•体育与健康 学生用书 八年级（全一册）,output\教材封面\24\24e94978-5f1a-402d-afdd-f4848b9ac626.jpg,True
c1e0b428-2b48-ff36-6821-fbc889aae4d1,,,,,,义务教育教科书 体育与健康 二年级 全一册,output\教材封面\c1\c1e0b428-2b48-ff36-6821-fbc889aae4d1.jpg,True
ded02e4c-bb35-653c-a0c9-188315627507,,,,,,义务教育教科书•体育与健康 学生用书 七年级（全一册）,output\教材封面\de\ded02e4c-bb35-653c-a0c9-188315627507.jpg,True
b393d6e0-7c9b-1913-6398-7b93356cb633,,,,,,义务教育教科书•体育与健康 学生用书 三年级（全一册）,output\教材封面\b3\b393d6e0-7c9b-1913-6398-7b93356cb633.jpg,True
58b202c4-cd95-ac7e-ac2f-1d09b041e4eb,,,,,,义务教育教科书•体育与健康 学生用书 一年级（全一册）,output\教材封面\58\58b202c4-cd95-ac7e-ac2f-1d09b041e4eb.jpg,True
94d86ec1-56f3-8b5d-18f0-3aa0e23d954c,,,,,,义务教育教科书•体育与健康 学生用书 八年级（全一册）,output\教材封面\94\94d86ec1-56f3-8b5d-18f0-3aa0e23d954c.jpg,True
36f00480-9b45-a50e-18d9-190be1108b5b,,,,,,义务教育教科书•体育与健康 学生用书 二年级（全一册）,output\教材封面\36\36f00480-9b45-a50e-18d9-190be1108b5b.jpg,True
1e08faa7-eb83-789f-6571-36f88bd3462e,,,,,,义务教育教科书 学生用书 体育与健康 三年级（全一册）,output\教材封面\1e\1e08faa7-eb83-789f-6571-36f88bd3462e.jpg,True
e238e879-60f8-4cb4-5031-169440ba2903,,,,,,义务教育教科书•体育与健康 学生用书 二年级（全一册）,output\教材封面\e2\e238e879-60f8-4cb4-5031-169440ba2903.jpg,True
251c703b-6dd1-69cc-0c07-39aed0a6174b,,,,,,义务教育教科书•体育与健康 学生用书 三年级（全一册）,output\教材封面\25\251c703b-6dd1-69cc-0c07-39aed0a6174b.jpg,True
cd5825fc-ea3d-d1e6-7a14-4d3db606dc3b,,,,,,义务教育教科书•体育与健康 学生用书 八年级（全一册）,output\教材封面\cd\cd5825fc-ea3d-d1e6-7a14-4d3db606dc3b.jpg,True
daa5024e-3b7b-961e-2ae5-2b6f29120146,,,,,,义务教育教科书•体育与健康 学生用书 二年级（全一册）,output\教材封面\da\daa5024e-3b7b-961e-2ae5-2b6f29120146.jpg,True
cce1500d-a0fa-9fc6-356d-bb22f8a5cbff,,,,,,义务教育教科书•体育与健康 学生用书 七年级（全一册）,output\教材封面\cc\cce1500d-a0fa-9fc6-356d-bb22f8a5cbff.jpg,True
f2ac7403-4c8c-333e-c8ba-155815b31cf3,,,,,,义务教育教科书•体育与健康 学生用书 三年级（全一册）,output\教材封面\f2\f2ac7403-4c8c-333e-c8ba-155815b31cf3.jpg,True
b99b4ec1-8453-249b-217a-53fdbaf9500e,,,,,,义务教育教科书•体育与健康 学生用书 一年级（全一册）,output\教材封面\b9\b99b4ec1-8453-249b-217a-53fdbaf9500e.jpg,True
37f2f528-0f6d-781e-e1e6-e5621ae18449,,,,,,义务教育教科书•体育与健康 学生用书 八年级（全一册）,output\教材封面\37\37f2f528-0f6d-781e-e1e6-e5621ae18449.jpg,True
61c3d1d8-12bb-c488-075a-3ca7673db432,,,,,,义务教育教科书•体育与健康 学生用书 二年级（全一册）,output\教材封面\61\61c3d1d8-12bb-c488-075a-3ca7673db432.jpg,True
aaba4565-4f99-bf81-6f56-da4e5e1916a0,,,,,,义务教育教科书•体育与健康 学生用书 三年级（全一册）,output\教材封面\aa\aaba4565-4f99-bf81-6f56-da4e5e1916a0.jpg,True
b4ad7677-6d85-4e68-9f9d-d184e59c28cf,,,,,,义务教育教科书•体育与健康 学生用书 八年级（全一册）,output\教材封面\b4\b4ad7677-6d85-4e68-9f9d-d184e59c28cf.jpg,True
d9ec0279-28f1-7bea-c5e9-3bb491f84fe6,高中,法语,高二年级,法语IV（上册）,外研社版,（根据2022年版课程标准修订）普通中学教科书·法语 法语IV（上册）,output\教材封面\d9\d9ec0279-28f1-7bea-c5e9-3bb491f84fe6.jpg,True
723b8d96-1983-9d0d-7239-f4eeee210d3b,高中,法语,高二年级,法语IV（上册）,沪外教版,（根据2022年版课程标准修订）普通中学教科书·法语IV上册,output\教材封面\72\723b8d96-1983-9d0d-7239-f4eeee210d3b.jpg,True
949f1d42-db4d-8e97-6f01-d8dd2c0ea053,高中,德语,高二年级,G3,外研社版,（根据2022年版课程标准修订）普通中学教科书·德语 必修 G3,output\教材封面\94\949f1d42-db4d-8e97-6f01-d8dd2c0ea053.jpg,True
0b920cfd-facb-64ed-8bd5-5381c6a5232b,高中,西班牙语,高二年级,选择性必修第二册,外研社版,（根据2022年版课程标准修订）普通中学教科书·西班牙语 选择性必修第二册,output\教材封面\0b\0b920cfd-facb-64ed-8bd5-5381c6a5232b.jpg,True
a8ea0945-d5d6-f13f-8ae9-4155a5da5ed5,高中,西班牙语,高二年级,选择性必修第一册,外研社版,（根据2022年版课程标准修订）普通中学教科书·西班牙语 选择性必修第一册,output\教材封面\a8\a8ea0945-d5d6-f13f-8ae9-4155a5da5ed5.jpg,True
6e2e5a92-2e16-c60d-1c4e-6bad9ba2c7e4,,,,,,义务教育教科书（五•四学制）体育与健康 二年级（全一册）,output\教材封面\6e\6e2e5a92-2e16-c60d-1c4e-6bad9ba2c7e4.jpg,True
a1e5c8c6-4c48-ef74-755e-447f2d3750a7,,,,,,义务教育教科书（五•四学制）体育与健康 三年级（全一册）,output\教材封面\a1\a1e5c8c6-4c48-ef74-755e-447f2d3750a7.jpg,True
6c38921a-f7fa-978b-760d-3ebd5a830c1d,小学（五•四学制）,科学,二年级,上册,沪科技版,（根据2022年版课程标准修订）义务教育教科书（五•四学制）•科学二年级上册,output\教材封面\6c\6c38921a-f7fa-978b-760d-3ebd5a830c1d.jpg,True
eecc47ad-34cc-dd0b-3874-865ad3ded7c5,小学（五•四学制）,艺术·美术,二年级,上册,沪书画版,（根据2022年版课程标准修订）义务教育教科书（五•四学制）•艺术•美术二年级上册,output\教材封面\ee\eecc47ad-34cc-dd0b-3874-865ad3ded7c5.jpg,True
193ab567-a1d2-5ebd-b6b0-010ef945e044,小学（五•四学制）,艺术·音乐,二年级,上册,沪音版,（根据2022年版课程标准修订）义务教育教科书（五•四学制）•艺术•音乐二年级上册,output\教材封面\19\193ab567-a1d2-5ebd-b6b0-010ef945e044.jpg,True
ba55763b-2dc0-b05b-fb65-898bcfe44590,小学（五•四学制）,数学,二年级,上册,沪教版,（根据2022年版课程标准修订）义务教育教科书（五•四学制）•数学二年级上册,output\教材封面\ba\ba55763b-2dc0-b05b-fb65-898bcfe44590.jpg,True
4a112e52-8305-9bac-341a-6fc0c1dc8784,初中（五•四学制）,生物学,八年级,上册,沪教版,（根据2022年版课程标准修订）义务教育教科书（五•四学制）•生物学八年级上册,output\教材封面\4a\4a112e52-8305-9bac-341a-6fc0c1dc8784.jpg,True
593ad12e-2f0f-7c4e-8c6b-e1e242df0eee,,,,,,义务教育教科书（五•四学制）体育与健康 八年级（全一册）,output\教材封面\59\593ad12e-2f0f-7c4e-8c6b-e1e242df0eee.jpg,True
19003b28-0c80-3272-01fe-712a12eca5f9,初中（五•四学制）,艺术·美术,八年级,上册,沪书画版,（根据2022年版课程标准修订）义务教育教科书（五•四学制）•美术八年级上册,output\教材封面\19\19003b28-0c80-3272-01fe-712a12eca5f9.jpg,True
fd2e54fb-f77b-3bce-c81a-0ff76d9debe7,初中（五•四学制）,英语,八年级,上册,沪教版,（根据2022年版课程标准修订）义务教育教科书（五·四学制） 英语 八年级 上册,output\教材封面\fd\fd2e54fb-f77b-3bce-c81a-0ff76d9debe7.jpg,True
bb70cdcf-ae95-4dfb-5fe7-59d983cbb417,初中（五•四学制）,艺术·音乐,八年级,上册,沪音版,（根据2022年版课程标准修订）义务教育教科书（五•四学制）•音乐八年级上册,output\教材封面\bb\bb70cdcf-ae95-4dfb-5fe7-59d983cbb417.jpg,True
dfeb4d8c-b711-0605-a182-3911b978ed59,初中（五•四学制）,数学,八年级,上册,沪教版,（根据2022年版课程标准修订）义务教育教科书（五•四学制）•数学八年级上册,output\教材封面\df\dfeb4d8c-b711-0605-a182-3911b978ed59.jpg,True
8dedea4f-93b1-529b-bcb8-f3ce4be71279,初中（五•四学制）,物理,九年级,上册,沪科技版,（根据2022年版课程标准修订）义务教育教科书（五•四学制）•物理九年级上册,output\教材封面\8d\8dedea4f-93b1-529b-bcb8-f3ce4be71279.jpg,True
e631b16a-511c-141e-d712-dbb39be61c2c,初中（五•四学制）,化学,九年级,全一册,沪科技版,（根据2022年版课程标准修订）义务教育教科书（五•四学制）•化学九年级全一册,output\教材封面\e6\e631b16a-511c-141e-d712-dbb39be61c2c.jpg,True
a4fb0c4a-0529-195c-12a5-f7c73724208a,初中（五•四学制）,艺术·舞蹈/影视/戏剧,八年级,上册,沪教版,（根据2022年版课程标准修订）义务教育教科书（五•四学制）•艺术•影视（含数字媒体艺术）八年级上册,output\教材封面\a4\a4fb0c4a-0529-195c-12a5-f7c73724208a.jpg,True
69409fa0-b570-53c4-36cc-13ec6224d66a,初中（五•四学制）,艺术·舞蹈/影视/戏剧,八年级,上册,沪教版,（根据2022年版课程标准修订）义务教育教科书（五•四学制）•艺术•戏剧（含戏曲）八年级上册,output\教材封面\69\69409fa0-b570-53c4-36cc-13ec6224d66a.jpg,True
a08e54b1-5479-aedb-ea78-6582ba143777,初中（五•四学制）,艺术·舞蹈/影视/戏剧,八年级,上册,沪教版,（根据2022年版课程标准修订）义务教育教科书（五•四学制）•艺术•舞蹈八年级上册,output\教材封面\a0\a08e54b1-5479-aedb-ea78-6582ba143777.jpg,True
4df89e88-0b30-1f98-7fe8-5d81b1e6034f,,,,,,义务教育教科书•体育与健康 二年级（全一册）,output\教材封面\4d\4df89e88-0b30-1f98-7fe8-5d81b1e6034f.jpg,True
0dcfaaf2-cd84-09c7-252e-f4b68a38bf17,,,,,,义务教育教科书•体育与健康 三年级（全一册）,output\教材封面\0d\0dcfaaf2-cd84-09c7-252e-f4b68a38bf17.jpg,True
e555d4c1-8516-4297-5438-50027917a77c,,,,,,义务教育教科书• 体育与健康学生用书 二年级（全一册）,output\教材封面\e5\e555d4c1-8516-4297-5438-50027917a77c.jpg,True
b07ab1c2-43d7-8e0e-2ffd-cc46297934ca,,,,,,义务教育教科书• 体育与健康学生用书 三年级（全一册）,output\教材封面\b0\b07ab1c2-43d7-8e0e-2ffd-cc46297934ca.jpg,True
d9f4ebb4-45b8-90f3-d230-98f38130debb,小学,艺术·美术,二年级,上册,人美版（主编：黄宗贤）,（根据2022年版课程标准修订）义务教育教科书·美术二年级上册,output\教材封面\d9\d9f4ebb4-45b8-90f3-d230-98f38130debb.jpg,True
dc556642-8550-2874-0ee3-95b8581c8b9b,小学,艺术·美术,三年级,上册,人美版（主编：黄宗贤）,（根据2022年版课程标准修订）义务教育教科书·美术三年级上册,output\教材封面\dc\dc556642-8550-2874-0ee3-95b8581c8b9b.jpg,True
651695aa-4233-48b0-3f76-afa7cad33bdc,小学,英语,四年级,上册,粤教沪外教版,（根据2022年版课程标准修订）义务教育教科书·英语 四年级上册,output\教材封面\65\651695aa-4233-48b0-3f76-afa7cad33bdc.jpg,True
f3c9d192-b4b9-d536-6731-d9c8c538c64d,小学,英语,四年级,上册,外研社版(主编：张祖春）,（根据2022年版课程标准修订）义务教育教科书 英语 四年级上册,output\教材封面\f3\f3c9d192-b4b9-d536-6731-d9c8c538c64d.jpg,True
01d7476f-7fbd-738c-3127-ad261b9cbe83,小学,英语,五年级,上册,外研社版（主编：孙有中）,（根据2022年版课程标准修订）义务教育教科书 英语 五年级上册,output\教材封面\01\01d7476f-7fbd-738c-3127-ad261b9cbe83.jpg,True
cf593196-d7db-8090-2b1a-116a356dfde6,小学,英语,四年级,上册,外研社版（主编：刘兆义）,（根据2022年版课程标准修订）义务教育教科书 英语 四年级上册,output\教材封面\cf\cf593196-d7db-8090-2b1a-116a356dfde6.jpg,True
9bd74663-47c1-e76b-6f95-d51732c8a78b,小学,英语,四年级,上册,人教大同版,（根据2022年版课程标准修订）义务教育教科书 英语 四年级 上册,output\教材封面\9b\9bd74663-47c1-e76b-6f95-d51732c8a78b.jpg,True
0385ab87-c33f-56ae-8fcc-e37e590fadd7,小学,艺术·音乐,二年级,上册,人音版（五线谱）（主编：李心草）,（根据2022年版课程标准修订）义务教育教科书•艺术•音乐（五线谱）（李心草）二年级上册,output\教材封面\03\0385ab87-c33f-56ae-8fcc-e37e590fadd7.jpg,True
4587e621-bada-7224-e833-d1fd586d3851,小学,艺术·音乐,三年级,上册,人音版（五线谱）（主编：李心草）,（根据2022年版课程标准修订）义务教育教科书•艺术•音乐（五线谱）（李心草）三年级上册,output\教材封面\45\4587e621-bada-7224-e833-d1fd586d3851.jpg,True
60553e0b-5848-ea7d-a4c0-25b1f97a2508,小学,艺术·音乐,二年级,上册,鄂教版,（根据2022年版课程标准修订）义务教育教科书•艺术•音乐（简谱）二年级上册,output\教材封面\60\60553e0b-5848-ea7d-a4c0-25b1f97a2508.jpg,True
7f285702-7636-6761-3f43-93f20dffd2a6,小学,艺术·音乐,三年级,上册,鄂教版,（根据2022年版课程标准修订）义务教育教科书•艺术•音乐（简谱）三年级上册,output\教材封面\7f\7f285702-7636-6761-3f43-93f20dffd2a6.jpg,True
a0717aac-06e4-063c-ca01-2d315b09e024,小学,艺术·音乐,三年级,上册,教科版,（根据2022年版课程标准修订）义务教育教科书•艺术•音乐三年级上册,output\教材封面\a0\a0717aac-06e4-063c-ca01-2d315b09e024.jpg,True
9a7d2477-e509-8962-7e13-30b4ff1320a8,小学,艺术·音乐,二年级,上册,人音版（主编：赵季平，杜永寿）,（根据2022年版课程标准修订）义务教育教科书•艺术•音乐（简谱）（赵季平，杜永寿）二年级上册,output\教材封面\9a\9a7d2477-e509-8962-7e13-30b4ff1320a8.jpg,True
be361f1c-7290-a939-ec10-236f0b624e90,小学,艺术·音乐,二年级,上册,人音版（主编：赵季平，杜永寿）,（根据2022年版课程标准修订）义务教育教科书•艺术•音乐（五线谱）（赵季平，杜永寿）二年级上册,output\教材封面\be\be361f1c-7290-a939-ec10-236f0b624e90.jpg,True
a5256c3b-3244-db39-0fd3-aaed6de8b4d1,小学,艺术·音乐,三年级,上册,人音版（主编：赵季平，杜永寿）,（根据2022年版课程标准修订）义务教育教科书•艺术•音乐（简谱）（赵季平，杜永寿）三年级上册,output\教材封面\a5\a5256c3b-3244-db39-0fd3-aaed6de8b4d1.jpg,True
c56e3148-9062-e5a8-4c47-03b8447fb82b,小学,艺术·音乐,三年级,上册,人音版（主编：赵季平，杜永寿）,（根据2022年版课程标准修订）义务教育教科书•艺术•音乐（五线谱）（赵季平，杜永寿）三年级上册,output\教材封面\c5\c56e3148-9062-e5a8-4c47-03b8447fb82b.jpg,True
6961c6ef-d18c-a16a-e8c7-47e375515e3a,小学,科学,六年级,上册,教科版,义务教育教科书·科学·学生活动手册六年级上册,output\教材封面\69\6961c6ef-d18c-a16a-e8c7-47e375515e3a.jpg,True
04818af9-0b3b-6b98-31a0-e61b2977ef7b,小学,科学,六年级,上册,青岛版,义务教育教科书·科学·学生活动手册六年级上册,output\教材封面\04\04818af9-0b3b-6b98-31a0-e61b2977ef7b.jpg,True
a7a04f01-4f74-25a5-e12d-9aa52c9437f8,小学,艺术·音乐,二年级,上册,教科版,（根据2022年版课程标准修订）义务教育教科书•艺术•音乐二年级上册,output\教材封面\a7\a7a04f01-4f74-25a5-e12d-9aa52c9437f8.jpg,True
d51f0059-0bee-4f8e-2d7b-dda4eef1bf96,,,,,,义务教育教科书•体育与健康 八年级（全一册）,output\教材封面\d5\d51f0059-0bee-4f8e-2d7b-dda4eef1bf96.jpg,True
0d299ea8-9a59-a8ca-a9cb-2a93e5d000ec,,,,,,义务教育教科书体育与健康 八年级（全一册）,output\教材封面\0d\0d299ea8-9a59-a8ca-a9cb-2a93e5d000ec.jpg,True
55acb0cc-529f-2135-4257-c9af600b93d7,初中,艺术·美术,八年级,上册,人美版(主编：李滢),（根据2022年版课程标准修订）义务教育教科书•艺术•美术•八年级上册,output\教材封面\55\55acb0cc-529f-2135-4257-c9af600b93d7.jpg,True
77fceeac-8437-babd-6ada-f36a721f8599,初中,艺术·美术,八年级,上册,人美版(主编：陶涛),（根据2022年版课程标准修订）义务教育教科书•艺术•美术•八年级上册,output\教材封面\77\77fceeac-8437-babd-6ada-f36a721f8599.jpg,True
769d6fcf-4d11-1ed7-8e80-78b7c8d17733,初中,艺术·舞蹈/影视/戏剧,九年级,影视上册,教科版,（根据2022年版课程标准修订）义务教育教科书•艺术•影视（含数字媒体艺术）九年级上册,output\教材封面\76\769d6fcf-4d11-1ed7-8e80-78b7c8d17733.jpg,True
f955079a-00ce-6a59-d62a-96e3d81674a4,初中,艺术·舞蹈/影视/戏剧,九年级,戏剧上册,教科版,（根据2022年版课程标准修订）义务教育教科书•艺术•戏剧（含戏曲）九年级上册,output\教材封面\f9\f955079a-00ce-6a59-d62a-96e3d81674a4.jpg,True
78356663-fea5-4c98-0286-be8a901f4ee6,初中,艺术·舞蹈/影视/戏剧,九年级,上册,苏少版,（根据2022年版课程标准修订）义务教育教科书•艺术•影视（含数字媒体艺术）九年级上册,output\教材封面\78\78356663-fea5-4c98-0286-be8a901f4ee6.jpg,True
6f1b5d7a-72ee-2443-8744-be145d66a357,初中,艺术·舞蹈/影视/戏剧,九年级,上册,苏少版,（根据2022年版课程标准修订）义务教育教科书•艺术•戏剧（含戏曲）九年级上册,output\教材封面\6f\6f1b5d7a-72ee-2443-8744-be145d66a357.jpg,True
caa0fb50-f1e3-24c8-9296-14374c17fbd8,初中,艺术·舞蹈/影视/戏剧,九年级,上册,苏少版,（根据2022年版课程标准修订）义务教育教科书•艺术•舞蹈九年级上册,output\教材封面\ca\caa0fb50-f1e3-24c8-9296-14374c17fbd8.jpg,True
886d80b6-af17-e57a-eaf5-6b3223b1426f,初中,艺术·舞蹈/影视/戏剧,九年级,上册,湘文艺版,（根据2022年版课程标准修订）义务教育教科书•艺术•戏剧（含戏曲）九年级上册,output\教材封面\88\886d80b6-af17-e57a-eaf5-6b3223b1426f.jpg,True
776fc262-2169-5146-b0f8-61947f4f93a4,初中,艺术·舞蹈/影视/戏剧,九年级,上册,湘文艺版,（根据2022年版课程标准修订）义务教育教科书•艺术•舞蹈九年级上册,output\教材封面\77\776fc262-2169-5146-b0f8-61947f4f93a4.jpg,True
75f62313-14e0-a1a2-55b5-84e8b47091db,初中,艺术·舞蹈/影视/戏剧,九年级,上册,湘美版,（根据2022年版课程标准修订）义务教育教科书•艺术•影视（含数字媒体艺术）九年级上册,output\教材封面\75\75f62313-14e0-a1a2-55b5-84e8b47091db.jpg,True
ee16c51f-3b5a-aee6-b901-ff3eaae5bf74,初中,艺术·舞蹈/影视/戏剧,九年级,上册,湘美版,（根据2022年版课程标准修订）义务教育教科书•艺术•戏剧（含戏曲）九年级上册,output\教材封面\ee\ee16c51f-3b5a-aee6-b901-ff3eaae5bf74.jpg,True
6575bbbe-dc44-e32d-83ee-a433ea2586da,初中,艺术·舞蹈/影视/戏剧,九年级,上册,湘美版,（根据2022年版课程标准修订）义务教育教科书•艺术•舞蹈九年级上册,output\教材封面\65\6575bbbe-dc44-e32d-83ee-a433ea2586da.jpg,True
23ad107e-37cc-5751-f3c0-e5d234106b2d,初中,英语,八年级,上册,外研社版（主编：孙有中）,（根据2022年版课程标准修订）义务教育教科书·英语 八年级上册,output\教材封面\23\23ad107e-37cc-5751-f3c0-e5d234106b2d.jpg,True
70b3fcc2-5519-9b4e-0387-a9cea7b1b3dd,初中,艺术·音乐,八年级,上册,人音版（五线谱）（主编：李心草）,（根据2022年版课程标准修订）义务教育教科书•艺术•音乐（五线谱）（李心草）八年级上册,output\教材封面\70\70b3fcc2-5519-9b4e-0387-a9cea7b1b3dd.jpg,True
1acae560-022d-bbae-385f-0ae87d5392c1,初中,艺术·音乐,八年级,上册,鄂教版,（根据2022年版课程标准修订）义务教育教科书•艺术•音乐（简谱）八年级上册,output\教材封面\1a\1acae560-022d-bbae-385f-0ae87d5392c1.jpg,True
a31fe2b1-43ad-4fa2-5197-dce6098347a6,初中,艺术·音乐,八年级,上册,教科版,（根据2022年版课程标准修订）义务教育教科书•艺术•音乐八年级上册,output\教材封面\a3\a31fe2b1-43ad-4fa2-5197-dce6098347a6.jpg,True
f9000a23-23c1-d6d2-c3f0-2fb88fa83bca,初中,艺术·音乐,八年级,上册,人音版（主编：赵季平，杜永寿）,（根据2022年版课程标准修订）义务教育教科书•艺术•音乐（五线谱）（赵季平，杜永寿）八年级上册,output\教材封面\f9\f9000a23-23c1-d6d2-c3f0-2fb88fa83bca.jpg,True
a12b508f-3e9a-a318-56af-3924250f0b8e,初中,艺术·音乐,八年级,上册,人音版（主编：赵季平，杜永寿）,（根据2022年版课程标准修订）义务教育教科书•艺术•音乐（简谱）（赵季平，杜永寿）八年级上册,output\教材封面\a1\a12b508f-3e9a-a318-56af-3924250f0b8e.jpg,True
3b94ccaa-4603-3d3c-fa14-9da2e55bf14f,初中,法语,八年级,法语I（上册）,外研社版,（根据2022年版课程标准修订）普通中学教科书·法语 法语I上册,output\教材封面\3b\3b94ccaa-4603-3d3c-fa14-9da2e55bf14f.jpg,True
f872d497-2c40-286c-2118-0a7b55b5cf02,初中,法语,八年级,上册,沪外教版,（根据2022年版课程标准修订）普通中学教科书·法语I（上册） 起步上册,output\教材封面\f8\f872d497-2c40-286c-2118-0a7b55b5cf02.jpg,True
544d9657-785c-b37b-f975-5ae549b55b32,初中,德语,八年级,C3,外研社版,（根据2022年版课程标准修订）普通中学教科书·德语 必修 C3,output\教材封面\54\544d9657-785c-b37b-f975-5ae549b55b32.jpg,True
6fa50d26-2769-8258-bbf4-6f4c28f89461,初中,物理,九年级,全一册,北师大版（主编：李春密）,（根据2022年版课程标准修订）义务教育教科书•物理九年级全一册（主编：李春密）,output\教材封面\6f\6fa50d26-2769-8258-bbf4-6f4c28f89461.jpg,True
75f7ba74-5878-7803-28a0-76f3b8841c8a,初中,西班牙语,八年级,必修Ⅱ（上册）,外研社版,（根据2022年版课程标准修订）普通中学教科书·西班牙语 必修Ⅱ上册,output\教材封面\75\75f7ba74-5878-7803-28a0-76f3b8841c8a.jpg,True
083e8b09-8488-873d-d1f2-a915534fae81,初中,艺术·舞蹈/影视/戏剧,八年级,影视上册,粤教版,（根据2022年版课程标准修订）义务教育教科书•艺术•影视（含数字媒体艺术）八年级上册,output\教材封面\08\083e8b09-8488-873d-d1f2-a915534fae81.jpg,True
209bea1c-057e-d72f-9bd5-fad28a766e6c,初中,艺术·舞蹈/影视/戏剧,八年级,舞蹈上册,粤教版,（根据2022年版课程标准修订）义务教育教科书•艺术•戏剧（含戏曲）八年级上册,output\教材封面\20\209bea1c-057e-d72f-9bd5-fad28a766e6c.jpg,True
3c7f8505-385c-dfc2-3c3e-5a47e7ee8ada,初中,艺术·舞蹈/影视/戏剧,八年级,戏剧上册,粤教版,（根据2022年版课程标准修订）义务教育教科书 艺术 舞蹈 八年级 上册,output\教材封面\3c\3c7f8505-385c-dfc2-3c3e-5a47e7ee8ada.jpg,True
29c7ad86-fc38-6833-9dc5-7862bd91143a,初中,艺术·舞蹈/影视/戏剧,九年级,舞蹈下册,粤教版,（根据2022年版课程标准修订）义务教育教科书 艺术 舞蹈 九年级 下册,output\教材封面\29\29c7ad86-fc38-6833-9dc5-7862bd91143a.jpg,True
a67608a0-a784-527d-9db2-fdcc40e12f15,初中,艺术·舞蹈/影视/戏剧,八年级,戏剧上册,桂教版,（根据2022年版课程标准修订）义务教育教科书•艺术•戏剧（含戏曲）八年级上册,output\教材封面\a6\a67608a0-a784-527d-9db2-fdcc40e12f15.jpg,True
d7420e73-937d-7d91-b022-28af28ead6e0,初中,艺术·舞蹈/影视/戏剧,八年级,舞蹈上册,桂教版,（根据2022年版课程标准修订）义务教育教科书•艺术•舞蹈 八年级上册,output\教材封面\d7\d7420e73-937d-7d91-b022-28af28ead6e0.jpg,True
eb9fef72-01ba-5667-807c-99f3c3f023dc,初中,艺术·舞蹈/影视/戏剧,八年级,影视上册,冀少版,（根据2022年版课程标准修订）义务教育教科书•艺术•影视（含数字媒体艺术）八年级上册,output\教材封面\eb\eb9fef72-01ba-5667-807c-99f3c3f023dc.jpg,True
8308d8a6-aa53-b699-c0d2-9c947eb177be,初中,艺术·舞蹈/影视/戏剧,八年级,戏剧上册,冀少版,（根据2022年版课程标准修订）义务教育教科书•艺术•戏剧（含戏曲）八年级上册,output\教材封面\83\8308d8a6-aa53-b699-c0d2-9c947eb177be.jpg,True
f8e23860-25e8-241d-d290-1d531787af31,初中,艺术·舞蹈/影视/戏剧,八年级,舞蹈上册,冀少版,（根据2022年版课程标准修订）义务教育教科书•艺术•舞蹈八年级上册,output\教材封面\f8\f8e23860-25e8-241d-d290-1d531787af31.jpg,True
d3799ec0-de04-c4cd-6054-101d92c89594,初中,艺术·舞蹈/影视/戏剧,八年级,影视上册,沪教版,（根据2022年版课程标准修订）义务教育教科书•艺术•影视（含数字媒体艺术）八年级上册,output\教材封面\d3\d3799ec0-de04-c4cd-6054-101d92c89594.jpg,True
360ed851-9777-5193-2527-2cebb3b25e0d,初中,艺术·舞蹈/影视/戏剧,八年级,戏剧上册,沪教版,（根据2022年版课程标准修订）义务教育教科书•艺术•戏剧（含戏曲）八年级上册,output\教材封面\36\360ed851-9777-5193-2527-2cebb3b25e0d.jpg,True
b0846271-36af-fd00-f47e-bfe93b053cbd,初中,艺术·舞蹈/影视/戏剧,八年级,舞蹈上册,沪教版,（根据2022年版课程标准修订）义务教育教科书•义务教育教科书•艺术•舞蹈八年级上册,output\教材封面\b0\b0846271-36af-fd00-f47e-bfe93b053cbd.jpg,True
83e74cc8-705f-5012-4593-fdb0c25c9bd5,初中,艺术·舞蹈/影视/戏剧,八年级,影视上册,赣美版,（根据2022年版课程标准修订）艺术•影视（含数字媒体艺术）八年级上册,output\教材封面\83\83e74cc8-705f-5012-4593-fdb0c25c9bd5.jpg,True
d29f6a36-d430-e3a5-0294-d30cd6960e0b,初中,艺术·舞蹈/影视/戏剧,八年级,戏剧上册,赣美版,（根据2022年版课程标准修订）义务教育教科书•艺术•戏剧（含戏曲）八年级上册,output\教材封面\d2\d29f6a36-d430-e3a5-0294-d30cd6960e0b.jpg,True
500b6ba1-0da4-a092-ac6a-242a4618c235,初中,艺术·舞蹈/影视/戏剧,八年级,舞蹈上册,赣美版,（根据2022年版课程标准修订）义务教育教科书•艺术•舞蹈_八年级八年级上册,output\教材封面\50\500b6ba1-0da4-a092-ac6a-242a4618c235.jpg,True
489cd397-eb43-7099-ccd2-3b05644a1722,初中,艺术·舞蹈/影视/戏剧,八年级,影视上册,辽海版,（根据2022年版课程标准修订）义务教育教科书•艺术•影视（含数字媒体艺术）八年级上册,output\教材封面\48\489cd397-eb43-7099-ccd2-3b05644a1722.jpg,True
bc42eb75-b48c-6303-4db7-9fc05c91d3f8,初中,艺术·舞蹈/影视/戏剧,八年级,戏剧上册,辽海版,（根据2022年版课程标准修订）义务教育教科书•艺术•戏剧（含戏曲）八年级上册,output\教材封面\bc\bc42eb75-b48c-6303-4db7-9fc05c91d3f8.jpg,True
a938517f-ff4d-f688-6b53-0160b43b4ef1,初中,艺术·舞蹈/影视/戏剧,八年级,舞蹈上册,辽海版,（根据2022年版课程标准修订）义务教育教科书•艺术•舞蹈八年级上册,output\教材封面\a9\a938517f-ff4d-f688-6b53-0160b43b4ef1.jpg,True
2a3ee363-d6f0-3c4a-8863-d31264b36318,初中,艺术·舞蹈/影视/戏剧,八年级,影视上册,岭南美版,（根据2022年版课程标准修订）义务教育教科书•艺术•影视（含数字媒体艺术）八年级上册,output\教材封面\2a\2a3ee363-d6f0-3c4a-8863-d31264b36318.jpg,True
efd10b43-aa83-2321-8389-b55bb4e084ab,初中,艺术·舞蹈/影视/戏剧,八年级,戏剧上册,岭南美版,（根据2022年版课程标准修订）义务教育教科书•艺术•戏剧（含戏曲）八年级上册,output\教材封面\ef\efd10b43-aa83-2321-8389-b55bb4e084ab.jpg,True
2672a0a1-cbc0-6c59-181e-cfa87d254ab0,初中,艺术·舞蹈/影视/戏剧,八年级,舞蹈上册,岭南美版,（根据2022年版课程标准修订）义务教育教科书•艺术•舞蹈八年级上册,output\教材封面\26\2672a0a1-cbc0-6c59-181e-cfa87d254ab0.jpg,True
e46d5434-ff33-f12b-228b-ea092b085371,初中,艺术·舞蹈/影视/戏剧,九年级,舞蹈上册,人美版,（根据2022年版课程标准修订）义务教育教科书•艺术•舞蹈九年级上册,output\教材封面\e4\e46d5434-ff33-f12b-228b-ea092b085371.jpg,True
63dbfc52-7b6a-10b0-abcb-c99b04338477,初中,艺术·舞蹈/影视/戏剧,九年级,影视上册,人美版,（根据2022年版课程标准修订）义务教育教科书•艺术•影视（含数字媒体艺术）九年级上册,output\教材封面\63\63dbfc52-7b6a-10b0-abcb-c99b04338477.jpg,True
63c47d17-8375-2bbe-5400-c83f781aaa9d,初中,艺术·舞蹈/影视/戏剧,九年级,戏剧上册,人美版,（根据2022年版课程标准修订）义务教育教科书•艺术•戏剧（含戏曲）九年级上册,output\教材封面\63\63c47d17-8375-2bbe-5400-c83f781aaa9d.jpg,True
6f72d47b-419d-f035-dff2-cd6fbbcced20,初中,艺术·舞蹈/影视/戏剧,八年级,舞蹈上册,人音版,（根据2022年版课程标准修订）义务教育教科书•艺术•舞蹈八年级上册,output\教材封面\6f\6f72d47b-419d-f035-dff2-cd6fbbcced20.jpg,True
266b4469-6063-b055-1c8c-cfbd69c6159f,初中,艺术·舞蹈/影视/戏剧,八年级,影视上册,人音版,（根据2022年版课程标准修订）义务教育教科书•艺术•影视（含数字媒体艺术）八年级上册,output\教材封面\26\266b4469-6063-b055-1c8c-cfbd69c6159f.jpg,True
fb899364-be5d-92fd-1e3f-cbc2c7bd70bc,初中,艺术·舞蹈/影视/戏剧,八年级,戏剧上册,人音版,（根据2022年版课程标准修订）义务教育教科书•艺术•戏剧（含戏曲）八年级上册,output\教材封面\fb\fb899364-be5d-92fd-1e3f-cbc2c7bd70bc.jpg,True
3977206d-f4db-5327-d19c-5f79504a6b30,初中,艺术·舞蹈/影视/戏剧,八年级,影视上册,西南大学版,（根据2022年版课程标准修订）义务教育教科书•艺术•影视（含数字媒体艺术）八年级上册,output\教材封面\39\3977206d-f4db-5327-d19c-5f79504a6b30.jpg,True
2b58e293-6b4c-0e1d-0df2-c1b87224746e,初中,艺术·舞蹈/影视/戏剧,八年级,戏剧上册,西南大学版,（根据2022年版课程标准修订）义务教育教科书•艺术•戏剧（含戏曲）八年级上册,output\教材封面\2b\2b58e293-6b4c-0e1d-0df2-c1b87224746e.jpg,True
9dc7748c-28dd-24a3-f975-4e22c06fb98e,初中,艺术·舞蹈/影视/戏剧,八年级,舞蹈上册,西南大学版,（根据2022年版课程标准修订）义务教育教科书•艺术•舞蹈八年级上册,output\教材封面\9d\9dc7748c-28dd-24a3-f975-4e22c06fb98e.jpg,True
c6eb14af-0fab-47af-54ea-4a6bdbd0d930,初中,艺术·舞蹈/影视/戏剧,九年级,舞蹈上册,教科版,（根据2022年版课程标准修订）义务教育教科书•艺术•舞蹈九年级上册,output\教材封面\c6\c6eb14af-0fab-47af-54ea-4a6bdbd0d930.jpg,True
0233940f-040a-577f-6840-238ce38302d4,初中,艺术·舞蹈/影视/戏剧,九年级,上册,湘文艺版,（根据2022年版课程标准修订）义务教育教科书•艺术•影视（含数字媒体艺术）九年级上册,output\教材封面\02\0233940f-040a-577f-6840-238ce38302d4.jpg,True
e1510b93-cba2-87cc-3a2e-09044763d404,,,,,,义务教育教科书体育与健康 八年级（全一册）,output\教材封面\e1\e1510b93-cba2-87cc-3a2e-09044763d404.jpg,True
b4f865fa-3203-4481-a30e-6610934519c1,,,,,,义务教育教科书（五•四学制）•体育与健康 学生用书 三年级（全一册）,output\教材封面\b4\b4f865fa-3203-4481-a30e-6610934519c1.jpg,True
b2067a0c-fdc1-4889-8b6c-28047da7395e,,,,,,义务教育教科书（五•四学制）体育与健康 二年级（全一册）,output\教材封面\b2\b2067a0c-fdc1-4889-8b6c-28047da7395e.jpg,True
157a712c-5e58-4267-9d06-27fb9a09c89e,,,,,,义务教育教科书（五•四学制）体育与健康 八年级（全一册）,output\教材封面\15\157a712c-5e58-4267-9d06-27fb9a09c89e.jpg,True
033a4870-04a1-44ae-9046-653019cef3fb,初中（五•四学制）,英语,七年级,上册,教科外研社版,（根据2022年版课程标准修订）义务教育教科书·英语（五四学制）七年级上册,output\教材封面\03\033a4870-04a1-44ae-9046-653019cef3fb.jpg,True
9236ba0e-ba7a-d57b-3fad-1eb04b243bfb,特殊教育,生活数学,九年级,上册,,培智学校义务教育实验教科书 生活数学 九年级 上册,output\教材封面\92\9236ba0e-ba7a-d57b-3fad-1eb04b243bfb.jpg,True
8312935a-ce7d-241e-b869-41f0cc421cf1,特殊教育,生活适应,九年级,上册,,培智学校义务教育实验教科书 生活适应 九年级 上册,output\教材封面\83\8312935a-ce7d-241e-b869-41f0cc421cf1.jpg,True
9eca9c20-7dbf-f346-be2c-30942e70ad36,特殊教育,生活语文,九年级,上册,,培智学校义务教育实验教科书 生活语文 九年级 上册,output\教材封面\9e\9eca9c20-7dbf-f346-be2c-30942e70ad36.jpg,True
1f621fe9-dd69-b58f-d133-d90614673e12,特殊教育,美工,三年级,全一册,,盲校义务教育实验教科书 美工 低视力版 三年级 全一册,output\教材封面\1f\1f621fe9-dd69-b58f-d133-d90614673e12.jpg,True
36a35707-3aac-82ac-2733-ffda251f7c88,特殊教育,美工,四年级,全一册,,盲校义务教育实验教科书 美工 低视力版 四年级 全一册,output\教材封面\36\36a35707-3aac-82ac-2733-ffda251f7c88.jpg,True
cdca3cd4-db67-c8f2-7c9f-77e5ba8b47a9,特殊教育,美工,五年级,全一册,,盲校义务教育实验教科书 美工 低视力版 五年级 全一册,output\教材封面\cd\cdca3cd4-db67-c8f2-7c9f-77e5ba8b47a9.jpg,True
e254affc-c957-8033-67be-8a3dd36e2c5b,特殊教育,美工,六年级,全一册,,盲校义务教育实验教科书 美工 低视力版 六年级 全一册,output\教材封面\e2\e254affc-c957-8033-67be-8a3dd36e2c5b.jpg,True
b16dfebf-ad5d-fce5-dcb2-4330674109f5,特殊教育,美工,七年级,全一册,,盲校义务教育实验教科书 美工 低视力版 七年级 全一册,output\教材封面\b1\b16dfebf-ad5d-fce5-dcb2-4330674109f5.jpg,True
98d2d398-b69a-f6da-5713-1f60b41e4ae1,特殊教育,美工,八年级,全一册,,盲校义务教育实验教科书 美工 低视力版 八年级 全一册,output\教材封面\98\98d2d398-b69a-f6da-5713-1f60b41e4ae1.jpg,True
942b071f-965d-ce6c-5d0e-131178955867,特殊教育,美工,九年级,全一册,,盲校义务教育实验教科书 美工 低视力版 九年级 全一册,output\教材封面\94\942b071f-965d-ce6c-5d0e-131178955867.jpg,True
4c420aab-5780-46bc-69a0-1c605e330749,特殊教育,律动,一年级,上册,,聋校义务教育实验教科书 律动 一年级 上册,output\教材封面\4c\4c420aab-5780-46bc-69a0-1c605e330749.jpg,True
7864bb02-beda-7ff3-1699-9edd46e65e9f,特殊教育,律动,二年级,上册,,聋校义务教育实验教科书 律动 二年级 上册,output\教材封面\78\7864bb02-beda-7ff3-1699-9edd46e65e9f.jpg,True
60167b04-8703-bdc1-11fe-41526f290cc3,特殊教育,律动,三年级,上册,,聋校义务教育实验教科书 律动 三年级 上册,output\教材封面\60\60167b04-8703-bdc1-11fe-41526f290cc3.jpg,True
eed2c222-26ca-d094-7160-c357981d2df9,特殊教育,美术,八年级,上册,,聋校义务教育实验教科书 美术 八年级 上册,output\教材封面\ee\eed2c222-26ca-d094-7160-c357981d2df9.jpg,True
8ff55aee-6cdf-488f-59ec-8b72d23ab1fd,特殊教育,语文,九年级,上册,,聋校义务教育实验教科书 语文 九年级 上册,output\教材封面\8f\8ff55aee-6cdf-488f-59ec-8b72d23ab1fd.jpg,True
71b799d8-b435-61d8-591f-d1db5664041f,特殊教育,生物学,七年级,上册,,聋校义务教育实验教科书 生物学 七年级 上册,output\教材封面\71\71b799d8-b435-61d8-591f-d1db5664041f.jpg,True
ee1d66a6-8b8a-cb67-15e5-8320de36d8b4,小学,体育与健康,二年级,全一册,人教版,（根据2022年版课程标准修订）义务教育教科书 体育与健康 二年级 全一册,output\教材封面\ee\ee1d66a6-8b8a-cb67-15e5-8320de36d8b4.jpg,True
57156092-4f9c-80ff-8bd3-e28596e0c0db,小学,体育与健康,三年级,全一册,人教版,（根据2022年版课程标准修订）义务教育教科书 体育与健康 三年级 全一册,output\教材封面\57\57156092-4f9c-80ff-8bd3-e28596e0c0db.jpg,True
e67653fa-df2f-f199-17bf-f354dd5821d3,小学,体育与健康,三至四年级,全一册,人教版,义务教育教师用书 体育与健康 3至4年级 全一册,output\教材封面\e6\e67653fa-df2f-f199-17bf-f354dd5821d3.jpg,True
204be2e5-7af9-86db-2a70-bd8b5cf20675,小学,体育与健康,五至六年级,全一册,人教版,义务教育教师用书 体育与健康 5至6年级 全一册,output\教材封面\20\204be2e5-7af9-86db-2a70-bd8b5cf20675.jpg,True
4648aca1-ef0e-5790-c13d-66b5b4fc06b5,小学,英语,四年级,上册,人教版（精通）（主编：苗兴伟）,（根据2022年版课程标准修订）义务教育教科书·英语（精通）四年级上册,output\教材封面\46\4648aca1-ef0e-5790-c13d-66b5b4fc06b5.jpg,True
d4bc29ea-c198-8bee-74af-976be2d7ce60,初中,俄语,八年级,上册,人教版,（根据2022年版课程标准修订）义务教育教科书 俄语 八年级 上册,output\教材封面\d4\d4bc29ea-c198-8bee-74af-976be2d7ce60.jpg,True
8e31c8e2-e2f1-ac08-78cf-ce56727cc3d4,初中,艺术·舞蹈/影视/戏剧,九年级,戏剧上册,人教版,（根据2022年版课程标准修订）义务教育教科书 艺术 戏剧 九年级 上册,output\教材封面\8e\8e31c8e2-e2f1-ac08-78cf-ce56727cc3d4.jpg,True
2c334e0f-79ba-1f13-7bea-b7a3e30fa196,初中,艺术·舞蹈/影视/戏剧,九年级,影视上册,人教版,（根据2022年版课程标准修订）义务教育教科书 艺术 影视（含数字媒体艺术） 九年级 上册,output\教材封面\2c\2c334e0f-79ba-1f13-7bea-b7a3e30fa196.jpg,True
3b9479c7-c23d-380a-1087-2224cf5ea21c,初中,艺术·舞蹈/影视/戏剧,九年级,舞蹈上册,人教版,（根据2022年版课程标准修订）义务教育教科书 艺术 舞蹈 九年级 上册,output\教材封面\3b\3b9479c7-c23d-380a-1087-2224cf5ea21c.jpg,True
0b612a58-cb04-0079-06ca-3fa0f245327f,初中（五•四学制）,道德与法治,六年级,上册,统编版,（根据2022年版课程标准修订）义务教育教科书（五·四学制） 道德与法治 六年级 上册,output\教材封面\0b\0b612a58-cb04-0079-06ca-3fa0f245327f.jpg,True
6a39a134-3ddf-b8c8-4a03-236cfde8d555,小学,英语,三年级,上册,北师大版,（根据2022年版课程标准修订）义务教育教科书 英语 三年级上册,output\教材封面\6a\6a39a134-3ddf-b8c8-4a03-236cfde8d555.jpg,True
331959b8-d722-eac6-5466-4bac34806136,初中,英语,七年级,上册,北师大版,（根据2022年版课程标准修订）义务教育教科书 英语 七年级上册,output\教材封面\33\331959b8-d722-eac6-5466-4bac34806136.jpg,True
85abe93c-f91e-0b0a-0afa-ebe2655e03a0,小学,英语,三年级,上册,人教大同版,（根据2022年版课程标准修订）义务教育教科书 英语 三年级 上册,output\教材封面\85\85abe93c-f91e-0b0a-0afa-ebe2655e03a0.jpg,True
98898ff4-2395-cffd-1e18-65bd94cfeb08,小学,英语,三年级,上册,闽教版,（根据2022年版课程标准修订）义务教育教科书•英语 三年级上册,output\教材封面\98\98898ff4-2395-cffd-1e18-65bd94cfeb08.jpg,True
165e5e24-7ba7-91db-5db7-35f126e1ef88,小学,英语,三年级,上册,粤教沪外教版,（根据2022年版课程标准修订）义务教育教科书·英语 三年级上册,output\教材封面\16\165e5e24-7ba7-91db-5db7-35f126e1ef88.jpg,True
eb854fe4-52bf-b3ec-c12b-7825b6c61255,小学,英语,三年级,上册,冀教版,（根据2022年版课程标准修订）义务教育教科书·英语 三年级上册,output\教材封面\eb\eb854fe4-52bf-b3ec-c12b-7825b6c61255.jpg,True
6bc0797f-f38f-d43f-3849-cfca0acb0f11,初中,英语,七年级,上册,冀教版,（根据2022年版课程标准修订）义务教育教科书·英语 七年级上册,output\教材封面\6b\6bc0797f-f38f-d43f-3849-cfca0acb0f11.jpg,True
58bb2298-740a-d9b2-20b1-439bf7afc7c8,初中（五•四学制）,英语,六年级,上册,教科外研社版,（根据2022年版课程标准修订）义务教育教科书·英语（五四学制）六年级上册,output\教材封面\58\58bb2298-740a-d9b2-20b1-439bf7afc7c8.jpg,True
c376a427-6b9f-dd31-c352-e065cd754a10,小学,英语,三年级,上册,教科版（主编：龚亚夫&鲁宗干）,（根据2022年版课程标准修订）义务教育教科书•英语 三年级上册,output\教材封面\c3\c376a427-6b9f-dd31-c352-e065cd754a10.jpg,True
fe431b88-6bd5-6745-4a08-2e155bb60caa,小学,英语,三年级,下册,教科版（主编：龚亚夫&鲁宗干）,（根据2022年版课程标准修订）义务教育教科书·英语三年级下册,output\教材封面\fe\fe431b88-6bd5-6745-4a08-2e155bb60caa.jpg,True
5b9e5c85-cad3-5e2a-5884-2e154e45fe00,小学,英语,三年级,上册,科普版,（根据2022年版课程标准修订）义务教育教科书. 英语 三年级 上册,output\教材封面\5b\5b9e5c85-cad3-5e2a-5884-2e154e45fe00.jpg,True
4360e8a1-7e94-34ab-eeaa-57819834b24b,初中,英语,七年级,上册,科普版,（根据2022年版课程标准修订）义务教育教科书 英语七年级上册,output\教材封面\43\4360e8a1-7e94-34ab-eeaa-57819834b24b.jpg,True
0b4281ed-ea46-4e2a-a873-a735bb40fec2,小学,英语,三年级,上册,辽宁师大版,（根据2022年版课程标准修订）义务教育教科书·英语·三年级上册,output\教材封面\0b\0b4281ed-ea46-4e2a-a873-a735bb40fec2.jpg,True
389692e9-3214-96ea-e311-d26d867677dd,初中（五•四学制）,英语,六年级,上册,鲁教版,（根据2022年版课程标准修订）义务教育教书（五·四学制）·英语（六年级上册）,output\教材封面\38\389692e9-3214-96ea-e311-d26d867677dd.jpg,True
5a309d2f-bd77-40ea-2407-86d2cb46c1c7,小学（五•四学制）,英语,三年级,上册,鲁科版,（根据2022年版课程标准修订）义务教育教科书（五·四学制）·英语 三年级上册,output\教材封面\5a\5a309d2f-bd77-40ea-2407-86d2cb46c1c7.jpg,True
8fdad58d-3e74-2b36-522b-18a5113c0bd8,小学,英语,三年级,上册,陕旅版,（根据2022年版课程标准修订）义务教育教科书·英语 三年级上册,output\教材封面\8f\8fdad58d-3e74-2b36-522b-18a5113c0bd8.jpg,True
4a7492f6-ef07-50bf-edaf-5bc2625e8b8d,初中（五•四学制）,英语,七年级,上册,沪教版,（根据2022年版课程标准修订）义务教育教科书（五·四学制） 英语 七年级 上册,output\教材封面\4a\4a7492f6-ef07-50bf-edaf-5bc2625e8b8d.jpg,True
30122fd0-1bb6-f966-79fe-fa47afedd842,初中（五•四学制）,英语,六年级,上册,沪教版,（根据2022年版课程标准修订）义务教育教科书（五·四学制） 英语 六年级 上册,output\教材封面\30\30122fd0-1bb6-f966-79fe-fa47afedd842.jpg,True
8894b571-bd8c-27a4-4390-cb74f7ddc81f,小学,英语,三年级,上册,沪教版,（根据2022年版课程标准修订）义务教育教科书 • 英语 三年级上册,output\教材封面\88\8894b571-bd8c-27a4-4390-cb74f7ddc81f.jpg,True
dcba2daf-0832-7ef4-2490-ceb47ff8fa2a,初中,英语,七年级,上册,沪教版,（根据2022年版课程标准修订）义务教育教科书 英语 七年级 上册,output\教材封面\dc\dcba2daf-0832-7ef4-2490-ceb47ff8fa2a.jpg,True
3e5abc1b-2bc3-7e27-6525-2138ef0b298b,初中,英语,七年级,上册,沪外教版,（根据2022年版课程标准修订）义务教育教科书·英语 七年级上册,output\教材封面\3e\3e5abc1b-2bc3-7e27-6525-2138ef0b298b.jpg,True
abe9d1de-2c6a-ee6b-d0ee-b6ea8247caa1,小学,英语,三年级,上册,川教版,（根据2022年版课程标准修订）义务教育教科书•英语 三年级上册,output\教材封面\ab\abe9d1de-2c6a-ee6b-d0ee-b6ea8247caa1.jpg,True
e51639ec-78db-84cf-c1f5-100c3565cb85,小学,英语,三年级,上册,外研社版（主编：孙有中）,（根据2022年版课程标准修订）义务教育教科书 英语 三年级上册,output\教材封面\e5\e51639ec-78db-84cf-c1f5-100c3565cb85.jpg,True
b7ca9536-ccd7-a4db-56b3-971645c54515,初中,英语,七年级,上册,外研社版（主编：孙有中）,（根据2022年版课程标准修订）义务教育教科书·英语 七年级上册,output\教材封面\b7\b7ca9536-ccd7-a4db-56b3-971645c54515.jpg,True
aa2275a3-f969-c5fe-1c2c-d08b92223b67,小学,英语,三年级,上册,译林版,（根据2022年版课程标准修订）义务教育教科书·英语 三年级上册,output\教材封面\aa\aa2275a3-f969-c5fe-1c2c-d08b92223b67.jpg,True
c69fbfe9-1233-33a6-d354-45ec9a34d1c9,初中,英语,七年级,上册,译林版,（根据2022年版课程标准修订）义务教育教科书·英语 七年级上册,output\教材封面\c6\c69fbfe9-1233-33a6-d354-45ec9a34d1c9.jpg,True
9a9d9088-481d-9ffa-6092-e9a75e59deeb,小学,英语,三年级,上册,北京版,（根据2022年版课程标准修订）义务教育教科书•英语 三年级上册,output\教材封面\9a\9a9d9088-481d-9ffa-6092-e9a75e59deeb.jpg,True
b3c7d0d5-d148-f4c3-ed2a-ebef1e651fe6,小学,英语,三年级,上册,人教版（PEP）（主编：吴欣）,（根据2022年版课程标准修订）义务教育教科书 英语 （PEP）三年级 上册,output\教材封面\b3\b3c7d0d5-d148-f4c3-ed2a-ebef1e651fe6.jpg,True
21dab880-b5f0-b116-1996-9a9e36e4e398,小学,英语,三年级,上册,人教版（精通）（主编：苗兴伟）,（根据2022年版课程标准修订）义务教育教科书 英语（精通） 三年级 上册,output\教材封面\21\21dab880-b5f0-b116-1996-9a9e36e4e398.jpg,True
68d46462-868d-ccd5-9ea0-c385214b76e6,初中,英语,七年级,上册,人教版,（根据2022年版课程标准修订）义务教育教科书 英语 七年级 上册,output\教材封面\68\68d46462-868d-ccd5-9ea0-c385214b76e6.jpg,True
6992d6f3-2f8f-7df1-bd5b-cd18e6a7a149,小学,英语,三年级,上册,外研社版（主编：刘兆义）,（根据2022年版课程标准修订）义务教育教科书 英语 三年级上册,output\教材封面\69\6992d6f3-2f8f-7df1-bd5b-cd18e6a7a149.jpg,True
25af4b37-896b-b56b-389b-e5b785122780,小学,英语,三年级,上册,湘少版,（根据2022年版课程标准修订）义务教育教科书 英语 三年级上册,output\教材封面\25\25af4b37-896b-b56b-389b-e5b785122780.jpg,True
2f82125b-9f17-8415-4576-89799231e916,小学,英语,三年级,上册,鲁教湘教版,（根据2022年版课程标准修订）义务教育教科书 英语 三年级上册,output\教材封面\2f\2f82125b-9f17-8415-4576-89799231e916.jpg,True
24be42e0-eef0-da87-cf00-71cb9257e172,,,,,,义务教育信息科技课程教学指南和配套课件使用说明,output\教材封面\24\24be42e0-eef0-da87-cf00-71cb9257e172.jpg,True
618f56d6-ffaa-6c1a-b061-6fabbb4e79d5,,,,,,义务教育信息科技课程教学指南 信息交流与分享 一年级全一册,output\教材封面\61\618f56d6-ffaa-6c1a-b061-6fabbb4e79d5.jpg,True
6e9e1605-3461-a266-d377-d1311eadc8db,,,,,,活动1 数字设备我推荐,output\教材封面\6e\6e9e1605-3461-a266-d377-d1311eadc8db.jpg,True
1fcfca67-a878-6d96-9d57-b4fdffa33e95,,,,,,活动2 音乐诗词任我听,output\教材封面\1f\1fcfca67-a878-6d96-9d57-b4fdffa33e95.jpg,True
16376dc1-fb3f-8307-0c42-2ad8eb7d5592,,,,,,活动3 拼音识字助我学,output\教材封面\16\16376dc1-fb3f-8307-0c42-2ad8eb7d5592.jpg,True
9df31fe8-2b48-5084-54a8-d761e09eabdb,,,,,,活动4  助我数学有进步,output\教材封面\9d\9df31fe8-2b48-5084-54a8-d761e09eabdb.jpg,True
ab1c8288-6344-695b-1091-41161c455e50,,,,,,活动5 有问必答很智能,output\教材封面\ab\ab1c8288-6344-695b-1091-41161c455e50.jpg,True
71b3e516-f201-7372-9e19-f4152fa13b9e,,,,,,活动7  和谐社区我来拍,output\教材封面\71\71b3e516-f201-7372-9e19-f4152fa13b9e.jpg,True
92c796f3-30b7-03dd-bb5d-64e19da01e25,,,,,,活动8  录音录像展才艺,output\教材封面\92\92c796f3-30b7-03dd-bb5d-64e19da01e25.jpg,True
8b386801-64ed-9816-5dfe-e8a1e719d7d7,,,,,,活动9  手指画画真灵活,output\教材封面\8b\8b386801-64ed-9816-5dfe-e8a1e719d7d7.jpg,True
1a6e4ba6-a05f-c853-ddc1-11305b94eda6,,,,,,活动10 信息分享有意义,output\教材封面\1a\1a6e4ba6-a05f-c853-ddc1-11305b94eda6.jpg,True
88231be4-427e-540e-5116-b43c503b450e,,,,,,活动11 朋友圈中你我她,output\教材封面\88\88231be4-427e-540e-5116-b43c503b450e.jpg,True
1f396b59-a697-9ec7-4525-391aae577075,,,,,,活动12 信息分享有范围,output\教材封面\1f\1f396b59-a697-9ec7-4525-391aae577075.jpg,True
5848f60c-e0b1-71be-905e-d632c4d55c8a,,,,,,活动14 让我来为你点赞,output\教材封面\58\5848f60c-e0b1-71be-905e-d632c4d55c8a.jpg,True
78bc43e2-c9a3-a3f3-8416-44b3fb256d65,,,,,,活动16 出行信息要查好,output\教材封面\78\78bc43e2-c9a3-a3f3-8416-44b3fb256d65.jpg,True
42943202-c423-2470-b0b2-31bb271f7c51,,,,,,活动17 找个聪明带路人,output\教材封面\42\42943202-c423-2470-b0b2-31bb271f7c51.jpg,True
584c49be-eeee-14f3-d0a9-3ce8069d5865,,,,,,活动18 便利服务随时有,output\教材封面\58\584c49be-eeee-14f3-d0a9-3ce8069d5865.jpg,True
7dec727f-bf03-4fb4-5b6c-42163628231f,,,,,,义务教育信息科技课程教学指南和配套课件使用说明,output\教材封面\7d\7dec727f-bf03-4fb4-5b6c-42163628231f.jpg,True
18fee49b-d982-111b-5bce-2fb7be717696,,,,,,义务教育信息科技课程教学指南 信息隐私与安全 二年级全一册,output\教材封面\18\18fee49b-d982-111b-5bce-2fb7be717696.jpg,True
963324cd-c18f-5bf7-4955-41d1ccf79f77,,,,,,活动1 数字设备健康用,output\教材封面\96\963324cd-c18f-5bf7-4955-41d1ccf79f77.jpg,True
0cdda6f7-0a4d-9c6c-e054-ce869df021dc,,,,,,活动2 正确使用有方法,output\教材封面\0c\0cdda6f7-0a4d-9c6c-e054-ce869df021dc.jpg,True
042fa7af-af1a-881b-1091-11dbafc54dbf,,,,,,活动3  使用时间有规划,output\教材封面\04\042fa7af-af1a-881b-1091-11dbafc54dbf.jpg,True
bfa57d7b-6394-72bb-c2b9-802b3dc104ab,,,,,,活动4 保护身体小妙招,output\教材封面\bf\bfa57d7b-6394-72bb-c2b9-802b3dc104ab.jpg,True
667ad24e-b3dc-3bef-ccc0-003c6a656c99,,,,,,活动5 健康达人我来当,output\教材封面\66\667ad24e-b3dc-3bef-ccc0-003c6a656c99.jpg,True
dc9c827b-a15d-7e98-9728-d6ee47ae9bb0,,,,,,活动6 数字设备规范用,output\教材封面\dc\dc9c827b-a15d-7e98-9728-d6ee47ae9bb0.jpg,True
4ffa7df7-0e45-23f5-8154-5ccb7be5e63a,,,,,,活动7 公共场所守礼仪,output\教材封面\4f\4ffa7df7-0e45-23f5-8154-5ccb7be5e63a.jpg,True
71faf74c-b8eb-0d22-fd35-e880f8ea0819,,,,,,活动8 他人权益应尊重,output\教材封面\71\71faf74c-b8eb-0d22-fd35-e880f8ea0819.jpg,True
0747df33-1d9b-de90-4f36-53681c9dcddf,,,,,,活动9 在线行为风尚佳,output\教材封面\07\0747df33-1d9b-de90-4f36-53681c9dcddf.jpg,True
4446845c-b91a-858e-d10e-de6987be011e,,,,,,活动10 模范之星我来当,output\教材封面\44\4446845c-b91a-858e-d10e-de6987be011e.jpg,True
b9a6f06f-93d4-2bf6-b814-96ca2c98d0ff,,,,,,活动11 真真假假的信息,output\教材封面\b9\b9a6f06f-93d4-2bf6-b814-96ca2c98d0ff.jpg,True
31a1098d-ac1b-417a-7f58-2e2a3245709a,,,,,,活动13 隐私信息保护好,output\教材封面\31\31a1098d-ac1b-417a-7f58-2e2a3245709a.jpg,True
cc6368a4-81f5-251d-56be-0053324e15f3,,,,,,活动14 设置密码保安全,output\教材封面\cc\cc6368a4-81f5-251d-56be-0053324e15f3.jpg,True
6c83a0cf-5685-c2c8-e4d1-0da324bcd1a0,,,,,,活动15 保护信息好方法,output\教材封面\6c\6c83a0cf-5685-c2c8-e4d1-0da324bcd1a0.jpg,True
b41f1948-2b7c-23f1-bb2e-ebbabea0dbd9,,,,,,活动16 管理好生活信息,output\教材封面\b4\b41f1948-2b7c-23f1-bb2e-ebbabea0dbd9.jpg,True
8694f27f-0e69-242b-a0a1-5b4a340d2f54,,,,,,活动17 管理好手机信息,output\教材封面\86\8694f27f-0e69-242b-a0a1-5b4a340d2f54.jpg,True
86c73c9c-b6a4-2344-b70c-331ea0e6d0b7,,,,,,活动20 管理信息好习惯,output\教材封面\86\86c73c9c-b6a4-2344-b70c-331ea0e6d0b7.jpg,True
2275c37b-f420-670d-9c50-a3192c24eff8,,,,,,义务教育信息科技课程教学指南和配套课件使用说明,output\教材封面\22\2275c37b-f420-670d-9c50-a3192c24eff8.jpg,True
ecf054cc-edfb-2493-8dd1-233d9e079aaa,,,,,,义务教育信息科技教学指南 人工智能与智慧社会 人工智能专册,output\教材封面\ec\ecf054cc-edfb-2493-8dd1-233d9e079aaa.jpg,True
83e68dc8-4ea7-b35b-bfb2-5405c6910691,,,,,,第1课 身边的人工智能,output\教材封面\83\83e68dc8-4ea7-b35b-bfb2-5405c6910691.jpg,True
5ce80b10-f397-c7ae-4792-efb692e76278,,,,,,第2课 什么是人工智能,output\教材封面\5c\5ce80b10-f397-c7ae-4792-efb692e76278.jpg,True
ec9a4ba2-fadc-1df2-6474-5a6d9e01f002,,,,,,第3课 人工智能的实现方式,output\教材封面\ec\ec9a4ba2-fadc-1df2-6474-5a6d9e01f002.jpg,True
6a533d40-9375-1011-13e4-5f094e320799,,,,,,第4课 人工智能的技术基础,output\教材封面\6a\6a533d40-9375-1011-13e4-5f094e320799.jpg,True
d27c610b-a5f3-1309-bd98-9cc6b4da125c,,,,,,第5课 文本处理的基本单位,output\教材封面\d2\d27c610b-a5f3-1309-bd98-9cc6b4da125c.jpg,True
9a2d8cfb-7c33-615f-6b06-cbcd109f1a07,,,,,,第6课 统计与文本生成,output\教材封面\9a\9a2d8cfb-7c33-615f-6b06-cbcd109f1a07.jpg,True
c2152955-5a5a-5921-7967-09592410db7d,,,,,,第9课 文本生成的影响因素,output\教材封面\c2\c2152955-5a5a-5921-7967-09592410db7d.jpg,True
29255093-a9c6-cc95-a877-7ded9dc4602b,,,,,,第10课 图像特征的提取,output\教材封面\29\29255093-a9c6-cc95-a877-7ded9dc4602b.jpg,True
6810a6ae-ccb6-4185-4f4e-e5b647066de6,,,,,,第11课 图像的风格迁移,output\教材封面\68\6810a6ae-ccb6-4185-4f4e-e5b647066de6.jpg,True
073fd387-dd7f-9b19-199a-e97808a4e496,,,,,,第12课 图像的生成方式,output\教材封面\07\073fd387-dd7f-9b19-199a-e97808a4e496.jpg,True
a00affb8-d969-9210-742f-71331d9a053a,,,,,,第13课 根据文字生成图像,output\教材封面\a0\a00affb8-d969-9210-742f-71331d9a053a.jpg,True
40d9de19-d3ee-12c0-af72-7fae668e4e1d,,,,,,第14课 声音的智能生成,output\教材封面\40\40d9de19-d3ee-12c0-af72-7fae668e4e1d.jpg,True
f4913f6a-f342-15b6-4d5c-5b22159da9f6,,,,,,第15课 视频的智能生成,output\教材封面\f4\f4913f6a-f342-15b6-4d5c-5b22159da9f6.jpg,True
559a9c49-41b8-f107-f997-fd41e87738df,,,,,,第18课 分类辅助推理,output\教材封面\55\559a9c49-41b8-f107-f997-fd41e87738df.jpg,True
0e88d891-ee6f-8a73-b102-73fceb93fb75,,,,,,第19课 聚类辅助推理,output\教材封面\0e\0e88d891-ee6f-8a73-b102-73fceb93fb75.jpg,True
4e20981f-2417-d893-f563-91b52be3c2b5,,,,,,第20课 会”思考“的推理模型,output\教材封面\4e\4e20981f-2417-d893-f563-91b52be3c2b5.jpg,True
c8487036-f357-f429-a73f-57d748871f44,,,,,,第21课 智慧社会与个人生活,output\教材封面\c8\c8487036-f357-f429-a73f-57d748871f44.jpg,True
d017b3fc-70c2-b181-26fc-934757fb4e88,,,,,,第22课 智慧社会与智能创新,output\教材封面\d0\d017b3fc-70c2-b181-26fc-934757fb4e88.jpg,True
286e982a-c1b5-b52f-9319-0a735c9a8bfd,,,,,,第24课 智能向善与伦理道德,output\教材封面\28\286e982a-c1b5-b52f-9319-0a735c9a8bfd.jpg,True
c8202c2d-0072-067d-abe8-8eb675006afd,,,,,,第25课 与机器下井字棋,output\教材封面\c8\c8202c2d-0072-067d-abe8-8eb675006afd.jpg,True
e9791867-92e2-fa4d-4322-7d54cb40f5e6,,,,,,第27课 智能环境播报助手,output\教材封面\e9\e9791867-92e2-fa4d-4322-7d54cb40f5e6.jpg,True
655b89d8-db2c-5c8f-c8bf-4f5ef2e65c74,,,,,,第28课 人脸识别,output\教材封面\65\655b89d8-db2c-5c8f-c8bf-4f5ef2e65c74.jpg,True
656f58a1-1b17-e4cf-5d52-0b058b79a72f,,,,,,第29课 手写数字识别,output\教材封面\65\656f58a1-1b17-e4cf-5d52-0b058b79a72f.jpg,True
ac359ab3-aa86-dac7-0dde-befd73753bad,,,,,,第30课 训练模型玩游戏,output\教材封面\ac\ac359ab3-aa86-dac7-0dde-befd73753bad.jpg,True
c871b848-0488-4e94-8265-163ad45a237b,,,,,,活动6  能说会写表心愿,output\教材封面\c8\c871b848-0488-4e94-8265-163ad45a237b.jpg,True
bbd67275-0f01-487c-9437-ebd169657b9f,,,,,,活动13 有趣图片表心情,output\教材封面\bb\bbd67275-0f01-487c-9437-ebd169657b9f.jpg,True
676ebd50-016b-4b1c-99c3-0b14825873d1,,,,,,活动15 自助服务数字化,output\教材封面\67\676ebd50-016b-4b1c-99c3-0b14825873d1.jpg,True
7857255c-9e7d-4d36-99fd-9caa8394c9ea,,,,,,活动12 真假信息须分辨,output\教材封面\78\7857255c-9e7d-4d36-99fd-9caa8394c9ea.jpg,True
361241d7-ccf7-4a5b-8c66-df3b80d70e7a,,,,,,活动19 创建个人文件夹,output\教材封面\36\361241d7-ccf7-4a5b-8c66-df3b80d70e7a.jpg,True
f6391ce6-24cb-4890-9379-229d5a088933,,,,,,活动18 管理计算机信息,output\教材封面\f6\f6391ce6-24cb-4890-9379-229d5a088933.jpg,True
3202e297-43a8-4ef7-8117-d6bbf492c0ca,,,,,,第31课 人与机器的感知,output\教材封面\32\3202e297-43a8-4ef7-8117-d6bbf492c0ca.jpg,True
1b57676e-1426-45af-97b5-4fdcf5a3588a,,,,,,第32课 机器学习靠数据,output\教材封面\1b\1b57676e-1426-45af-97b5-4fdcf5a3588a.jpg,True
891d6990-42af-4543-8afd-6cead3f3c593,,,,,,第34课 争当安全小卫士,output\教材封面\89\891d6990-42af-4543-8afd-6cead3f3c593.jpg,True
f97aa418-0eea-4cba-8ffe-af107e33a7c2,,,,,,第33课 机器学习有训练,output\教材封面\f9\f97aa418-0eea-4cba-8ffe-af107e33a7c2.jpg,True
4fd73366-d169-41d9-8e15-1e5c8b092485,,,,,,第7课 文本的语义编码,output\教材封面\4f\4fd73366-d169-41d9-8e15-1e5c8b092485.jpg,True
736a4b58-e4c9-4399-a6fd-631751ea3ff7,,,,,,第8课 注意力与文本生成,output\教材封面\73\736a4b58-e4c9-4399-a6fd-631751ea3ff7.jpg,True
78478806-9aea-4817-86bb-6916dacbb63e,,,,,,第17课 知识图谱与智能推理,output\教材封面\78\78478806-9aea-4817-86bb-6916dacbb63e.jpg,True
df526aa2-b1e4-4675-a4d0-028ac1ccff86,,,,,,第23课 智慧社会与智能治理,output\教材封面\df\df526aa2-b1e4-4675-a4d0-028ac1ccff86.jpg,True
a819817b-c91c-44b3-915d-bd3a95cb8f88,,,,,,第26课 推荐出行方式,output\教材封面\a8\a819817b-c91c-44b3-915d-bd3a95cb8f88.jpg,True
be3a2552-dd15-497a-95a0-b768990821c6,,,,,,第16课 决策树与智能推理,output\教材封面\be\be3a2552-dd15-497a-95a0-b768990821c6.jpg,True
cdee1c54-de3d-4556-adc1-0671680f335a,小学,英语,六年级,上册,湘少版,义务教育教科书·英语（三年级起点）六年级上册,output\教材封面\cd\cdee1c54-de3d-4556-adc1-0671680f335a.jpg,True
b5668abb-e4a2-4900-8a30-1b2f395bf70a,小学,英语,五年级,上册,湘少版,义务教育教科书·英语（三年级起点）五年级上册,output\教材封面\b5\b5668abb-e4a2-4900-8a30-1b2f395bf70a.jpg,True
ec3945f9-9e54-f3f1-471c-45d9675fa73b,初中（五•四学制）,英语,六年级,下册,沪教版,（根据2022年版课程标准修订）义务教育教科书（五·四学制）·英语 六年级下册,output\教材封面\ec\ec3945f9-9e54-f3f1-471c-45d9675fa73b.jpg,True
5f72a1e5-6754-7c81-9759-b7f310b16263,初中（五•四学制）,英语,七年级,下册,沪教版,（根据2022年版课程标准修订）义务教育教科书（五·四学制）·英语 七年级下册,output\教材封面\5f\5f72a1e5-6754-7c81-9759-b7f310b16263.jpg,True
a5e66ba2-d435-9e52-1dc4-0034467293d2,初中（五•四学制）,英语,八年级,下册,沪教版,（根据2022年版课程标准修订）义务教育教科书（五·四学制）·英语 八年级下册,output\教材封面\a5\a5e66ba2-d435-9e52-1dc4-0034467293d2.jpg,True
65a59980-6e5c-7f76-82e8-ab16222baafb,初中,英语,七年级,下册,沪教版,（根据2022年版课程标准修订）义务教育教科书·英语七年级下册,output\教材封面\65\65a59980-6e5c-7f76-82e8-ab16222baafb.jpg,True
01fbdbb6-97a5-0271-dc38-e56d78e2521a,初中,法语,八年级,法语I（下册）,外研社版,（根据2022年版课程标准修订）普通中学教科书·法语 必修I下册,output\教材封面\01\01fbdbb6-97a5-0271-dc38-e56d78e2521a.jpg,True
21ac0504-011c-d201-fae3-e74b4f5034a0,高中,法语,高二年级,法语IV（下册）,外研社版,（根据2022年版课程标准修订）普通中学教科书·法语 选择性必修IV下册,output\教材封面\21\21ac0504-011c-d201-fae3-e74b4f5034a0.jpg,True
c43f0839-b613-ea31-394d-d72638065b59,初中,法语,八年级,下册,沪外教版,（根据2022年版课程标准修订）普通中学教科书•法语_八年级_法语I（下册）,output\教材封面\c4\c43f0839-b613-ea31-394d-d72638065b59.jpg,True
9016baf6-76b4-3124-378e-5c674a07114f,高中,法语,高二年级,法语IV（下册）,沪外教版,（根据2022年版课程标准修订）普通中学教科书•法语_高二年级_法语IV（下册）,output\教材封面\90\9016baf6-76b4-3124-378e-5c674a07114f.jpg,True
4e8f8b48-72af-e009-9928-9ced0d6d97c3,小学,英语,三年级,下册,人教大同版,（根据2022年版课程标准修订）义务教育教科书·英语 三年级 下册,output\教材封面\4e\4e8f8b48-72af-e009-9928-9ced0d6d97c3.jpg,True
8c7c9b7f-6491-83a4-ce6e-5183fc23b379,小学,英语,四年级,下册,人教大同版,（根据2022年版课程标准修订）义务教育教科书·英语 四年级 下册,output\教材封面\8c\8c7c9b7f-6491-83a4-ce6e-5183fc23b379.jpg,True
c2c5a5fb-12ea-27bf-cc0d-203da8b438d7,初中,俄语,八年级,下册,人教版,（根据2022年版课程标准修订）义务教育教科书 俄语 八年级 下册,output\教材封面\c2\c2c5a5fb-12ea-27bf-cc0d-203da8b438d7.jpg,True
e9dada20-1e27-199b-54f3-75971224b388,初中,西班牙语,八年级,必修Ⅱ（下册）,外研社版,（根据2022年版课程标准修订）普通中学教科书·西班牙语 必修II下册,output\教材封面\e9\e9dada20-1e27-199b-54f3-75971224b388.jpg,True
c73f5af3-ee29-93b4-6bad-23449872f384,高中,西班牙语,高二年级,选择性必修 第三册,外研社版,（根据2022年版课程标准修订）普通中学教科书·西班牙语 选择性必修第三册,output\教材封面\c7\c73f5af3-ee29-93b4-6bad-23449872f384.jpg,True
2463d5ae-7d08-086f-3f84-32b826077ee3,高中,西班牙语,高二年级,选择性必修 第四册,外研社版,（根据2022年版课程标准修订）普通中学教科书·西班牙语 选择性必修第四册,output\教材封面\24\2463d5ae-7d08-086f-3f84-32b826077ee3.jpg,True
b4614c06-dfa9-4084-a648-03f2d48bcb8b,初中,德语,八年级,C4,外研社版,（根据2022年版课程标准修订）普通中学教科书·德语 必修 C4,output\教材封面\b4\b4614c06-dfa9-4084-a648-03f2d48bcb8b.jpg,True
132dd1f4-f988-43bb-ab9a-c3aad3c93420,小学,英语,三年级,下册,沪教版,（根据2022年版课程标准修订）义务教育教科书·英语三年级下册,output\教材封面\13\132dd1f4-f988-43bb-ab9a-c3aad3c93420.jpg,True
5f12c902-f141-4ae2-9dcb-e2c504a7783b,初中,英语,七年级,下册,人教版,（根据2022年版课程标准修订）义务教育教科书·英语 七年级 下册,output\教材封面\5f\5f12c902-f141-4ae2-9dcb-e2c504a7783b.jpg,True
9eb54ff2-1c7b-4441-abff-c44b714a2302,小学,英语,三年级,下册,人教版（PEP）（主编：吴欣）,（根据2022年版课程标准修订）义务教育教科书·英语 三年级 下册,output\教材封面\9e\9eb54ff2-1c7b-4441-abff-c44b714a2302.jpg,True
3bf2b43c-b596-4be5-870d-6f6d811b726f,小学,英语,三年级,下册,人教版（精通）（主编：苗兴伟）,（根据2022年版课程标准修订）义务教育教科书·英语 三年级 下册,output\教材封面\3b\3bf2b43c-b596-4be5-870d-6f6d811b726f.jpg,True
ea0ee632-314b-40a2-8a58-b745cbfa7960,小学,英语,四年级,下册,人教版（精通）（主编：苗兴伟）,（根据2022年版课程标准修订）义务教育教科书·英语 四年级 下册,output\教材封面\ea\ea0ee632-314b-40a2-8a58-b745cbfa7960.jpg,True
e649624b-1c81-43b9-be1b-afc6a174f62e,小学,英语,三年级,下册,陕旅版,（根据2022年版课程标准修订）义务教育教科书·英语 三年级 下册,output\教材封面\e6\e649624b-1c81-43b9-be1b-afc6a174f62e.jpg,True
5b9deb85-4480-4103-8ed8-8b013847d95a,小学,英语,三年级,下册,北京版,（根据2022年版课程标准修订）义务教育教科书 英语 三年级 下册,output\教材封面\5b\5b9deb85-4480-4103-8ed8-8b013847d95a.jpg,True
1bacb19f-9a37-4aef-9d80-7784df28bce2,高中,德语,高二年级,G4,外研社版,（根据2022年版课程标准修订）普通中学教科书·德语 选择性必修 G4,output\教材封面\1b\1bacb19f-9a37-4aef-9d80-7784df28bce2.jpg,True
da3fcc69-c7e3-21b8-d757-8ab46af8a65c,特殊教育,生活数学,九年级,下册,,培智学校义务教育实验教科书 生活数学 九年级 下册,output\教材封面\da\da3fcc69-c7e3-21b8-d757-8ab46af8a65c.jpg,True
fdbe7ade-73d2-3a0a-cf41-ea60bd47a321,特殊教育,生活语文,九年级,下册,,培智学校义务教育实验教科书 生活语文 九年级 下册,output\教材封面\fd\fdbe7ade-73d2-3a0a-cf41-ea60bd47a321.jpg,True
820d591c-069f-e087-3b4f-0c4359ebe9db,特殊教育,道德与法治,六年级,下册,,聋校义务教育实验教科书 道德与法治 六年级 下册,output\教材封面\82\820d591c-069f-e087-3b4f-0c4359ebe9db.jpg,True
07d3012c-6567-bd02-5cc0-c97a8dbdf5a5,特殊教育,律动,一年级,下册,,聋校义务教育实验教科书 律动 一年级 下册,output\教材封面\07\07d3012c-6567-bd02-5cc0-c97a8dbdf5a5.jpg,True
52b642e9-498b-3eff-1900-60b3b5542c01,特殊教育,律动,二年级,下册,,聋校义务教育实验教科书 律动 二年级 下册,,False
0540b6b1-0c53-6048-092c-90a51392b5f6,特殊教育,律动,三年级,下册,,聋校义务教育实验教科书 律动 三年级 下册,output\教材封面\05\0540b6b1-0c53-6048-092c-90a51392b5f6.jpg,True
e53a4ad5-2096-b3f8-a2a2-014859f31b8e,特殊教育,美术,八年级,下册,,聋校义务教育实验教科书 美术 八年级 下册,output\教材封面\e5\e53a4ad5-2096-b3f8-a2a2-014859f31b8e.jpg,True
c8a2391a-bda5-8337-6bcb-ad7aee52b797,特殊教育,美术,九年级,上册,,聋校义务教育实验教科书 美术 九年级 上册,output\教材封面\c8\c8a2391a-bda5-8337-6bcb-ad7aee52b797.jpg,True
d864edf3-974d-82fa-906e-335d9d3ee9f5,特殊教育,美术,九年级,下册,,聋校义务教育实验教科书 美术 九年级 下册,output\教材封面\d8\d864edf3-974d-82fa-906e-335d9d3ee9f5.jpg,True
89f20c0a-d072-889b-9463-fa3e92f1d0d2,特殊教育,生物学,七年级,下册,,聋校义务教育实验教科书 生物学 七年级 下册,output\教材封面\89\89f20c0a-d072-889b-9463-fa3e92f1d0d2.jpg,True
10fb209a-3d5a-ab8e-98ef-bd7707cd8b16,特殊教育,语文,九年级,下册,,聋校义务教育实验教科书 语文 九年级 下册,output\教材封面\10\10fb209a-3d5a-ab8e-98ef-bd7707cd8b16.jpg,True
27333a96-6aa9-a8e4-a83a-898590909941,初中（五•四学制）,生物学,八年级,下册,沪教版,（根据2022年版课程标准修订）义务教育教科书（五•四学制）•生物学八年级下册,output\教材封面\27\27333a96-6aa9-a8e4-a83a-898590909941.jpg,True
bdc8b993-74aa-06eb-b42e-fb6772885c00,初中（五•四学制）,艺术·美术,八年级,下册,沪书画版,（根据2022年版课程标准修订）义务教育教科书（五•四学制）•美术八年级下册,output\教材封面\bd\bdc8b993-74aa-06eb-b42e-fb6772885c00.jpg,True
0a2941b7-84ac-5e87-eca7-131fc484f898,初中（五•四学制）,艺术·舞蹈/影视/戏剧,八年级,下册,沪教版,（根据2022年版课程标准修订）义务教育教科书（五•四学制）•艺术•戏剧（含戏曲）八年级下册,output\教材封面\0a\0a2941b7-84ac-5e87-eca7-131fc484f898.jpg,True
c3ccf4f3-d0c6-8e1e-be49-58639a6fae87,初中（五•四学制）,艺术·舞蹈/影视/戏剧,八年级,下册,沪教版,（根据2022年版课程标准修订）义务教育教科书（五•四学制）•舞蹈八年级下册,output\教材封面\c3\c3ccf4f3-d0c6-8e1e-be49-58639a6fae87.jpg,True
d7e0301b-ad56-f3f8-ce32-15557099fb56,初中（五•四学制）,艺术·舞蹈/影视/戏剧,八年级,下册,沪教版,（根据2022年版课程标准修订）义务教育教科书（五•四学制）•艺术•影视（含数字媒体艺术）八年级下册,output\教材封面\d7\d7e0301b-ad56-f3f8-ce32-15557099fb56.jpg,True
5fb5850d-fbad-37a8-e6fa-3eb79d1a0350,初中（五•四学制）,艺术·音乐,八年级,下册,沪音版,（根据2022年版课程标准修订）义务教育教科书（五•四学制）•音乐八年级下册,output\教材封面\5f\5fb5850d-fbad-37a8-e6fa-3eb79d1a0350.jpg,True
b37544fe-3eb4-4998-6928-168e31a5effc,初中（五•四学制）,数学,八年级,下册,沪教版,（根据2022年版课程标准修订）义务教育教科书（五•四学制）•数学八年级下册,output\教材封面\b3\b37544fe-3eb4-4998-6928-168e31a5effc.jpg,True
91c824ab-4983-62fd-c264-3b2fe8a5881f,初中（五•四学制）,物理,九年级,下册,沪科技版,（根据2022年版课程标准修订）义务教育教科书（五•四学制）•物理九年级下册,output\教材封面\91\91c824ab-4983-62fd-c264-3b2fe8a5881f.jpg,True
1070ec67-a1b0-2851-e686-1cd7a4a6fd76,小学（五•四学制）,科学,二年级,下册,沪科技版,（根据2022年版课程标准修订）义务教育教科书（五•四学制）•科学二年级下册,output\教材封面\10\1070ec67-a1b0-2851-e686-1cd7a4a6fd76.jpg,True
8cd0d42f-1979-4d21-b5c9-d9e88b09b92a,小学（五•四学制）,艺术·美术,二年级,下册,沪书画版,（根据2022年版课程标准修订）义务教育教科书（五•四学制）•艺术•美术二年级下册,output\教材封面\8c\8cd0d42f-1979-4d21-b5c9-d9e88b09b92a.jpg,True
2c7532d3-063e-48b7-4567-8a11d05df982,小学（五•四学制）,艺术·音乐,二年级,下册,沪音版,（根据2022年版课程标准修订）义务教育教科书（五•四学制）•艺术•音乐二年级下册,output\教材封面\2c\2c7532d3-063e-48b7-4567-8a11d05df982.jpg,True
dd9095f9-d3db-9a03-a80b-4fbb97ef68b8,小学（五•四学制）,数学,二年级,下册,沪教版,（根据2022年版课程标准修订）义务教育教科书（五•四学制）•数学二年级下册,output\教材封面\dd\dd9095f9-d3db-9a03-a80b-4fbb97ef68b8.jpg,True
9203c8b0-6087-a700-820d-79dbcbe69eb1,小学,科学,六年级,下册,教科版,义务教育教科书·科学·学生活动手册六年级下册,output\教材封面\92\9203c8b0-6087-a700-820d-79dbcbe69eb1.jpg,True
60c6a312-ca33-463f-d2e5-925046fe09e0,小学,科学,六年级,下册,青岛版,义务教育教科书·科学·学生活动手册六年级下册,output\教材封面\60\60c6a312-ca33-463f-d2e5-925046fe09e0.jpg,True
89dea921-822c-a205-a327-6fcabfe4832c,小学,艺术·美术,二年级,下册,人美版（主编：黄宗贤）,（根据2022年版课程标准修订）义务教育教科书•艺术•美术二年级下册,output\教材封面\89\89dea921-822c-a205-a327-6fcabfe4832c.jpg,True
adf04b45-5a2b-ae6a-53de-07e60e96205a,小学,艺术·美术,三年级,下册,人美版（主编：黄宗贤）,（根据2022年版课程标准修订）义务教育教科书•艺术•美术三年级下册,output\教材封面\ad\adf04b45-5a2b-ae6a-53de-07e60e96205a.jpg,True
8f8b9f7c-113b-646c-62a1-409474bbac88,小学,英语,四年级,下册,粤教沪外教版,（根据2022年版课程标准修订）义务教育教科书·英语 四年级下册,output\教材封面\8f\8f8b9f7c-113b-646c-62a1-409474bbac88.jpg,True
e7cf1b69-fa7b-19c5-6201-623f10c364b8,小学,英语,四年级,下册,外研社版（主编：孙有中）,（根据2022年版课程标准修订）义务教育教科书·英语 四年级下册,output\教材封面\e7\e7cf1b69-fa7b-19c5-6201-623f10c364b8.jpg,True
2e4a649a-af6f-0905-9693-5c5c93548622,小学,英语,五年级,下册,外研社版（主编：孙有中）,（根据2022年版课程标准修订）义务教育教科书·英语 五年级下册,output\教材封面\2e\2e4a649a-af6f-0905-9693-5c5c93548622.jpg,True
d3bacb13-07ee-0fd8-0e38-fda3a9a6abca,小学,英语,四年级,下册,外研社版(主编：张祖春）,（根据2022年版课程标准修订）义务教育教科书·英语 四年级下册,output\教材封面\d3\d3bacb13-07ee-0fd8-0e38-fda3a9a6abca.jpg,True
d209146e-6db4-cced-8c19-36ad9b6d71a1,小学,艺术·音乐,一年级,下册,人音版（五线谱）（主编：李心草）,（根据2022年版课程标准修订）义务教育教科书•艺术•音乐（五线谱）（李心草）一年级下册,output\教材封面\d2\d209146e-6db4-cced-8c19-36ad9b6d71a1.jpg,True
0174eafd-2f3c-10a2-4baf-9de7d6939238,小学,艺术·音乐,二年级,下册,人音版（五线谱）（主编：李心草）,（根据2022年版课程标准修订）义务教育教科书•艺术•音乐（五线谱）（李心草）二年级下册,output\教材封面\01\0174eafd-2f3c-10a2-4baf-9de7d6939238.jpg,True
b2b25769-17ad-d5e9-4604-9367c1fd6ea5,小学,艺术·音乐,三年级,下册,人音版（五线谱）（主编：李心草）,（根据2022年版课程标准修订）义务教育教科书•艺术•音乐（五线谱）（李心草）三年级下册,output\教材封面\b2\b2b25769-17ad-d5e9-4604-9367c1fd6ea5.jpg,True
613b885e-1e06-82d2-02dc-4309bf54d7d0,小学,艺术·音乐,二年级,下册,鄂教版,（根据2022年版课程标准修订）义务教育教科书•艺术•音乐（简谱）二年级下册,output\教材封面\61\613b885e-1e06-82d2-02dc-4309bf54d7d0.jpg,True
a9b3fd32-aa86-4c0f-722a-047e1084c911,小学,艺术·音乐,三年级,下册,鄂教版,（根据2022年版课程标准修订）义务教育教科书•艺术•音乐（简谱）三年级下册,output\教材封面\a9\a9b3fd32-aa86-4c0f-722a-047e1084c911.jpg,True
05b2dd12-daac-bc0f-7f77-b42b2e3c667b,小学,艺术·音乐,二年级,下册,教科版,（根据2022年版课程标准修订）义务教育教科书•艺术•音乐二年级下册,output\教材封面\05\05b2dd12-daac-bc0f-7f77-b42b2e3c667b.jpg,True
ab36c696-05b2-e28b-994b-88af8b5634e4,小学,艺术·音乐,三年级,下册,教科版,（根据2022年版课程标准修订）义务教育教科书•艺术•音乐三年级下册,output\教材封面\ab\ab36c696-05b2-e28b-994b-88af8b5634e4.jpg,True
9e8db782-a5e8-9ac6-d358-d1a07e5f4457,小学,艺术·音乐,二年级,下册,人音版（主编：赵季平，杜永寿）,（根据2022年版课程标准修订）义务教育教科书•艺术•音乐（五线谱）（赵季平，杜永寿）二年级下册,output\教材封面\9e\9e8db782-a5e8-9ac6-d358-d1a07e5f4457.jpg,True
e6cba88c-a7c1-e47a-e8bf-9fc7097aefab,小学,艺术·音乐,二年级,下册,人音版（主编：赵季平，杜永寿）,（根据2022年版课程标准修订）义务教育教科书•艺术•音乐（简谱）（赵季平，杜永寿）二年级下册,output\教材封面\e6\e6cba88c-a7c1-e47a-e8bf-9fc7097aefab.jpg,True
b6aa8ec7-53a8-7472-ac90-c20812e6102c,小学,艺术·音乐,三年级,下册,人音版（主编：赵季平，杜永寿）,（根据2022年版课程标准修订）义务教育教科书•艺术•音乐（简谱）（赵季平，杜永寿）三年级下册,output\教材封面\b6\b6aa8ec7-53a8-7472-ac90-c20812e6102c.jpg,True
a3c90e50-97cf-bd49-d081-89e2e7cf0570,小学,艺术·音乐,三年级,下册,人音版（主编：赵季平，杜永寿）,（根据2022年版课程标准修订）义务教育教科书•艺术•音乐（五线谱）（赵季平，杜永寿）三年级下册,output\教材封面\a3\a3c90e50-97cf-bd49-d081-89e2e7cf0570.jpg,True
577a3d9d-feaf-7a58-1075-ee471b83c8d2,初中,艺术·美术,八年级,下册,人美版(主编：李滢),（根据2022年版课程标准修订）义务教育教科书•艺术•美术•八年级下册,output\教材封面\57\577a3d9d-feaf-7a58-1075-ee471b83c8d2.jpg,True
a8db0399-b2bb-289e-6908-994fab4070f1,初中,艺术·美术,八年级,下册,人美版(主编：陶涛),（根据2022年版课程标准修订）义务教育教科书•艺术•美术•八年级下册,output\教材封面\a8\a8db0399-b2bb-289e-6908-994fab4070f1.jpg,True
7d24cf0c-ffff-c829-ee11-d87f99be1eb4,初中,艺术·舞蹈/影视/戏剧,八年级,舞蹈下册,桂教版,（根据2022年版课程标准修订）义务教育教科书•艺术•舞蹈 八年级下册,output\教材封面\7d\7d24cf0c-ffff-c829-ee11-d87f99be1eb4.jpg,True
f5ea06c4-0b28-34c8-11b7-c8292d5f3ae2,初中,艺术·舞蹈/影视/戏剧,八年级,戏剧下册,桂教版,（根据2022年版课程标准修订）义务教育教科书•艺术•戏剧（含戏曲）八年级下册,output\教材封面\f5\f5ea06c4-0b28-34c8-11b7-c8292d5f3ae2.jpg,True
945ba85a-8757-41c6-2a6b-d92ec29e2887,初中,艺术·舞蹈/影视/戏剧,八年级,舞蹈下册,辽海版,（根据2022年版课程标准修订）义务教育教科书•艺术•舞蹈八年级下册,output\教材封面\94\945ba85a-8757-41c6-2a6b-d92ec29e2887.jpg,True
79819196-ffc2-8fdb-eaa1-237bd56379d8,初中,艺术·舞蹈/影视/戏剧,八年级,影视下册,辽海版,（根据2022年版课程标准修订）义务教育教科书•艺术•影视（含数字媒体艺术）九年级下册,output\教材封面\79\79819196-ffc2-8fdb-eaa1-237bd56379d8.jpg,True
2898a22e-d24a-b15d-b44e-6110b278c71b,初中,艺术·舞蹈/影视/戏剧,九年级,舞蹈下册,教科版,（根据2022年版课程标准修订）义务教育教科书•艺术•舞蹈九年级下册,output\教材封面\28\2898a22e-d24a-b15d-b44e-6110b278c71b.jpg,True
9418c12a-47f6-db29-1ead-d6ac594f7f69,初中,艺术·舞蹈/影视/戏剧,九年级,戏剧下册,教科版,（根据2022年版课程标准修订）义务教育教科书•艺术•戏剧（含戏曲）九年级下册,output\教材封面\94\9418c12a-47f6-db29-1ead-d6ac594f7f69.jpg,True
a944355c-c25a-3e59-8c06-6510b484a5ab,初中,艺术·舞蹈/影视/戏剧,九年级,影视下册,教科版,（根据2022年版课程标准修订）义务教育教科书•艺术•影视（含数字媒体艺术）九年级下册,output\教材封面\a9\a944355c-c25a-3e59-8c06-6510b484a5ab.jpg,True
02d12a3a-5e35-f9f3-f891-b039f59145b5,初中,艺术·舞蹈/影视/戏剧,八年级,影视下册,沪教版,（根据2022年版课程标准修订）义务教育教科书•艺术•影视（含数字媒体艺术）八年级下册,output\教材封面\02\02d12a3a-5e35-f9f3-f891-b039f59145b5.jpg,True
0c350bbe-3d51-8c31-d0c9-02674883f6ea,初中,艺术·舞蹈/影视/戏剧,八年级,舞蹈下册,粤教版,（根据2022年版课程标准修订）义务教育教科书 艺术 舞蹈 八年级 下册,output\教材封面\0c\0c350bbe-3d51-8c31-d0c9-02674883f6ea.jpg,True
acb72c48-2acb-4b55-2d1b-4a3db77961a1,初中,艺术·舞蹈/影视/戏剧,八年级,戏剧下册,粤教版,（根据2022年版课程标准修订）义务教育教科书•艺术•戏剧（含戏曲）八年级下册,output\教材封面\ac\acb72c48-2acb-4b55-2d1b-4a3db77961a1.jpg,True
30605abf-dd83-5d2f-e151-678158a3c0c7,初中,艺术·舞蹈/影视/戏剧,八年级,影视下册,粤教版,（根据2022年版课程标准修订）义务教育教科书•艺术•影视（含数字媒体艺术）八年级下册,output\教材封面\30\30605abf-dd83-5d2f-e151-678158a3c0c7.jpg,True
38bbd077-14ee-0cac-f5cd-de9342014087,初中,艺术·舞蹈/影视/戏剧,九年级,下册,苏少版,（根据2022年版课程标准修订）义务教育教科书•艺术•戏剧（含戏曲）九年级下册,output\教材封面\38\38bbd077-14ee-0cac-f5cd-de9342014087.jpg,True
f0365ca4-cabb-5e22-0635-b47e37c74b95,初中,艺术·舞蹈/影视/戏剧,九年级,下册,苏少版,（根据2022年版课程标准修订）义务教育教科书•艺术•影视（含数字媒体艺术）九年级下册,output\教材封面\f0\f0365ca4-cabb-5e22-0635-b47e37c74b95.jpg,True
96b47df7-025d-aef5-b49e-f86f7fe3129d,初中,艺术·舞蹈/影视/戏剧,九年级,下册,苏少版,（根据2022年版课程标准修订）义务教育教科书•艺术•舞蹈九年级下册,output\教材封面\96\96b47df7-025d-aef5-b49e-f86f7fe3129d.jpg,True
c75593d4-e9ea-3c6d-d330-fe0b3885567f,初中,艺术·舞蹈/影视/戏剧,九年级,舞蹈下册,人美版,（根据2022年版课程标准修订）义务教育教科书•艺术•舞蹈九年级下册,output\教材封面\c7\c75593d4-e9ea-3c6d-d330-fe0b3885567f.jpg,True
6c17fe91-2c4b-cfc7-73fe-dd06bf19d4a1,初中,艺术·舞蹈/影视/戏剧,九年级,戏剧下册,人美版,（根据2022年版课程标准修订）义务教育教科书•艺术•戏剧（含戏曲）九年级下册,output\教材封面\6c\6c17fe91-2c4b-cfc7-73fe-dd06bf19d4a1.jpg,True
adb09c65-4923-5d22-82b1-5a6bcdee9b6a,初中,艺术·舞蹈/影视/戏剧,九年级,影视下册,人美版,（根据2022年版课程标准修订）义务教育教科书•艺术•影视（含数字媒体艺术）九年级下册,output\教材封面\ad\adb09c65-4923-5d22-82b1-5a6bcdee9b6a.jpg,True
6a08db6a-2f8d-3198-8711-aeb2194c8599,初中,艺术·舞蹈/影视/戏剧,八年级,舞蹈下册,冀少版,（根据2022年版课程标准修订）义务教育教科书•艺术•舞蹈八年级下册,output\教材封面\6a\6a08db6a-2f8d-3198-8711-aeb2194c8599.jpg,True
447a7d20-ad20-8df6-9ed5-842e7310fc31,初中,艺术·舞蹈/影视/戏剧,八年级,戏剧下册,冀少版,（根据2022年版课程标准修订）义务教育教科书•艺术•戏剧（含戏曲）八年级下册,output\教材封面\44\447a7d20-ad20-8df6-9ed5-842e7310fc31.jpg,True
81698aea-b985-2370-1302-6d444fb935d9,初中,艺术·舞蹈/影视/戏剧,八年级,影视下册,冀少版,（根据2022年版课程标准修订）义务教育教科书•艺术•影视（含数字媒体艺术）八年级下册,output\教材封面\81\81698aea-b985-2370-1302-6d444fb935d9.jpg,True
45d18dfa-aa3a-6c68-d819-33f679732896,初中,艺术·舞蹈/影视/戏剧,八年级,舞蹈下册,岭南美版,（根据2022年版课程标准修订）义务教育教科书•艺术•舞蹈_八年级下册,output\教材封面\45\45d18dfa-aa3a-6c68-d819-33f679732896.jpg,True
9929e39d-a0cd-9956-c2c2-9b590461ec27,初中,艺术·舞蹈/影视/戏剧,八年级,戏剧下册,岭南美版,（根据2022年版课程标准修订）义务教育教科书•艺术•戏剧（含戏曲）八年级下册,output\教材封面\99\9929e39d-a0cd-9956-c2c2-9b590461ec27.jpg,True
8b03a4ad-45e0-f505-b151-364a8513c6df,初中,艺术·舞蹈/影视/戏剧,八年级,影视下册,岭南美版,（根据2022年版课程标准修订）义务教育教科书•艺术•影视（含数字媒体艺术）八年级下册,output\教材封面\8b\8b03a4ad-45e0-f505-b151-364a8513c6df.jpg,True
223ea628-bbe5-813c-1bb0-af7fca5faac0,初中,艺术·舞蹈/影视/戏剧,九年级,下册,湘文艺版,（根据2022年版课程标准修订）义务教育教科书•艺术•影视（含数字媒体艺术）九年级下册,output\教材封面\22\223ea628-bbe5-813c-1bb0-af7fca5faac0.jpg,True
0dacf953-5250-53c4-4874-8516bbe4efbc,初中,艺术·舞蹈/影视/戏剧,九年级,下册,湘文艺版,（根据2022年版课程标准修订）义务教育教科书•艺术•舞蹈九年级下册,output\教材封面\0d\0dacf953-5250-53c4-4874-8516bbe4efbc.jpg,True
508056cb-c4b6-9992-731f-6ca23c9bc3d7,初中,艺术·舞蹈/影视/戏剧,九年级,下册,湘文艺版,（根据2022年版课程标准修订）义务教育教科书•艺术•戏剧（含戏曲）九年级下册,output\教材封面\50\508056cb-c4b6-9992-731f-6ca23c9bc3d7.jpg,True
963492ea-cf6e-7415-8102-12b7e46b0e0a,初中,艺术·舞蹈/影视/戏剧,九年级,下册,湘美版,（根据2022年版课程标准修订）义务教育教科书•艺术•舞蹈九年级下册,output\教材封面\96\963492ea-cf6e-7415-8102-12b7e46b0e0a.jpg,True
a5c5c7c8-1a1f-4989-6f06-3a4241472926,初中,艺术·舞蹈/影视/戏剧,九年级,下册,湘美版,（根据2022年版课程标准修订）义务教育教科书•艺术•影视（含数字媒体艺术）九年级下册,output\教材封面\a5\a5c5c7c8-1a1f-4989-6f06-3a4241472926.jpg,True
c92dae80-f84b-a945-84d9-e654fff6118f,初中,艺术·舞蹈/影视/戏剧,九年级,下册,湘美版,（根据2022年版课程标准修订）义务教育教科书•艺术•戏剧（含戏曲）九年级下册,output\教材封面\c9\c92dae80-f84b-a945-84d9-e654fff6118f.jpg,True
240fd965-9105-4620-607e-c43596acc41a,初中,艺术·舞蹈/影视/戏剧,八年级,下册,湘美版,（根据2022年版课程标准修订）义务教育教科书•艺术•影视（含数字媒体艺术）八年级下册,output\教材封面\24\240fd965-9105-4620-607e-c43596acc41a.jpg,True
0e80fac0-70a7-859c-20d9-3143414c03dd,初中,艺术·舞蹈/影视/戏剧,八年级,下册,湘美版,（根据2022年版课程标准修订）义务教育教科书•艺术•舞蹈八年级下册,output\教材封面\0e\0e80fac0-70a7-859c-20d9-3143414c03dd.jpg,True
5fde38cd-ae94-e537-dd59-7f1daa87ac6c,初中,艺术·舞蹈/影视/戏剧,八年级,舞蹈下册,赣美版,（根据2022年版课程标准修订）义务教育教科书•艺术•舞蹈_八年级下册,output\教材封面\5f\5fde38cd-ae94-e537-dd59-7f1daa87ac6c.jpg,True
2bdb35b6-e295-9c6d-1d7a-fcc8ba63207c,初中,艺术·舞蹈/影视/戏剧,八年级,戏剧下册,赣美版,（根据2022年版课程标准修订）义务教育教科书•艺术•戏剧（含戏曲）八年级下册,output\教材封面\2b\2bdb35b6-e295-9c6d-1d7a-fcc8ba63207c.jpg,True
aa64be82-a279-d0c6-1565-174d456819c7,初中,艺术·舞蹈/影视/戏剧,八年级,影视下册,赣美版,（根据2022年版课程标准修订）艺术•影视（含数字媒体艺术）八年级下册,output\教材封面\aa\aa64be82-a279-d0c6-1565-174d456819c7.jpg,True
b0ff6cd8-c595-1f73-d08a-4095578fb1f0,初中,艺术·舞蹈/影视/戏剧,八年级,舞蹈下册,西南大学版,（根据2022年版课程标准修订）义务教育教科书•艺术•舞蹈_八年级下册,output\教材封面\b0\b0ff6cd8-c595-1f73-d08a-4095578fb1f0.jpg,True
16587e1d-7b29-bc94-6e44-e3bc3ace4dc5,初中,艺术·舞蹈/影视/戏剧,八年级,戏剧下册,西南大学版,（根据2022年版课程标准修订）义务教育教科书•艺术•戏剧（含戏曲）八年级下册,output\教材封面\16\16587e1d-7b29-bc94-6e44-e3bc3ace4dc5.jpg,True
3bd19788-2d29-3b24-2ea3-75403d6de344,初中,艺术·舞蹈/影视/戏剧,八年级,影视下册,西南大学版,（根据2022年版课程标准修订）义务教育教科书•艺术•影视（含数字媒体艺术）八年级下册,output\教材封面\3b\3bd19788-2d29-3b24-2ea3-75403d6de344.jpg,True
26b889c3-cbd5-719c-bf3c-6c91c986d75c,初中,艺术·舞蹈/影视/戏剧,九年级,下册,人教版,（根据2022年版课程标准修订）义务教育教科书 艺术 舞蹈 九年级 下册,output\教材封面\26\26b889c3-cbd5-719c-bf3c-6c91c986d75c.jpg,True
e9866f8b-6c10-c09a-0d7e-51362855e4c7,初中,艺术·舞蹈/影视/戏剧,九年级,戏剧下册,人教版,（根据2022年版课程标准修订）义务教育教科书 艺术 戏剧 九年级 下册,output\教材封面\e9\e9866f8b-6c10-c09a-0d7e-51362855e4c7.jpg,True
fe7e7dbb-b879-1030-e87e-8bdbf8111575,初中,艺术·舞蹈/影视/戏剧,九年级,影视下册,人教版,（根据2022年版课程标准修订）义务教育教科书 艺术 影视（含数字媒体艺术） 九年级 下册,output\教材封面\fe\fe7e7dbb-b879-1030-e87e-8bdbf8111575.jpg,True
e97b46fe-ed57-9d08-5533-60ff4bb437ae,初中,英语,八年级,下册,外研社版（主编：孙有中）,（根据2022年版课程标准修订）义务教育教科书·英语 八年级下册,output\教材封面\e9\e97b46fe-ed57-9d08-5533-60ff4bb437ae.jpg,True
cd119c2a-8d83-7c8a-830d-224f19743abd,初中,艺术·音乐,七年级,下册,人音版（五线谱）（主编：李心草）,（根据2022年版课程标准修订）义务教育教科书•艺术•音乐（五线谱）（李心草）七年级下册,output\教材封面\cd\cd119c2a-8d83-7c8a-830d-224f19743abd.jpg,True
d9438518-f8c1-970e-a8f1-85af63863a86,初中,艺术·音乐,八年级,下册,人音版（五线谱）（主编：李心草）,（根据2022年版课程标准修订）义务教育教科书•艺术•音乐（五线谱）（李心草）八年级下册,output\教材封面\d9\d9438518-f8c1-970e-a8f1-85af63863a86.jpg,True
ca25db4c-cc96-4466-18cf-0b068a0338ed,初中,艺术·音乐,八年级,下册,鄂教版,（根据2022年版课程标准修订）义务教育教科书•艺术•音乐（简谱）八年级下册,output\教材封面\ca\ca25db4c-cc96-4466-18cf-0b068a0338ed.jpg,True
1c5d7f1d-ba07-faa1-7c9e-186a7c24f24e,初中,艺术·音乐,八年级,下册,教科版,（根据2022年版课程标准修订）义务教育教科书•艺术•音乐八年级下册,output\教材封面\1c\1c5d7f1d-ba07-faa1-7c9e-186a7c24f24e.jpg,True
59a94e0e-3844-2183-d74d-ca2e9f757d21,初中,艺术·音乐,八年级,下册,人音版（主编：赵季平，杜永寿）,（根据2022年版课程标准修订）义务教育教科书•艺术•音乐（简谱）（赵季平，杜永寿）八年级下册,output\教材封面\59\59a94e0e-3844-2183-d74d-ca2e9f757d21.jpg,True
d1696134-0199-3ff0-6785-1976d84e11a4,初中,艺术·音乐,八年级,下册,人音版（主编：赵季平，杜永寿）,（根据2022年版课程标准修订）义务教育教科书•艺术•音乐（五线谱）（赵季平，杜永寿）八年级下册,output\教材封面\d1\d1696134-0199-3ff0-6785-1976d84e11a4.jpg,True
99cfbf74-fae2-cbd7-a2fb-5939f99646d5,初中（五•四学制）,英语,六年级,下册,教科版,（根据2022年版课程标准修订）义务教育教科书（五•四学制）·英语六年级下册,output\教材封面\99\99cfbf74-fae2-cbd7-a2fb-5939f99646d5.jpg,True
69b32404-5891-6e16-5ef3-f7cfdd520e39,小学,英语,三年级,下册,粤教沪外教版,（根据2022年版课程标准修订）义务教育教科书·英语 三年级下册,output\教材封面\69\69b32404-5891-6e16-5ef3-f7cfdd520e39.jpg,True
8096f798-4e9e-7d9e-2494-2aab025ce254,小学,英语,三年级,下册,接力社版,（根据2022年版课程标准修订）义务教育教科书•英语三年级下册,output\教材封面\80\8096f798-4e9e-7d9e-2494-2aab025ce254.jpg,True
db32f64d-4d65-393f-a3d9-911180426e9d,小学,英语,三年级,下册,湘少版,（根据2022年版课程标准修订）义务教育教科书·英语 三年级下册,output\教材封面\db\db32f64d-4d65-393f-a3d9-911180426e9d.jpg,True
5748808c-2751-f91a-5124-b1182414449f,小学,英语,三年级,下册,辽宁师大版,（根据2022年版课程标准修订）义务教育教科书·英语 三年级下册,output\教材封面\57\5748808c-2751-f91a-5124-b1182414449f.jpg,True
6f91cdd6-99b8-63fd-5c1a-7ac5a56be009,小学,英语,三年级,下册,北师大版,（根据2022年版课程标准修订）义务教育教科书 英语 三年级下册,output\教材封面\6f\6f91cdd6-99b8-63fd-5c1a-7ac5a56be009.jpg,True
f8344d21-4e85-4a71-5f02-b4ecae943972,初中,英语,七年级,下册,冀教版,（根据2022年版课程标准修订）义务教育教科书·英语七年级下册,output\教材封面\f8\f8344d21-4e85-4a71-5f02-b4ecae943972.jpg,True
33469df9-57bf-d078-af19-1de3dbfabfe0,初中,英语,七年级,下册,北师大版,（根据2022年版课程标准修订）义务教育教科书·英语 七年级 下册,output\教材封面\33\33469df9-57bf-d078-af19-1de3dbfabfe0.jpg,True
c1a23e1e-a239-1533-bf2f-18332a4f7355,小学,英语,三年级,下册,译林版,（根据2022年版课程标准修订）义务教育教科书 英语 三年级 下册,output\教材封面\c1\c1a23e1e-a239-1533-bf2f-18332a4f7355.jpg,True
e0574c1e-8df4-bc8e-7f77-ed160b407ad5,小学,英语,三年级,下册,闽教版,（根据2022年版课程标准修订）义务教育教科书·英语 三年级 下册,output\教材封面\e0\e0574c1e-8df4-bc8e-7f77-ed160b407ad5.jpg,True
a70bcbcd-12f9-3dd5-8616-9c387bb53f9e,小学,英语,三年级,下册,川教版,（根据2022年版课程标准修订）义务教育教科书·英语 三年级 下册,output\教材封面\a7\a70bcbcd-12f9-3dd5-8616-9c387bb53f9e.jpg,True
908567fb-3ad3-c299-d075-6129c64f9aa9,小学,英语,三年级,下册,外研社版（主编：刘兆义）,（根据2022年版课程标准修订）义务教育教科书·英语 三年级 下册,output\教材封面\90\908567fb-3ad3-c299-d075-6129c64f9aa9.jpg,True
80a9d47b-a6c9-36c5-cd53-ba5ac343f971,初中,英语,七年级,下册,外研社版（主编：孙有中）,（根据2022年版课程标准修订）义务教育教科书·英语 七年级 下册,output\教材封面\80\80a9d47b-a6c9-36c5-cd53-ba5ac343f971.jpg,True
20ff0bbe-d00b-f588-9ce0-21db5939d570,小学,英语,三年级,下册,科普版,（根据2022年版课程标准修订）义务教育教科书·英语 三年级 下册,output\教材封面\20\20ff0bbe-d00b-f588-9ce0-21db5939d570.jpg,True
a0edf423-c4de-7780-672f-010b0c8a6f83,初中,英语,七年级,下册,科普版,（根据2022年版课程标准修订）义务教育教科书·英语 七年级 下册,output\教材封面\a0\a0edf423-c4de-7780-672f-010b0c8a6f83.jpg,True
a77ccfa5-bd84-9ed2-05e1-21ca37b41443,小学,英语,三年级,上册,外研社版(主编：张祖春）,（根据2022年版课程标准修订）义务教育教科书·英语 三年级 上册,output\教材封面\a7\a77ccfa5-bd84-9ed2-05e1-21ca37b41443.jpg,True
4a407446-9342-02c5-710f-4e23e0895377,小学,英语,三年级,下册,外研社版(主编：张祖春）,（根据2022年版课程标准修订）义务教育教科书·英语 三年级 下册,output\教材封面\4a\4a407446-9342-02c5-710f-4e23e0895377.jpg,True
005f2d22-4be8-7f2f-3507-a8f160885567,小学,英语,四年级,下册,接力社版,（根据2022年版课程标准修订）义务教育教科书·英语 四年级 下册,output\教材封面\00\005f2d22-4be8-7f2f-3507-a8f160885567.jpg,True
cf006d93-fbec-0d59-f36e-2253fd4bb09c,小学,英语,三年级,下册,外研社版（主编：孙有中）,（根据2022年版课程标准修订）义务教育教科书·英语 三年级 下册,output\教材封面\cf\cf006d93-fbec-0d59-f36e-2253fd4bb09c.jpg,True
7e2320b6-ca51-9980-0eea-a53d8c364a10,初中（五•四学制）,英语,六年级,下册,鲁教版,（根据2022年版课程标准修订）义务教育教科书·英语 六年级 下册,output\教材封面\7e\7e2320b6-ca51-9980-0eea-a53d8c364a10.jpg,True
8b7b834d-6a81-f67e-ce56-446b708b13dc,小学（五•四学制）,英语,三年级,下册,鲁科版,（根据2022年版课程标准修订）义务教育教科书（五•四学制）·英语 三年级 下册,output\教材封面\8b\8b7b834d-6a81-f67e-ce56-446b708b13dc.jpg,True
02ba2e07-e12a-4db3-b1c4-827e20e86f84,小学,英语,三年级,下册,冀教版,（根据2022年版课程标准修订）义务教育教科书·英语 三年级 下册,output\教材封面\02\02ba2e07-e12a-4db3-b1c4-827e20e86f84.jpg,True
53da2063-eb61-46c7-8bbd-e6fd498ff6eb,初中,艺术·舞蹈/影视/戏剧,八年级,下册,人美版,（根据2022年版课程标准修订）义务教育教科书•艺术•戏剧（含戏曲）八年级下册,output\教材封面\53\53da2063-eb61-46c7-8bbd-e6fd498ff6eb.jpg,True
f523653d-552c-45c9-93af-087d263afec6,初中,艺术·舞蹈/影视/戏剧,八年级,下册,人美版,（根据2022年版课程标准修订）义务教育教科书•艺术•影视（含数字媒体艺术）八年级下册,output\教材封面\f5\f523653d-552c-45c9-93af-087d263afec6.jpg,True
dfcffeb5-11b8-4959-8753-9c455bb86f97,初中,艺术·舞蹈/影视/戏剧,八年级,下册,人美版,（根据2022年版课程标准修订）义务教育教科书•艺术•舞蹈八年级下册,output\教材封面\df\dfcffeb5-11b8-4959-8753-9c455bb86f97.jpg,True
71a148b6-1c03-4f09-b6ee-2966325dffa1,初中,艺术·舞蹈/影视/戏剧,八年级,戏剧下册,桂美版,（根据2022年版课程标准修订）义务教育教科书•艺术•戏剧（含戏曲）八年级下册,output\教材封面\71\71a148b6-1c03-4f09-b6ee-2966325dffa1.jpg,True
a607d655-8995-4378-83a3-28919325228b,初中（五•四学制）,道德与法治,六年级,全一册,统编版,（根据2022年版课程标准修订）义务教育教科书（五·四学制） 道德与法治 六年级全一册,output\教材封面\a6\a607d655-8995-4378-83a3-28919325228b.jpg,True
e87a217b-7e40-4ac1-9531-e6e6fb6cddf3,初中,英语,七年级,下册,译林版,（根据2022年版课程标准修订）义务教育教科书·英语 七年级下册,output\教材封面\e8\e87a217b-7e40-4ac1-9531-e6e6fb6cddf3.jpg,True
